run_id;first_var;order_str;time_s;crit_total;max_memory_mb;leads;variable_order
1;sc;sc_sa_sd_ca_cc_cb_cd_sb;997.1078502309974;6270;422.84765625;cb**2, sd**2, sc*sd, sa**2, sc**2, ca*cb*sb, sd*cb*sb, sa*cb*sb, sc*cb*sb, cc**2*sb, ca*cc*sb, sd*cc*sb, sa*cc*sb, sc*cc*sb, ca**2*sb, sd*ca*sb, sa*ca*sb, sc*ca*sb, sa*sd*sb, sc*sa*sb, cd**3, cb*cd**2, cc*cd**2, ca*cd**2, sd*cd**2, sa*cd**2, sc*cd**2, cc*cb*cd, ca*cb*cd, sd*cb*cd, sa*cb*cd, sc*cb*cd, cc**2*cd, ca*cc*cd, sd*cc*cd, sa*cc*cd, sc*cc*cd, ca**2*cd, sd*ca*cd, sa*ca*cd, sc*ca*cd, sa*sd*cd, sc*sa*cd, cc**2*cb, ca*cc*cb, sd*cc*cb, sa*cc*cb, sc*cc*cb, ca**2*cb, sd*ca*cb, sa*ca*cb, sc*ca*cb, sa*sd*cb, sc*sa*cb, cc**3, ca*cc**2, sd*cc**2, sa*cc**2, sc*cc**2, ca**2*cc, sd*ca*cc, sa*ca*cc, sc*ca*cc, sa*sd*cc, sc*sa*cc, ca**3, sd*ca**2, sa*ca**2, sc*ca**2, sa*sd*ca, sc*sa*ca, sb**4, cd*sb**3, cb*sb**3, cc*sb**3, ca*sb**3, sd*sb**3, sa*sb**3, sc*sb**3, cd**2*sb**2, cb*cd*sb**2, cc*cd*sb**2, ca*cd*sb**2, sd*cd*sb**2, sa*cd*sb**2, sc*cd*sb**2, cc*cb*sb**2;['sc', 'sa', 'sd', 'ca', 'cc', 'cb', 'cd', 'sb']
2;sb;sb_cd_cb_ca_sd_sc_sa_cc;364.20739234401844;5675;422.84765625;sc**2, sd*sc, ca**2, cd**2, sb**2, cb*sc*cc, cd*sc*cc, sb*sc*cc, sd**2*cc, ca*sd*cc, cb*sd*cc, cd*sd*cc, sb*sd*cc, cb*ca*cc, cd*ca*cc, sb*ca*cc, cb**2*cc, cd*cb*cc, sb*cb*cc, sb*cd*cc, sa**3, sc*sa**2, sd*sa**2, ca*sa**2, cb*sa**2, cd*sa**2, sb*sa**2, ca*sc*sa, cb*sc*sa, cd*sc*sa, sb*sc*sa, sd**2*sa, ca*sd*sa, cb*sd*sa, cd*sd*sa, sb*sd*sa, cb*ca*sa, cd*ca*sa, sb*ca*sa, cb**2*sa, cd*cb*sa, sb*cb*sa, sb*cd*sa, cb*ca*sc, cd*ca*sc, sb*ca*sc, cb**2*sc, cd*cb*sc, sb*cb*sc, sb*cd*sc, sd**3, ca*sd**2, cb*sd**2, cd*sd**2, sb*sd**2, cb*ca*sd, cd*ca*sd, sb*ca*sd, cb**2*sd, cd*cb*sd, sb*cb*sd, sb*cd*sd, cb**2*ca, cd*cb*ca, sb*cb*ca, sb*cd*ca, cb**3, cd*cb**2, sb*cb**2, sb*cd*cb, cc**4, sa*cc**3, sc*cc**3, sd*cc**3, ca*cc**3, cb*cc**3, cd*cc**3, sb*cc**3, sa**2*cc**2, sc*sa*cc**2, sd*sa*cc**2, ca*sa*cc**2, cb*sa*cc**2, cd*sa*cc**2, sb*sa*cc**2, ca*sc*cc**2;['sb', 'cd', 'cb', 'ca', 'sd', 'sc', 'sa', 'cc']
3;sc;sc_sb_sd_ca_sa_cd_cc_cb;779.7509681810043;6475;432.1171875;ca**2, sd**2, sc*sd, sb**2, sc**2, sa*cd*cb, ca*cd*cb, sd*cd*cb, sb*cd*cb, sc*cd*cb, sa**2*cb, ca*sa*cb, sd*sa*cb, sb*sa*cb, sc*sa*cb, sd*ca*cb, sb*ca*cb, sc*ca*cb, sb*sd*cb, sc*sb*cb, cc**3, cd*cc**2, sa*cc**2, ca*cc**2, sd*cc**2, sb*cc**2, sc*cc**2, cd**2*cc, sa*cd*cc, ca*cd*cc, sd*cd*cc, sb*cd*cc, sc*cd*cc, sa**2*cc, ca*sa*cc, sd*sa*cc, sb*sa*cc, sc*sa*cc, sd*ca*cc, sb*ca*cc, sc*ca*cc, sb*sd*cc, sc*sb*cc, cd**3, sa*cd**2, ca*cd**2, sd*cd**2, sb*cd**2, sc*cd**2, sa**2*cd, ca*sa*cd, sd*sa*cd, sb*sa*cd, sc*sa*cd, sd*ca*cd, sb*ca*cd, sc*ca*cd, sb*sd*cd, sc*sb*cd, sa**3, ca*sa**2, sd*sa**2, sb*sa**2, sc*sa**2, sd*ca*sa, sb*ca*sa, sc*ca*sa, sb*sd*sa, sc*sb*sa, sb*sd*ca, sc*sb*ca, cb**4, cc*cb**3, cd*cb**3, sa*cb**3, ca*cb**3, sd*cb**3, sb*cb**3, sc*cb**3, cc**2*cb**2, cd*cc*cb**2, sa*cc*cb**2, ca*cc*cb**2, sd*cc*cb**2, sb*cc*cb**2, sc*cc*cb**2, cd**2*cb**2;['sc', 'sb', 'sd', 'ca', 'sa', 'cd', 'cc', 'cb']
4;cd;cd_cc_ca_cb_sb_sc_sd_sa;1689.5365464669885;6399;854.76171875;cb**2, ca**2, cc**2, cd*cc, cd**2, sb*sc*sa, cb*sc*sa, ca*sc*sa, cc*sc*sa, cd*sc*sa, sb**2*sa, cb*sb*sa, ca*sb*sa, cc*sb*sa, cd*sb*sa, ca*cb*sa, cc*cb*sa, cd*cb*sa, cc*ca*sa, cd*ca*sa, sd**3, sc*sd**2, sb*sd**2, cb*sd**2, ca*sd**2, cc*sd**2, cd*sd**2, sc**2*sd, sb*sc*sd, cb*sc*sd, ca*sc*sd, cc*sc*sd, cd*sc*sd, sb**2*sd, cb*sb*sd, ca*sb*sd, cc*sb*sd, cd*sb*sd, ca*cb*sd, cc*cb*sd, cd*cb*sd, cc*ca*sd, cd*ca*sd, sc**3, sb*sc**2, cb*sc**2, ca*sc**2, cc*sc**2, cd*sc**2, sb**2*sc, cb*sb*sc, ca*sb*sc, cc*sb*sc, cd*sb*sc, ca*cb*sc, cc*cb*sc, cd*cb*sc, cc*ca*sc, cd*ca*sc, sb**3, cb*sb**2, ca*sb**2, cc*sb**2, cd*sb**2, ca*cb*sb, cc*cb*sb, cd*cb*sb, cc*ca*sb, cd*ca*sb, cc*ca*cb, cd*ca*cb, sa**4, sd*sa**3, sc*sa**3, sb*sa**3, cb*sa**3, ca*sa**3, cc*sa**3, cd*sa**3, sd**2*sa**2, sc*sd*sa**2, sb*sd*sa**2, cb*sd*sa**2, ca*sd*sa**2, cc*sd*sa**2, cd*sd*sa**2, sc**2*sa**2;['cd', 'cc', 'ca', 'cb', 'sb', 'sc', 'sd', 'sa']
5;cb;cb_cd_cc_ca_sa_sc_sb_sd;833.7402407580521;6584;854.76171875;ca**2, cc**2, cd*cc, cd**2, cb**2, sc**2*sd, ca*sc*sd, cc*sc*sd, cd*sc*sd, cb*sc*sd, sa**2*sd, ca*sa*sd, cc*sa*sd, cd*sa*sd, cb*sa*sd, cc*ca*sd, cd*ca*sd, cb*ca*sd, cb*cc*sd, cb*cd*sd, sb**3, sc*sb**2, sa*sb**2, ca*sb**2, cc*sb**2, cd*sb**2, cb*sb**2, sc**2*sb, sa*sc*sb, ca*sc*sb, cc*sc*sb, cd*sc*sb, cb*sc*sb, sa**2*sb, ca*sa*sb, cc*sa*sb, cd*sa*sb, cb*sa*sb, cc*ca*sb, cd*ca*sb, cb*ca*sb, cb*cc*sb, cb*cd*sb, sc**3, sa*sc**2, ca*sc**2, cc*sc**2, cd*sc**2, cb*sc**2, sa**2*sc, ca*sa*sc, cc*sa*sc, cd*sa*sc, cb*sa*sc, cc*ca*sc, cd*ca*sc, cb*ca*sc, cb*cc*sc, cb*cd*sc, sa**3, ca*sa**2, cc*sa**2, cd*sa**2, cb*sa**2, cc*ca*sa, cd*ca*sa, cb*ca*sa, cb*cc*sa, cb*cd*sa, cb*cc*ca, cb*cd*ca, sd**4, sb*sd**3, sc*sd**3, sa*sd**3, ca*sd**3, cc*sd**3, cd*sd**3, cb*sd**3, sb**2*sd**2, sc*sb*sd**2, sa*sb*sd**2, ca*sb*sd**2, cc*sb*sd**2, cd*sb*sd**2, cb*sb*sd**2, sa*sc*sd**2;['cb', 'cd', 'cc', 'ca', 'sa', 'sc', 'sb', 'sd']
6;cc;cc_sa_ca_sb_sd_sc_cb_cd;371.60215342702577;5773;605.1953125;sd*sc, sd**2, sb**2, sa**2, cc**2, sc**2*cd, ca*sc*cd, sa*sc*cd, cc*sc*cd, sb*sd*cd, ca*sd*cd, sa*sd*cd, cc*sd*cd, ca*sb*cd, sa*sb*cd, cc*sb*cd, ca**2*cd, sa*ca*cd, cc*ca*cd, cc*sa*cd, cb**3, sc*cb**2, sd*cb**2, sb*cb**2, ca*cb**2, sa*cb**2, cc*cb**2, sc**2*cb, sb*sc*cb, ca*sc*cb, sa*sc*cb, cc*sc*cb, sb*sd*cb, ca*sd*cb, sa*sd*cb, cc*sd*cb, ca*sb*cb, sa*sb*cb, cc*sb*cb, ca**2*cb, sa*ca*cb, cc*ca*cb, cc*sa*cb, sc**3, sb*sc**2, ca*sc**2, sa*sc**2, cc*sc**2, ca*sb*sc, sa*sb*sc, cc*sb*sc, ca**2*sc, sa*ca*sc, cc*ca*sc, cc*sa*sc, ca*sb*sd, sa*sb*sd, cc*sb*sd, ca**2*sd, sa*ca*sd, cc*ca*sd, cc*sa*sd, ca**2*sb, sa*ca*sb, cc*ca*sb, cc*sa*sb, ca**3, sa*ca**2, cc*ca**2, cc*sa*ca, cd**4, cb*cd**3, sc*cd**3, sd*cd**3, sb*cd**3, ca*cd**3, sa*cd**3, cc*cd**3, cb**2*cd**2, sc*cb*cd**2, sd*cb*cd**2, sb*cb*cd**2, ca*cb*cd**2, sa*cb*cd**2, cc*cb*cd**2, sb*sc*cd**2;['cc', 'sa', 'ca', 'sb', 'sd', 'sc', 'cb', 'cd']
7;cb;cb_cd_sb_sd_cc_ca_sa_sc;510.30030924401945;6501;601.2578125;ca**2, cc**2, cd*cc, cd**2, cb**2, sd*ca*sc, sb*ca*sc, cd*ca*sc, cb*ca*sc, sd*cc*sc, sb*cc*sc, cb*cc*sc, sd**2*sc, sb*sd*sc, cd*sd*sc, cb*sd*sc, sb**2*sc, cd*sb*sc, cb*sb*sc, cb*cd*sc, sa**3, ca*sa**2, cc*sa**2, sd*sa**2, sb*sa**2, cd*sa**2, cb*sa**2, cc*ca*sa, sd*ca*sa, sb*ca*sa, cd*ca*sa, cb*ca*sa, sd*cc*sa, sb*cc*sa, cb*cc*sa, sd**2*sa, sb*sd*sa, cd*sd*sa, cb*sd*sa, sb**2*sa, cd*sb*sa, cb*sb*sa, cb*cd*sa, sd*cc*ca, sb*cc*ca, cb*cc*ca, sd**2*ca, sb*sd*ca, cd*sd*ca, cb*sd*ca, sb**2*ca, cd*sb*ca, cb*sb*ca, cb*cd*ca, sd**2*cc, sb*sd*cc, cb*sd*cc, sb**2*cc, cb*sb*cc, sd**3, sb*sd**2, cd*sd**2, cb*sd**2, sb**2*sd, cd*sb*sd, cb*sb*sd, cb*cd*sd, sb**3, cd*sb**2, cb*sb**2, cb*cd*sb, sc**4, sa*sc**3, ca*sc**3, cc*sc**3, sd*sc**3, sb*sc**3, cd*sc**3, cb*sc**3, sa**2*sc**2, ca*sa*sc**2, cc*sa*sc**2, sd*sa*sc**2, sb*sa*sc**2, cd*sa*sc**2, cb*sa*sc**2, cc*ca*sc**2;['cb', 'cd', 'sb', 'sd', 'cc', 'ca', 'sa', 'sc']
8;sa;sa_sd_cd_cc_sc_sb_cb_ca;533.202876758005;5397;600.2734375;sb**2, cc**2, cd*cc, sd**2, sa**2, cc*sb*ca, cd*sb*ca, sd*sb*ca, sa*sb*ca, sc**2*ca, cc*sc*ca, cd*sc*ca, sd*sc*ca, sa*sc*ca, sd*cc*ca, sa*cc*ca, cd**2*ca, sd*cd*ca, sa*cd*ca, sa*sd*ca, cb**3, sb*cb**2, sc*cb**2, cc*cb**2, cd*cb**2, sd*cb**2, sa*cb**2, sc*sb*cb, cc*sb*cb, cd*sb*cb, sd*sb*cb, sa*sb*cb, sc**2*cb, cc*sc*cb, cd*sc*cb, sd*sc*cb, sa*sc*cb, sd*cc*cb, sa*cc*cb, cd**2*cb, sd*cd*cb, sa*cd*cb, sa*sd*cb, sc**2*sb, cc*sc*sb, cd*sc*sb, sd*sc*sb, sa*sc*sb, sd*cc*sb, sa*cc*sb, cd**2*sb, sd*cd*sb, sa*cd*sb, sa*sd*sb, sc**3, cc*sc**2, cd*sc**2, sd*sc**2, sa*sc**2, sd*cc*sc, sa*cc*sc, cd**2*sc, sd*cd*sc, sa*cd*sc, sa*sd*sc, sa*sd*cc, cd**3, sd*cd**2, sa*cd**2, sa*sd*cd, ca**4, cb*ca**3, sb*ca**3, sc*ca**3, cc*ca**3, cd*ca**3, sd*ca**3, sa*ca**3, cb**2*ca**2, sb*cb*ca**2, sc*cb*ca**2, cc*cb*ca**2, cd*cb*ca**2, sd*cb*ca**2, sa*cb*ca**2, sc*sb*ca**2;['sa', 'sd', 'cd', 'cc', 'sc', 'sb', 'cb', 'ca']
9;sc;sc_ca_cc_sa_sd_cb_cd_sb;986.4788633059943;6391;600.2734375;cb**2, sd**2, sc*sd, ca**2, sc**2, sa*cb*sb, cc*cb*sb, ca*cb*sb, sc*cb*sb, sa*sd*sb, cc*sd*sb, ca*sd*sb, sa**2*sb, cc*sa*sb, ca*sa*sb, sc*sa*sb, cc**2*sb, ca*cc*sb, sc*cc*sb, sc*ca*sb, cd**3, cb*cd**2, sd*cd**2, sa*cd**2, cc*cd**2, ca*cd**2, sc*cd**2, sd*cb*cd, sa*cb*cd, cc*cb*cd, ca*cb*cd, sc*cb*cd, sa*sd*cd, cc*sd*cd, ca*sd*cd, sa**2*cd, cc*sa*cd, ca*sa*cd, sc*sa*cd, cc**2*cd, ca*cc*cd, sc*cc*cd, sc*ca*cd, sa*sd*cb, cc*sd*cb, ca*sd*cb, sa**2*cb, cc*sa*cb, ca*sa*cb, sc*sa*cb, cc**2*cb, ca*cc*cb, sc*cc*cb, sc*ca*cb, sa**2*sd, cc*sa*sd, ca*sa*sd, cc**2*sd, ca*cc*sd, sa**3, cc*sa**2, ca*sa**2, sc*sa**2, cc**2*sa, ca*cc*sa, sc*cc*sa, sc*ca*sa, cc**3, ca*cc**2, sc*cc**2, sc*ca*cc, sb**4, cd*sb**3, cb*sb**3, sd*sb**3, sa*sb**3, cc*sb**3, ca*sb**3, sc*sb**3, cd**2*sb**2, cb*cd*sb**2, sd*cd*sb**2, sa*cd*sb**2, cc*cd*sb**2, ca*cd*sb**2, sc*cd*sb**2, sd*cb*sb**2;['sc', 'ca', 'cc', 'sa', 'sd', 'cb', 'cd', 'sb']
10;cd;cd_sa_ca_cb_sb_sd_sc_cc;323.1796245419537;4766;598.3046875;sc**2, sd*sc, cb**2, sa**2, cd**2, cd*sc*cc, sd**2*cc, cd*sd*cc, sb**2*cc, cb*sb*cc, ca*sb*cc, sa*sb*cc, cd*sb*cc, ca*cb*cc, sa*cb*cc, cd*cb*cc, ca**2*cc, sa*ca*cc, cd*ca*cc, cd*sa*cc, sb**2*sc, cb*sb*sc, ca*sb*sc, sa*sb*sc, cd*sb*sc, ca*cb*sc, sa*cb*sc, cd*cb*sc, ca**2*sc, sa*ca*sc, cd*ca*sc, cd*sa*sc, sd**3, sb*sd**2, cb*sd**2, ca*sd**2, sa*sd**2, cd*sd**2, sb**2*sd, cb*sb*sd, ca*sb*sd, sa*sb*sd, cd*sb*sd, ca*cb*sd, sa*cb*sd, cd*cb*sd, ca**2*sd, sa*ca*sd, cd*ca*sd, cd*sa*sd, sb**3, cb*sb**2, ca*sb**2, sa*sb**2, cd*sb**2, ca*cb*sb, sa*cb*sb, cd*cb*sb, ca**2*sb, sa*ca*sb, cd*ca*sb, cd*sa*sb, ca**2*cb, sa*ca*cb, cd*ca*cb, cd*sa*cb, ca**3, sa*ca**2, cd*ca**2, cd*sa*ca, cc**4, sc*cc**3, sd*cc**3, sb*cc**3, cb*cc**3, ca*cc**3, sa*cc**3, cd*cc**3, sb*sc*cc**2, cb*sc*cc**2, ca*sc*cc**2, sa*sc*cc**2, sb*sd*cc**2, cb*sd*cc**2, ca*sd*cc**2, sa*sd*cc**2;['cd', 'sa', 'ca', 'cb', 'sb', 'sd', 'sc', 'cc']
11;sd;sd_sa_ca_cb_cc_cd_sc_sb;792.7181209749542;6034;597.58203125;cc*cd, cc**2, cb**2, sa**2, sd**2, cb*cd*sb, ca*cd*sb, sa*cd*sb, sd*cd*sb, cb*cc*sb, ca*cc*sb, sa*cc*sb, sd*cc*sb, ca*cb*sb, sa*cb*sb, sd*cb*sb, ca**2*sb, sa*ca*sb, sd*ca*sb, sd*sa*sb, sc**3, cd*sc**2, cc*sc**2, cb*sc**2, ca*sc**2, sa*sc**2, sd*sc**2, cd**2*sc, cb*cd*sc, ca*cd*sc, sa*cd*sc, sd*cd*sc, cb*cc*sc, ca*cc*sc, sa*cc*sc, sd*cc*sc, ca*cb*sc, sa*cb*sc, sd*cb*sc, ca**2*sc, sa*ca*sc, sd*ca*sc, sd*sa*sc, cd**3, cb*cd**2, ca*cd**2, sa*cd**2, sd*cd**2, ca*cb*cd, sa*cb*cd, sd*cb*cd, ca**2*cd, sa*ca*cd, sd*ca*cd, sd*sa*cd, ca*cb*cc, sa*cb*cc, sd*cb*cc, ca**2*cc, sa*ca*cc, sd*ca*cc, sd*sa*cc, ca**2*cb, sa*ca*cb, sd*ca*cb, sd*sa*cb, ca**3, sa*ca**2, sd*ca**2, sd*sa*ca, sb**4, sc*sb**3, cd*sb**3, cc*sb**3, cb*sb**3, ca*sb**3, sa*sb**3, sd*sb**3, sc**2*sb**2, cd*sc*sb**2, cc*sc*sb**2, cb*sc*sb**2, ca*sc*sb**2, sa*sc*sb**2, sd*sc*sb**2, cd**2*sb**2;['sd', 'sa', 'ca', 'cb', 'cc', 'cd', 'sc', 'sb']
12;cb;cb_cc_sb_ca_sa_sd_sc_cd;650.5286117650103;5349;597.58203125;sd*sc, sd**2, ca**2, cc**2, cb**2, sc**2*cd, cc*sc*cd, cc*sd*cd, sa**2*cd, ca*sa*cd, sb*sa*cd, cc*sa*cd, cb*sa*cd, sb*ca*cd, cc*ca*cd, cb*ca*cd, sb**2*cd, cc*sb*cd, cb*sb*cd, cb*cc*cd, sc**3, sa*sc**2, ca*sc**2, sb*sc**2, cc*sc**2, cb*sc**2, sa**2*sc, ca*sa*sc, sb*sa*sc, cc*sa*sc, cb*sa*sc, sb*ca*sc, cc*ca*sc, cb*ca*sc, sb**2*sc, cc*sb*sc, cb*sb*sc, cb*cc*sc, sa**2*sd, ca*sa*sd, sb*sa*sd, cc*sa*sd, cb*sa*sd, sb*ca*sd, cc*ca*sd, cb*ca*sd, sb**2*sd, cc*sb*sd, cb*sb*sd, cb*cc*sd, sa**3, ca*sa**2, sb*sa**2, cc*sa**2, cb*sa**2, sb*ca*sa, cc*ca*sa, cb*ca*sa, sb**2*sa, cc*sb*sa, cb*sb*sa, cb*cc*sa, sb**2*ca, cc*sb*ca, cb*sb*ca, cb*cc*ca, sb**3, cc*sb**2, cb*sb**2, cb*cc*sb, cd**4, sc*cd**3, sd*cd**3, sa*cd**3, ca*cd**3, sb*cd**3, cc*cd**3, cb*cd**3, sa*sc*cd**2, ca*sc*cd**2, sb*sc*cd**2, cb*sc*cd**2, sa*sd*cd**2, ca*sd*cd**2, sb*sd*cd**2, cb*sd*cd**2;['cb', 'cc', 'sb', 'ca', 'sa', 'sd', 'sc', 'cd']
13;sa;sa_sc_sb_cc_cb_cd_ca_sd;648.8167566320044;5510;597.58203125;cd**2, cc*cd, sb**2, sc**2, sa**2, sb*cd*sd, sc*cd*sd, sa*cd*sd, cb**2*sd, cc*cb*sd, sb*cb*sd, sc*cb*sd, sa*cb*sd, cc**2*sd, sb*cc*sd, sc*cc*sd, sa*cc*sd, sc*sb*sd, sa*sb*sd, sa*sc*sd, ca**3, cd*ca**2, cb*ca**2, cc*ca**2, sb*ca**2, sc*ca**2, sa*ca**2, cb*cd*ca, sb*cd*ca, sc*cd*ca, sa*cd*ca, cb**2*ca, cc*cb*ca, sb*cb*ca, sc*cb*ca, sa*cb*ca, cc**2*ca, sb*cc*ca, sc*cc*ca, sa*cc*ca, sc*sb*ca, sa*sb*ca, sa*sc*ca, cb**2*cd, sb*cb*cd, sc*cb*cd, sa*cb*cd, sc*sb*cd, sa*sb*cd, sa*sc*cd, cb**3, cc*cb**2, sb*cb**2, sc*cb**2, sa*cb**2, cc**2*cb, sb*cc*cb, sc*cc*cb, sa*cc*cb, sc*sb*cb, sa*sb*cb, sa*sc*cb, cc**3, sb*cc**2, sc*cc**2, sa*cc**2, sc*sb*cc, sa*sb*cc, sa*sc*cc, sa*sc*sb, sd**4, ca*sd**3, cd*sd**3, cb*sd**3, cc*sd**3, sb*sd**3, sc*sd**3, sa*sd**3, ca**2*sd**2, cd*ca*sd**2, cb*ca*sd**2, cc*ca*sd**2, sb*ca*sd**2, sc*ca*sd**2, sa*ca*sd**2, cb*cd*sd**2;['sa', 'sc', 'sb', 'cc', 'cb', 'cd', 'ca', 'sd']
14;ca;ca_sa_cb_sb_sd_cc_cd_sc;279.8728069959907;4750;596.59765625;cc*cd, cc**2, sd**2, cb**2, ca**2, cd**2*sc, sd*cd*sc, sd*cc*sc, sb*sd*sc, cb*sd*sc, sa*sd*sc, ca*sd*sc, sb**2*sc, cb*sb*sc, sa*sb*sc, ca*sb*sc, sa*cb*sc, ca*cb*sc, sa**2*sc, ca*sa*sc, cd**3, sd*cd**2, sb*cd**2, cb*cd**2, sa*cd**2, ca*cd**2, sb*sd*cd, cb*sd*cd, sa*sd*cd, ca*sd*cd, sb**2*cd, cb*sb*cd, sa*sb*cd, ca*sb*cd, sa*cb*cd, ca*cb*cd, sa**2*cd, ca*sa*cd, sb*sd*cc, cb*sd*cc, sa*sd*cc, ca*sd*cc, sb**2*cc, cb*sb*cc, sa*sb*cc, ca*sb*cc, sa*cb*cc, ca*cb*cc, sa**2*cc, ca*sa*cc, sb**2*sd, cb*sb*sd, sa*sb*sd, ca*sb*sd, sa*cb*sd, ca*cb*sd, sa**2*sd, ca*sa*sd, sb**3, cb*sb**2, sa*sb**2, ca*sb**2, sa*cb*sb, ca*cb*sb, sa**2*sb, ca*sa*sb, sa**2*cb, ca*sa*cb, sa**3, ca*sa**2, sc**4, cd*sc**3, cc*sc**3, sd*sc**3, sb*sc**3, cb*sc**3, sa*sc**3, ca*sc**3, sb*cd*sc**2, cb*cd*sc**2, sa*cd*sc**2, ca*cd*sc**2, sb*cc*sc**2, cb*cc*sc**2, sa*cc*sc**2, ca*cc*sc**2;['ca', 'sa', 'cb', 'sb', 'sd', 'cc', 'cd', 'sc']
15;ca;ca_sb_sd_cb_sa_cd_cc_sc;563.9777543069795;4856;596.59765625;cc**2, cd*cc, sd**2, sb**2, ca**2, sd*cc*sc, cd**2*sc, sd*cd*sc, sa**2*sc, cb*sa*sc, sd*sa*sc, sb*sa*sc, ca*sa*sc, cb**2*sc, sd*cb*sc, sb*cb*sc, ca*cb*sc, sb*sd*sc, ca*sd*sc, ca*sb*sc, sa**2*cc, cb*sa*cc, sd*sa*cc, sb*sa*cc, ca*sa*cc, cb**2*cc, sd*cb*cc, sb*cb*cc, ca*cb*cc, sb*sd*cc, ca*sd*cc, ca*sb*cc, cd**3, sa*cd**2, cb*cd**2, sd*cd**2, sb*cd**2, ca*cd**2, sa**2*cd, cb*sa*cd, sd*sa*cd, sb*sa*cd, ca*sa*cd, cb**2*cd, sd*cb*cd, sb*cb*cd, ca*cb*cd, sb*sd*cd, ca*sd*cd, ca*sb*cd, sa**3, cb*sa**2, sd*sa**2, sb*sa**2, ca*sa**2, cb**2*sa, sd*cb*sa, sb*cb*sa, ca*cb*sa, sb*sd*sa, ca*sd*sa, ca*sb*sa, cb**3, sd*cb**2, sb*cb**2, ca*cb**2, sb*sd*cb, ca*sd*cb, ca*sb*cb, ca*sb*sd, sc**4, cc*sc**3, cd*sc**3, sa*sc**3, cb*sc**3, sd*sc**3, sb*sc**3, ca*sc**3, sa*cc*sc**2, cb*cc*sc**2, sb*cc*sc**2, ca*cc*sc**2, sa*cd*sc**2, cb*cd*sc**2, sb*cd*sc**2, ca*cd*sc**2;['ca', 'sb', 'sd', 'cb', 'sa', 'cd', 'cc', 'sc']
16;sa;sa_ca_sd_sc_cc_sb_cb_cd;1216.3053900370141;6797;596.59765625;sb**2, sc**2, sd*sc, sd**2, sa**2, sc*sb*cd, sd*sb*cd, ca*sb*cd, sa*sb*cd, cc**2*cd, sc*cc*cd, sd*cc*cd, ca*cc*cd, sa*cc*cd, ca*sc*cd, sa*sc*cd, ca*sd*cd, sa*sd*cd, ca**2*cd, sa*ca*cd, cb**3, sb*cb**2, cc*cb**2, sc*cb**2, sd*cb**2, ca*cb**2, sa*cb**2, cc*sb*cb, sc*sb*cb, sd*sb*cb, ca*sb*cb, sa*sb*cb, cc**2*cb, sc*cc*cb, sd*cc*cb, ca*cc*cb, sa*cc*cb, ca*sc*cb, sa*sc*cb, ca*sd*cb, sa*sd*cb, ca**2*cb, sa*ca*cb, cc**2*sb, sc*cc*sb, sd*cc*sb, ca*cc*sb, sa*cc*sb, ca*sc*sb, sa*sc*sb, ca*sd*sb, sa*sd*sb, ca**2*sb, sa*ca*sb, cc**3, sc*cc**2, sd*cc**2, ca*cc**2, sa*cc**2, ca*sc*cc, sa*sc*cc, ca*sd*cc, sa*sd*cc, ca**2*cc, sa*ca*cc, ca**2*sc, sa*ca*sc, ca**2*sd, sa*ca*sd, ca**3, sa*ca**2, cd**4, cb*cd**3, sb*cd**3, cc*cd**3, sc*cd**3, sd*cd**3, ca*cd**3, sa*cd**3, cb**2*cd**2, sb*cb*cd**2, cc*cb*cd**2, sc*cb*cd**2, sd*cb*cd**2, ca*cb*cd**2, sa*cb*cd**2, cc*sb*cd**2;['sa', 'ca', 'sd', 'sc', 'cc', 'sb', 'cb', 'cd']
17;sa;sa_cb_ca_sd_cd_cc_sb_sc;342.21185794996563;5506;594.62890625;cc**2, cd*cc, sd**2, cb**2, sa**2, sd*cc*sc, cb*cc*sc, sa*cc*sc, cd**2*sc, sd*cd*sc, ca*cd*sc, cb*cd*sc, sa*cd*sc, ca*sd*sc, cb*sd*sc, sa*sd*sc, ca**2*sc, cb*ca*sc, sa*ca*sc, sa*cb*sc, sb**3, cc*sb**2, cd*sb**2, sd*sb**2, ca*sb**2, cb*sb**2, sa*sb**2, sd*cc*sb, ca*cc*sb, cb*cc*sb, sa*cc*sb, cd**2*sb, sd*cd*sb, ca*cd*sb, cb*cd*sb, sa*cd*sb, ca*sd*sb, cb*sd*sb, sa*sd*sb, ca**2*sb, cb*ca*sb, sa*ca*sb, sa*cb*sb, ca*sd*cc, cb*sd*cc, sa*sd*cc, ca**2*cc, cb*ca*cc, sa*ca*cc, sa*cb*cc, cd**3, sd*cd**2, ca*cd**2, cb*cd**2, sa*cd**2, ca*sd*cd, cb*sd*cd, sa*sd*cd, ca**2*cd, cb*ca*cd, sa*ca*cd, sa*cb*cd, ca**2*sd, cb*ca*sd, sa*ca*sd, sa*cb*sd, ca**3, cb*ca**2, sa*ca**2, sa*cb*ca, sc**4, sb*sc**3, cc*sc**3, cd*sc**3, sd*sc**3, ca*sc**3, cb*sc**3, sa*sc**3, sb**2*sc**2, cc*sb*sc**2, cd*sb*sc**2, sd*sb*sc**2, ca*sb*sc**2, cb*sb*sc**2, sa*sb*sc**2, ca*cc*sc**2;['sa', 'cb', 'ca', 'sd', 'cd', 'cc', 'sb', 'sc']
18;sb;sb_cb_sd_cc_ca_cd_sc_sa;537.5670959409908;6102;594.62890625;cc*cd, ca**2, cc**2, sd**2, sb**2, ca*cd*sa, sd*cd*sa, cb*cd*sa, sb*cd*sa, cc*ca*sa, sd*ca*sa, cb*ca*sa, sb*ca*sa, sd*cc*sa, cb*cc*sa, sb*cc*sa, cb*sd*sa, sb*sd*sa, cb**2*sa, sb*cb*sa, sc**3, cd*sc**2, ca*sc**2, cc*sc**2, sd*sc**2, cb*sc**2, sb*sc**2, cd**2*sc, ca*cd*sc, sd*cd*sc, cb*cd*sc, sb*cd*sc, cc*ca*sc, sd*ca*sc, cb*ca*sc, sb*ca*sc, sd*cc*sc, cb*cc*sc, sb*cc*sc, cb*sd*sc, sb*sd*sc, cb**2*sc, sb*cb*sc, cd**3, ca*cd**2, sd*cd**2, cb*cd**2, sb*cd**2, sd*ca*cd, cb*ca*cd, sb*ca*cd, cb*sd*cd, sb*sd*cd, cb**2*cd, sb*cb*cd, sd*cc*ca, cb*cc*ca, sb*cc*ca, cb*sd*ca, sb*sd*ca, cb**2*ca, sb*cb*ca, cb*sd*cc, sb*sd*cc, cb**2*cc, sb*cb*cc, cb**2*sd, sb*cb*sd, cb**3, sb*cb**2, sa**4, sc*sa**3, cd*sa**3, ca*sa**3, cc*sa**3, sd*sa**3, cb*sa**3, sb*sa**3, sc**2*sa**2, cd*sc*sa**2, ca*sc*sa**2, cc*sc*sa**2, sd*sc*sa**2, cb*sc*sa**2, sb*sc*sa**2, cd**2*sa**2;['sb', 'cb', 'sd', 'cc', 'ca', 'cd', 'sc', 'sa']
19;sc;sc_cd_sa_sd_cc_sb_cb_ca;518.1674988950253;5460;594.62890625;sb**2, sc*sd, sa**2, cd**2, sc**2, sd*sb*ca, sa*sb*ca, cd*sb*ca, sc*sb*ca, cc**2*ca, sd*cc*ca, sa*cc*ca, cd*cc*ca, sc*cc*ca, sd**2*ca, sa*sd*ca, cd*sd*ca, cd*sa*ca, sc*sa*ca, sc*cd*ca, cb**3, sb*cb**2, cc*cb**2, sd*cb**2, sa*cb**2, cd*cb**2, sc*cb**2, cc*sb*cb, sd*sb*cb, sa*sb*cb, cd*sb*cb, sc*sb*cb, cc**2*cb, sd*cc*cb, sa*cc*cb, cd*cc*cb, sc*cc*cb, sd**2*cb, sa*sd*cb, cd*sd*cb, cd*sa*cb, sc*sa*cb, sc*cd*cb, cc**2*sb, sd*cc*sb, sa*cc*sb, cd*cc*sb, sc*cc*sb, sd**2*sb, sa*sd*sb, cd*sd*sb, cd*sa*sb, sc*sa*sb, sc*cd*sb, cc**3, sd*cc**2, sa*cc**2, cd*cc**2, sc*cc**2, sd**2*cc, sa*sd*cc, cd*sd*cc, cd*sa*cc, sc*sa*cc, sc*cd*cc, sd**3, sa*sd**2, cd*sd**2, cd*sa*sd, sc*cd*sa, ca**4, cb*ca**3, sb*ca**3, cc*ca**3, sd*ca**3, sa*ca**3, cd*ca**3, sc*ca**3, cb**2*ca**2, sb*cb*ca**2, cc*cb*ca**2, sd*cb*ca**2, sa*cb*ca**2, cd*cb*ca**2, sc*cb*ca**2, cc*sb*ca**2;['sc', 'cd', 'sa', 'sd', 'cc', 'sb', 'cb', 'ca']
20;sc;sc_ca_cb_sd_sa_cd_cc_sb;876.7278405840043;6451;611.09375;sd**2, sc*sd, cb**2, ca**2, sc**2, sa*cd*sb, sd*cd*sb, cb*cd*sb, ca*cd*sb, sc*cd*sb, sa**2*sb, sd*sa*sb, cb*sa*sb, ca*sa*sb, sc*sa*sb, cb*sd*sb, ca*sd*sb, ca*cb*sb, sc*cb*sb, sc*ca*sb, cc**3, cd*cc**2, sa*cc**2, sd*cc**2, cb*cc**2, ca*cc**2, sc*cc**2, cd**2*cc, sa*cd*cc, sd*cd*cc, cb*cd*cc, ca*cd*cc, sc*cd*cc, sa**2*cc, sd*sa*cc, cb*sa*cc, ca*sa*cc, sc*sa*cc, cb*sd*cc, ca*sd*cc, ca*cb*cc, sc*cb*cc, sc*ca*cc, cd**3, sa*cd**2, sd*cd**2, cb*cd**2, ca*cd**2, sc*cd**2, sa**2*cd, sd*sa*cd, cb*sa*cd, ca*sa*cd, sc*sa*cd, cb*sd*cd, ca*sd*cd, ca*cb*cd, sc*cb*cd, sc*ca*cd, sa**3, sd*sa**2, cb*sa**2, ca*sa**2, sc*sa**2, cb*sd*sa, ca*sd*sa, ca*cb*sa, sc*cb*sa, sc*ca*sa, ca*cb*sd, sc*ca*cb, sb**4, cc*sb**3, cd*sb**3, sa*sb**3, sd*sb**3, cb*sb**3, ca*sb**3, sc*sb**3, cc**2*sb**2, cd*cc*sb**2, sa*cc*sb**2, sd*cc*sb**2, cb*cc*sb**2, ca*cc*sb**2, sc*cc*sb**2, cd**2*sb**2;['sc', 'ca', 'cb', 'sd', 'sa', 'cd', 'cc', 'sb']
21;sa;sa_ca_cc_sb_sd_cb_sc_cd;397.8566027029883;5177;611.09375;sd*sc, sd**2, sb**2, cc**2, sa**2, sc**2*cd, cc*sc*cd, ca*cb*cd, sa*cb*cd, sb*sd*cd, cc*sd*cd, ca*sd*cd, sa*sd*cd, cc*sb*cd, ca*sb*cd, sa*sb*cd, ca*cc*cd, sa*cc*cd, ca**2*cd, sa*ca*cd, sc**3, cb*sc**2, sb*sc**2, cc*sc**2, ca*sc**2, sa*sc**2, cb**2*sc, sb*cb*sc, cc*cb*sc, ca*cb*sc, sa*cb*sc, cc*sb*sc, ca*sb*sc, sa*sb*sc, ca*cc*sc, sa*cc*sc, ca**2*sc, sa*ca*sc, cb**3, sd*cb**2, sb*cb**2, cc*cb**2, ca*cb**2, sa*cb**2, sb*sd*cb, cc*sd*cb, ca*sd*cb, sa*sd*cb, cc*sb*cb, ca*sb*cb, sa*sb*cb, ca*cc*cb, sa*cc*cb, ca**2*cb, sa*ca*cb, cc*sb*sd, ca*sb*sd, sa*sb*sd, ca*cc*sd, sa*cc*sd, ca**2*sd, sa*ca*sd, ca*cc*sb, sa*cc*sb, ca**2*sb, sa*ca*sb, ca**2*cc, sa*ca*cc, ca**3, sa*ca**2, cd**4, sc*cd**3, cb*cd**3, sd*cd**3, sb*cd**3, cc*cd**3, ca*cd**3, sa*cd**3, cb*sc*cd**2, sb*sc*cd**2, ca*sc*cd**2, sa*sc*cd**2, cb**2*cd**2, sd*cb*cd**2, sb*cb*cd**2, cc*cb*cd**2;['sa', 'ca', 'cc', 'sb', 'sd', 'cb', 'sc', 'cd']
22;sa;sa_cd_sc_sb_cb_ca_cc_sd;518.1866864669719;5673;610.1171875;cd*cc, sb**2, sc**2, cd**2, sa**2, cc**2*sd, sc*cc*sd, cd*ca*sd, sa*ca*sd, cb**2*sd, sb*cb*sd, sc*cb*sd, cd*cb*sd, sa*cb*sd, sc*sb*sd, cd*sb*sd, sa*sb*sd, cd*sc*sd, sa*sc*sd, sa*cd*sd, cc**3, ca*cc**2, cb*cc**2, sb*cc**2, sc*cc**2, sa*cc**2, ca**2*cc, cb*ca*cc, sb*ca*cc, sc*ca*cc, sa*ca*cc, cb**2*cc, sb*cb*cc, sc*cb*cc, sa*cb*cc, sc*sb*cc, sa*sb*cc, sa*sc*cc, ca**3, cb*ca**2, sb*ca**2, sc*ca**2, cd*ca**2, sa*ca**2, cb**2*ca, sb*cb*ca, sc*cb*ca, cd*cb*ca, sa*cb*ca, sc*sb*ca, cd*sb*ca, sa*sb*ca, cd*sc*ca, sa*sc*ca, sa*cd*ca, cb**3, sb*cb**2, sc*cb**2, cd*cb**2, sa*cb**2, sc*sb*cb, cd*sb*cb, sa*sb*cb, cd*sc*cb, sa*sc*cb, sa*cd*cb, cd*sc*sb, sa*sc*sb, sa*cd*sb, sa*cd*sc, sd**4, cc*sd**3, ca*sd**3, cb*sd**3, sb*sd**3, sc*sd**3, cd*sd**3, sa*sd**3, ca*cc*sd**2, cb*cc*sd**2, sb*cc*sd**2, sa*cc*sd**2, ca**2*sd**2, cb*ca*sd**2, sb*ca*sd**2, sc*ca*sd**2;['sa', 'cd', 'sc', 'sb', 'cb', 'ca', 'cc', 'sd']
23;ca;ca_cc_cd_sd_cb_sa_sc_sb;626.0407597020385;6456;609.1328125;cb**2, cd**2, cc*cd, cc**2, ca**2, cb*sa*sb, sd*sa*sb, cd*sa*sb, cc*sa*sb, ca*sa*sb, sd*cb*sb, cd*cb*sb, cc*cb*sb, ca*cb*sb, sd**2*sb, cd*sd*sb, cc*sd*sb, ca*sd*sb, ca*cd*sb, ca*cc*sb, sc**3, sa*sc**2, cb*sc**2, sd*sc**2, cd*sc**2, cc*sc**2, ca*sc**2, sa**2*sc, cb*sa*sc, sd*sa*sc, cd*sa*sc, cc*sa*sc, ca*sa*sc, sd*cb*sc, cd*cb*sc, cc*cb*sc, ca*cb*sc, sd**2*sc, cd*sd*sc, cc*sd*sc, ca*sd*sc, ca*cd*sc, ca*cc*sc, sa**3, cb*sa**2, sd*sa**2, cd*sa**2, cc*sa**2, ca*sa**2, sd*cb*sa, cd*cb*sa, cc*cb*sa, ca*cb*sa, sd**2*sa, cd*sd*sa, cc*sd*sa, ca*sd*sa, ca*cd*sa, ca*cc*sa, sd**2*cb, cd*sd*cb, cc*sd*cb, ca*sd*cb, ca*cd*cb, ca*cc*cb, sd**3, cd*sd**2, cc*sd**2, ca*sd**2, ca*cd*sd, ca*cc*sd, sb**4, sc*sb**3, sa*sb**3, cb*sb**3, sd*sb**3, cd*sb**3, cc*sb**3, ca*sb**3, sc**2*sb**2, sa*sc*sb**2, cb*sc*sb**2, sd*sc*sb**2, cd*sc*sb**2, cc*sc*sb**2, ca*sc*sb**2, sa**2*sb**2;['ca', 'cc', 'cd', 'sd', 'cb', 'sa', 'sc', 'sb']
24;sc;sc_sb_cb_ca_cd_sa_cc_sd;707.0817898569512;5541;608.1484375;cd*cc, cd**2, ca**2, sb**2, sc**2, cc**2*sd, sc*cc*sd, sb*sa*sd, sc*sa*sd, ca*cd*sd, cb*cd*sd, sb*cd*sd, sc*cd*sd, cb*ca*sd, sb*ca*sd, sc*ca*sd, cb**2*sd, sb*cb*sd, sc*cb*sd, sc*sb*sd, cc**3, sa*cc**2, ca*cc**2, cb*cc**2, sb*cc**2, sc*cc**2, sa**2*cc, ca*sa*cc, cb*sa*cc, sb*sa*cc, sc*sa*cc, cb*ca*cc, sb*ca*cc, sc*ca*cc, cb**2*cc, sb*cb*cc, sc*cb*cc, sc*sb*cc, sa**3, cd*sa**2, ca*sa**2, cb*sa**2, sb*sa**2, sc*sa**2, ca*cd*sa, cb*cd*sa, sb*cd*sa, sc*cd*sa, cb*ca*sa, sb*ca*sa, sc*ca*sa, cb**2*sa, sb*cb*sa, sc*cb*sa, sc*sb*sa, cb*ca*cd, sb*ca*cd, sc*ca*cd, cb**2*cd, sb*cb*cd, sc*cb*cd, sc*sb*cd, cb**2*ca, sb*cb*ca, sc*cb*ca, sc*sb*ca, cb**3, sb*cb**2, sc*cb**2, sc*sb*cb, sd**4, cc*sd**3, sa*sd**3, cd*sd**3, ca*sd**3, cb*sd**3, sb*sd**3, sc*sd**3, sa*cc*sd**2, ca*cc*sd**2, cb*cc*sd**2, sb*cc*sd**2, sa**2*sd**2, cd*sa*sd**2, ca*sa*sd**2, cb*sa*sd**2;['sc', 'sb', 'cb', 'ca', 'cd', 'sa', 'cc', 'sd']
25;sa;sa_sb_ca_cd_sd_cc_sc_cb;824.4501834959956;6277;606.1796875;cc**2, cd*cc, cd**2, sb**2, sa**2, ca*cc*cb, sb*cc*cb, sa*cc*cb, sd**2*cb, cd*sd*cb, ca*sd*cb, sb*sd*cb, sa*sd*cb, ca*cd*cb, sb*cd*cb, sa*cd*cb, ca**2*cb, sb*ca*cb, sa*ca*cb, sa*sb*cb, sc**3, cc*sc**2, sd*sc**2, cd*sc**2, ca*sc**2, sb*sc**2, sa*sc**2, sd*cc*sc, ca*cc*sc, sb*cc*sc, sa*cc*sc, sd**2*sc, cd*sd*sc, ca*sd*sc, sb*sd*sc, sa*sd*sc, ca*cd*sc, sb*cd*sc, sa*cd*sc, ca**2*sc, sb*ca*sc, sa*ca*sc, sa*sb*sc, sd**2*cc, ca*sd*cc, sb*sd*cc, sa*sd*cc, ca**2*cc, sb*ca*cc, sa*ca*cc, sa*sb*cc, sd**3, cd*sd**2, ca*sd**2, sb*sd**2, sa*sd**2, ca*cd*sd, sb*cd*sd, sa*cd*sd, ca**2*sd, sb*ca*sd, sa*ca*sd, sa*sb*sd, ca**2*cd, sb*ca*cd, sa*ca*cd, sa*sb*cd, ca**3, sb*ca**2, sa*ca**2, sa*sb*ca, cb**4, sc*cb**3, cc*cb**3, sd*cb**3, cd*cb**3, ca*cb**3, sb*cb**3, sa*cb**3, sc**2*cb**2, cc*sc*cb**2, sd*sc*cb**2, cd*sc*cb**2, ca*sc*cb**2, sb*sc*cb**2, sa*sc*cb**2, sd*cc*cb**2;['sa', 'sb', 'ca', 'cd', 'sd', 'cc', 'sc', 'cb']
26;sa;sa_cc_cb_sd_cd_sc_ca_sb;628.3635635710089;5552;606.1796875;cc*cd, sd**2, cb**2, cc**2, sa**2, cd*sc*sb, sd*sc*sb, cb*sc*sb, cc*sc*sb, sa*sc*sb, cd**2*sb, sd*cd*sb, cb*cd*sb, sa*cd*sb, cb*sd*sb, cc*sd*sb, sa*sd*sb, cc*cb*sb, sa*cb*sb, sa*cc*sb, ca**3, sc*ca**2, cd*ca**2, sd*ca**2, cb*ca**2, cc*ca**2, sa*ca**2, sc**2*ca, cd*sc*ca, sd*sc*ca, cb*sc*ca, cc*sc*ca, sa*sc*ca, cd**2*ca, sd*cd*ca, cb*cd*ca, sa*cd*ca, cb*sd*ca, cc*sd*ca, sa*sd*ca, cc*cb*ca, sa*cb*ca, sa*cc*ca, sc**3, cd*sc**2, sd*sc**2, cb*sc**2, cc*sc**2, sa*sc**2, cd**2*sc, sd*cd*sc, cb*cd*sc, sa*cd*sc, cb*sd*sc, cc*sd*sc, sa*sd*sc, cc*cb*sc, sa*cb*sc, sa*cc*sc, cd**3, sd*cd**2, cb*cd**2, sa*cd**2, cb*sd*cd, sa*sd*cd, sa*cb*cd, cc*cb*sd, sa*cb*sd, sa*cc*sd, sa*cc*cb, sb**4, ca*sb**3, sc*sb**3, cd*sb**3, sd*sb**3, cb*sb**3, cc*sb**3, sa*sb**3, ca**2*sb**2, sc*ca*sb**2, cd*ca*sb**2, sd*ca*sb**2, cb*ca*sb**2, cc*ca*sb**2, sa*ca*sb**2, sc**2*sb**2;['sa', 'cc', 'cb', 'sd', 'cd', 'sc', 'ca', 'sb']
27;ca;ca_sb_cb_cd_sa_sc_sd_cc;762.5695378850214;5152;605.1953125;sc*sd, sc**2, cd**2, sb**2, ca**2, sd**2*cc, cd*sd*cc, cd*sc*cc, sa**2*cc, cd*sa*cc, cb*sa*cc, sb*sa*cc, ca*sa*cc, cb*cd*cc, sb*cd*cc, ca*cd*cc, cb**2*cc, sb*cb*cc, ca*cb*cc, ca*sb*cc, sd**3, sa*sd**2, cd*sd**2, cb*sd**2, sb*sd**2, ca*sd**2, sa**2*sd, cd*sa*sd, cb*sa*sd, sb*sa*sd, ca*sa*sd, cb*cd*sd, sb*cd*sd, ca*cd*sd, cb**2*sd, sb*cb*sd, ca*cb*sd, ca*sb*sd, sa**2*sc, cd*sa*sc, cb*sa*sc, sb*sa*sc, ca*sa*sc, cb*cd*sc, sb*cd*sc, ca*cd*sc, cb**2*sc, sb*cb*sc, ca*cb*sc, ca*sb*sc, sa**3, cd*sa**2, cb*sa**2, sb*sa**2, ca*sa**2, cb*cd*sa, sb*cd*sa, ca*cd*sa, cb**2*sa, sb*cb*sa, ca*cb*sa, ca*sb*sa, cb**2*cd, sb*cb*cd, ca*cb*cd, ca*sb*cd, cb**3, sb*cb**2, ca*cb**2, ca*sb*cb, cc**4, sd*cc**3, sc*cc**3, sa*cc**3, cd*cc**3, cb*cc**3, sb*cc**3, ca*cc**3, sa*sd*cc**2, cb*sd*cc**2, sb*sd*cc**2, ca*sd*cc**2, sa*sc*cc**2, cb*sc*cc**2, sb*sc*cc**2, ca*sc*cc**2;['ca', 'sb', 'cb', 'cd', 'sa', 'sc', 'sd', 'cc']
28;cc;cc_cb_sc_sb_cd_sd_sa_ca;751.7717499900027;6583;604.2109375;sa**2, cd**2, cc*cd, cb**2, cc**2, sb*sd*ca, sc*sd*ca, cb*sd*ca, cc*sd*ca, sb*cd*ca, sc*cd*ca, cb*cd*ca, sb**2*ca, sc*sb*ca, cb*sb*ca, cc*sb*ca, sc**2*ca, cb*sc*ca, cc*sc*ca, cc*cb*ca, sd**2*sa, cd*sd*sa, sb*sd*sa, sc*sd*sa, cb*sd*sa, cc*sd*sa, sb*cd*sa, sc*cd*sa, cb*cd*sa, sb**2*sa, sc*sb*sa, cb*sb*sa, cc*sb*sa, sc**2*sa, cb*sc*sa, cc*sc*sa, cc*cb*sa, sd**3, cd*sd**2, sb*sd**2, sc*sd**2, cb*sd**2, cc*sd**2, sb*cd*sd, sc*cd*sd, cb*cd*sd, sb**2*sd, sc*sb*sd, cb*sb*sd, cc*sb*sd, sc**2*sd, cb*sc*sd, cc*sc*sd, cc*cb*sd, sb**2*cd, sc*sb*cd, cb*sb*cd, sc**2*cd, cb*sc*cd, sb**3, sc*sb**2, cb*sb**2, cc*sb**2, sc**2*sb, cb*sc*sb, cc*sc*sb, cc*cb*sb, sc**3, cb*sc**2, cc*sc**2, cc*cb*sc, ca**4, sa*ca**3, sd*ca**3, cd*ca**3, sb*ca**3, sc*ca**3, cb*ca**3, cc*ca**3, sd*sa*ca**2, cd*sa*ca**2, sb*sa*ca**2, sc*sa*ca**2, cb*sa*ca**2, cc*sa*ca**2, sd**2*ca**2, cd*sd*ca**2;['cc', 'cb', 'sc', 'sb', 'cd', 'sd', 'sa', 'ca']
29;cc;cc_cd_sa_sb_sd_cb_ca_sc;697.3255958340014;6616;619.11328125;sb**2, sa**2, cd**2, cc*cd, cc**2, sd*cb*sc, sb*cb*sc, sa*cb*sc, cd*cb*sc, cc*cb*sc, sd**2*sc, sb*sd*sc, sa*sd*sc, cd*sd*sc, cc*sd*sc, sa*sb*sc, cd*sb*sc, cc*sb*sc, cd*sa*sc, cc*sa*sc, ca**3, cb*ca**2, sd*ca**2, sb*ca**2, sa*ca**2, cd*ca**2, cc*ca**2, cb**2*ca, sd*cb*ca, sb*cb*ca, sa*cb*ca, cd*cb*ca, cc*cb*ca, sd**2*ca, sb*sd*ca, sa*sd*ca, cd*sd*ca, cc*sd*ca, sa*sb*ca, cd*sb*ca, cc*sb*ca, cd*sa*ca, cc*sa*ca, cb**3, sd*cb**2, sb*cb**2, sa*cb**2, cd*cb**2, cc*cb**2, sd**2*cb, sb*sd*cb, sa*sd*cb, cd*sd*cb, cc*sd*cb, sa*sb*cb, cd*sb*cb, cc*sb*cb, cd*sa*cb, cc*sa*cb, sd**3, sb*sd**2, sa*sd**2, cd*sd**2, cc*sd**2, sa*sb*sd, cd*sb*sd, cc*sb*sd, cd*sa*sd, cc*sa*sd, cd*sa*sb, cc*sa*sb, sc**4, ca*sc**3, cb*sc**3, sd*sc**3, sb*sc**3, sa*sc**3, cd*sc**3, cc*sc**3, ca**2*sc**2, cb*ca*sc**2, sd*ca*sc**2, sb*ca*sc**2, sa*ca*sc**2, cd*ca*sc**2, cc*ca*sc**2, cb**2*sc**2;['cc', 'cd', 'sa', 'sb', 'sd', 'cb', 'ca', 'sc']
30;sc;sc_cb_sa_ca_cc_sb_cd_sd;614.675467714027;4980;619.11328125;cd**2, cc*cd, sa**2, cb**2, sc**2, sc*cd*sd, cb*sb*sd, sc*sb*sd, cc**2*sd, ca*cc*sd, sa*cc*sd, cb*cc*sd, sc*cc*sd, ca**2*sd, sa*ca*sd, cb*ca*sd, sc*ca*sd, cb*sa*sd, sc*sa*sd, sc*cb*sd, sb**2*cd, ca*sb*cd, sa*sb*cd, cb*sb*cd, sc*sb*cd, ca**2*cd, sa*ca*cd, cb*ca*cd, sc*ca*cd, cb*sa*cd, sc*sa*cd, sc*cb*cd, sb**3, cc*sb**2, ca*sb**2, sa*sb**2, cb*sb**2, sc*sb**2, cc**2*sb, ca*cc*sb, sa*cc*sb, cb*cc*sb, sc*cc*sb, ca**2*sb, sa*ca*sb, cb*ca*sb, sc*ca*sb, cb*sa*sb, sc*sa*sb, sc*cb*sb, cc**3, ca*cc**2, sa*cc**2, cb*cc**2, sc*cc**2, ca**2*cc, sa*ca*cc, cb*ca*cc, sc*ca*cc, cb*sa*cc, sc*sa*cc, sc*cb*cc, ca**3, sa*ca**2, cb*ca**2, sc*ca**2, cb*sa*ca, sc*sa*ca, sc*cb*ca, sc*cb*sa, sd**4, cd*sd**3, sb*sd**3, cc*sd**3, ca*sd**3, sa*sd**3, cb*sd**3, sc*sd**3, sb*cd*sd**2, ca*cd*sd**2, sa*cd*sd**2, cb*cd*sd**2, sb**2*sd**2, cc*sb*sd**2, ca*sb*sd**2, sa*sb*sd**2;['sc', 'cb', 'sa', 'ca', 'cc', 'sb', 'cd', 'sd']
31;ca;ca_sa_sb_sd_sc_cc_cd_cb;10099.425633767969;6212;2392.0703125;sc**2, sd*sc, sd**2, sb**2, ca**2, sc*cc*cb, sd*cc*cb, sb*cc*cb, sa*cc*cb, ca*cc*cb, sb*sc*cb, sa*sc*cb, ca*sc*cb, sb*sd*cb, sa*sd*cb, ca*sd*cb, sa*sb*cb, ca*sb*cb, sa**2*cb, ca*sa*cb, cd**3, cc*cd**2, sc*cd**2, sd*cd**2, sb*cd**2, sa*cd**2, ca*cd**2, cc**2*cd, sc*cc*cd, sd*cc*cd, sb*cc*cd, sa*cc*cd, ca*cc*cd, sb*sc*cd, sa*sc*cd, ca*sc*cd, sb*sd*cd, sa*sd*cd, ca*sd*cd, sa*sb*cd, ca*sb*cd, sa**2*cd, ca*sa*cd, cc**3, sc*cc**2, sd*cc**2, sb*cc**2, sa*cc**2, ca*cc**2, sb*sc*cc, sa*sc*cc, ca*sc*cc, sb*sd*cc, sa*sd*cc, ca*sd*cc, sa*sb*cc, ca*sb*cc, sa**2*cc, ca*sa*cc, sa*sb*sc, ca*sb*sc, sa**2*sc, ca*sa*sc, sa*sb*sd, ca*sb*sd, sa**2*sd, ca*sa*sd, sa**2*sb, ca*sa*sb, sa**3, ca*sa**2, cb**4, cd*cb**3, cc*cb**3, sc*cb**3, sd*cb**3, sb*cb**3, sa*cb**3, ca*cb**3, cd**2*cb**2, cc*cd*cb**2, sc*cd*cb**2, sd*cd*cb**2, sb*cd*cb**2, sa*cd*cb**2, ca*cd*cb**2, cc**2*cb**2;['ca', 'sa', 'sb', 'sd', 'sc', 'cc', 'cd', 'cb']
32;sa;sa_sb_sd_cb_sc_cd_ca_cc;1105.8160241779988;6391;2392.54296875;sc**2, sd*sc, sd**2, sb**2, sa**2, cd**2*cc, sc*cd*cc, sd*cd*cc, sb*cd*cc, sa*cd*cc, cb*sc*cc, sb*sc*cc, sa*sc*cc, cb**2*cc, sd*cb*cc, sb*cb*cc, sa*cb*cc, sb*sd*cc, sa*sd*cc, sa*sb*cc, ca**3, cd*ca**2, sc*ca**2, cb*ca**2, sd*ca**2, sb*ca**2, sa*ca**2, cd**2*ca, sc*cd*ca, cb*cd*ca, sd*cd*ca, sb*cd*ca, sa*cd*ca, cb*sc*ca, sb*sc*ca, sa*sc*ca, cb**2*ca, sd*cb*ca, sb*cb*ca, sa*cb*ca, sb*sd*ca, sa*sd*ca, sa*sb*ca, cd**3, sc*cd**2, cb*cd**2, sd*cd**2, sb*cd**2, sa*cd**2, cb*sc*cd, sb*sc*cd, sa*sc*cd, cb**2*cd, sd*cb*cd, sb*cb*cd, sa*cb*cd, sb*sd*cd, sa*sd*cd, sa*sb*cd, cb**2*sc, sb*cb*sc, sa*cb*sc, sa*sb*sc, cb**3, sd*cb**2, sb*cb**2, sa*cb**2, sb*sd*cb, sa*sd*cb, sa*sb*cb, sa*sb*sd, cc**4, ca*cc**3, cd*cc**3, sc*cc**3, cb*cc**3, sd*cc**3, sb*cc**3, sa*cc**3, ca**2*cc**2, cd*ca*cc**2, sc*ca*cc**2, cb*ca*cc**2, sd*ca*cc**2, sb*ca*cc**2, sa*ca*cc**2, cb*cd*cc**2;['sa', 'sb', 'sd', 'cb', 'sc', 'cd', 'ca', 'cc']
33;sb;sb_cb_cd_sc_sd_sa_ca_cc;352.06598998297704;5891;1159.33203125;sa**2, sc*sd, sc**2, cd**2, sb**2, sc*sa*cc, cd*sa*cc, cb*sa*cc, sb*sa*cc, sd**2*cc, cd*sd*cc, cb*sd*cc, sb*sd*cc, cd*sc*cc, cb*sc*cc, sb*sc*cc, cb*cd*cc, sb*cd*cc, cb**2*cc, sb*cb*cc, ca**3, sa*ca**2, sd*ca**2, sc*ca**2, cd*ca**2, cb*ca**2, sb*ca**2, sd*sa*ca, sc*sa*ca, cd*sa*ca, cb*sa*ca, sb*sa*ca, sd**2*ca, cd*sd*ca, cb*sd*ca, sb*sd*ca, cd*sc*ca, cb*sc*ca, sb*sc*ca, cb*cd*ca, sb*cd*ca, cb**2*ca, sb*cb*ca, sd**2*sa, cd*sd*sa, cb*sd*sa, sb*sd*sa, cd*sc*sa, cb*sc*sa, sb*sc*sa, cb*cd*sa, sb*cd*sa, cb**2*sa, sb*cb*sa, sd**3, cd*sd**2, cb*sd**2, sb*sd**2, cb*cd*sd, sb*cd*sd, cb**2*sd, sb*cb*sd, cb*cd*sc, sb*cd*sc, cb**2*sc, sb*cb*sc, cb**2*cd, sb*cb*cd, cb**3, sb*cb**2, cc**4, ca*cc**3, sa*cc**3, sd*cc**3, sc*cc**3, cd*cc**3, cb*cc**3, sb*cc**3, ca**2*cc**2, sa*ca*cc**2, sd*ca*cc**2, sc*ca*cc**2, cd*ca*cc**2, cb*ca*cc**2, sb*ca*cc**2, sd*sa*cc**2;['sb', 'cb', 'cd', 'sc', 'sd', 'sa', 'ca', 'cc']
34;sc;sc_ca_sa_cb_cd_cc_sd_sb;642.3921778229997;5958;1045.49609375;cd*cc, cd**2, cb**2, ca**2, sc**2, cb*cc*sb, sa*cc*sb, ca*cc*sb, sc*cc*sb, cb*cd*sb, sa*cd*sb, ca*cd*sb, sc*cd*sb, sa*cb*sb, ca*cb*sb, sc*cb*sb, sa**2*sb, ca*sa*sb, sc*sa*sb, sc*ca*sb, sd**3, cc*sd**2, cd*sd**2, cb*sd**2, sa*sd**2, ca*sd**2, sc*sd**2, cc**2*sd, cb*cc*sd, sa*cc*sd, ca*cc*sd, sc*cc*sd, cb*cd*sd, sa*cd*sd, ca*cd*sd, sc*cd*sd, sa*cb*sd, ca*cb*sd, sc*cb*sd, sa**2*sd, ca*sa*sd, sc*sa*sd, sc*ca*sd, cc**3, cb*cc**2, sa*cc**2, ca*cc**2, sc*cc**2, sa*cb*cc, ca*cb*cc, sc*cb*cc, sa**2*cc, ca*sa*cc, sc*sa*cc, sc*ca*cc, sa*cb*cd, ca*cb*cd, sc*cb*cd, sa**2*cd, ca*sa*cd, sc*sa*cd, sc*ca*cd, sa**2*cb, ca*sa*cb, sc*sa*cb, sc*ca*cb, sa**3, ca*sa**2, sc*sa**2, sc*ca*sa, sb**4, sd*sb**3, cc*sb**3, cd*sb**3, cb*sb**3, sa*sb**3, ca*sb**3, sc*sb**3, sd**2*sb**2, cc*sd*sb**2, cd*sd*sb**2, cb*sd*sb**2, sa*sd*sb**2, ca*sd*sb**2, sc*sd*sb**2, cc**2*sb**2;['sc', 'ca', 'sa', 'cb', 'cd', 'cc', 'sd', 'sb']
35;cd;cd_cb_sd_ca_sb_sc_cc_sa;577.8607309819781;6312;1045.23046875;sc**2, sd*sc, ca**2, cb**2, cd**2, ca*sc*sa, cb*sc*sa, cd*sc*sa, sb**2*sa, ca*sb*sa, sd*sb*sa, cb*sb*sa, cd*sb*sa, sd*ca*sa, cb*ca*sa, cd*ca*sa, sd**2*sa, cb*sd*sa, cd*sd*sa, cd*cb*sa, cc**3, sc*cc**2, sb*cc**2, ca*cc**2, sd*cc**2, cb*cc**2, cd*cc**2, sb*sc*cc, ca*sc*cc, cb*sc*cc, cd*sc*cc, sb**2*cc, ca*sb*cc, sd*sb*cc, cb*sb*cc, cd*sb*cc, sd*ca*cc, cb*ca*cc, cd*ca*cc, sd**2*cc, cb*sd*cc, cd*sd*cc, cd*cb*cc, sb**2*sc, ca*sb*sc, cb*sb*sc, cd*sb*sc, cb*ca*sc, cd*ca*sc, cd*cb*sc, sb**3, ca*sb**2, sd*sb**2, cb*sb**2, cd*sb**2, sd*ca*sb, cb*ca*sb, cd*ca*sb, sd**2*sb, cb*sd*sb, cd*sd*sb, cd*cb*sb, sd**2*ca, cb*sd*ca, cd*sd*ca, cd*cb*ca, sd**3, cb*sd**2, cd*sd**2, cd*cb*sd, sa**4, cc*sa**3, sc*sa**3, sb*sa**3, ca*sa**3, sd*sa**3, cb*sa**3, cd*sa**3, cc**2*sa**2, sc*cc*sa**2, sb*cc*sa**2, ca*cc*sa**2, sd*cc*sa**2, cb*cc*sa**2, cd*cc*sa**2, sb*sc*sa**2;['cd', 'cb', 'sd', 'ca', 'sb', 'sc', 'cc', 'sa']
36;sb;sb_sd_sa_ca_cc_sc_cb_cd;674.3479971080087;6356;1043.26171875;sd*sc, cc**2, sa**2, sd**2, sb**2, sc**2*cd, cc*sc*cd, sa*sc*cd, sb*sc*cd, ca*cc*cd, sa*cc*cd, sd*cc*cd, sb*cc*cd, ca**2*cd, sa*ca*cd, sd*ca*cd, sb*ca*cd, sd*sa*cd, sb*sa*cd, sb*sd*cd, cb**3, sc*cb**2, cc*cb**2, ca*cb**2, sa*cb**2, sd*cb**2, sb*cb**2, sc**2*cb, cc*sc*cb, ca*sc*cb, sa*sc*cb, sb*sc*cb, ca*cc*cb, sa*cc*cb, sd*cc*cb, sb*cc*cb, ca**2*cb, sa*ca*cb, sd*ca*cb, sb*ca*cb, sd*sa*cb, sb*sa*cb, sb*sd*cb, sc**3, cc*sc**2, ca*sc**2, sa*sc**2, sb*sc**2, ca*cc*sc, sa*cc*sc, sb*cc*sc, ca**2*sc, sa*ca*sc, sb*ca*sc, sb*sa*sc, ca**2*cc, sa*ca*cc, sd*ca*cc, sb*ca*cc, sd*sa*cc, sb*sa*cc, sb*sd*cc, ca**3, sa*ca**2, sd*ca**2, sb*ca**2, sd*sa*ca, sb*sa*ca, sb*sd*ca, sb*sd*sa, cd**4, cb*cd**3, sc*cd**3, cc*cd**3, ca*cd**3, sa*cd**3, sd*cd**3, sb*cd**3, cb**2*cd**2, sc*cb*cd**2, cc*cb*cd**2, ca*cb*cd**2, sa*cb*cd**2, sd*cb*cd**2, sb*cb*cd**2, ca*sc*cd**2;['sb', 'sd', 'sa', 'ca', 'cc', 'sc', 'cb', 'cd']
37;sa;sa_sb_cb_ca_sc_sd_cd_cc;466.7084015550208;5548;1040.30859375;sd**2, sc*sd, sc**2, sb**2, sa**2, cd**2*cc, sd*cd*cc, sc*cd*cc, ca*sc*cc, cb*sc*cc, sb*sc*cc, sa*sc*cc, ca**2*cc, cb*ca*cc, sb*ca*cc, sa*ca*cc, cb**2*cc, sb*cb*cc, sa*cb*cc, sa*sb*cc, cd**3, sd*cd**2, sc*cd**2, ca*cd**2, cb*cd**2, sb*cd**2, sa*cd**2, ca*sd*cd, cb*sd*cd, sb*sd*cd, sa*sd*cd, ca*sc*cd, cb*sc*cd, sb*sc*cd, sa*sc*cd, ca**2*cd, cb*ca*cd, sb*ca*cd, sa*ca*cd, cb**2*cd, sb*cb*cd, sa*cb*cd, sa*sb*cd, ca**2*sd, cb*ca*sd, sb*ca*sd, sa*ca*sd, cb**2*sd, sb*cb*sd, sa*cb*sd, sa*sb*sd, ca**2*sc, cb*ca*sc, sb*ca*sc, sa*ca*sc, cb**2*sc, sb*cb*sc, sa*cb*sc, sa*sb*sc, ca**3, cb*ca**2, sb*ca**2, sa*ca**2, cb**2*ca, sb*cb*ca, sa*cb*ca, sa*sb*ca, cb**3, sb*cb**2, sa*cb**2, sa*sb*cb, cc**4, cd*cc**3, sd*cc**3, sc*cc**3, ca*cc**3, cb*cc**3, sb*cc**3, sa*cc**3, ca*cd*cc**2, cb*cd*cc**2, sb*cd*cc**2, sa*cd*cc**2, ca*sd*cc**2, cb*sd*cc**2, sb*sd*cc**2, sa*sd*cc**2;['sa', 'sb', 'cb', 'ca', 'sc', 'sd', 'cd', 'cc']
38;cd;cd_cc_sd_sa_cb_sc_ca_sb;687.8498684529914;6266;1039.32421875;cb**2, sa**2, cc**2, cd*cc, cd**2, cb*sc*sb, sa*sc*sb, sd*sc*sb, cc*sc*sb, cd*sc*sb, sa*cb*sb, sd*cb*sb, cc*cb*sb, cd*cb*sb, sd*sa*sb, cc*sa*sb, cd*sa*sb, sd**2*sb, cc*sd*sb, cd*sd*sb, ca**3, sc*ca**2, cb*ca**2, sa*ca**2, sd*ca**2, cc*ca**2, cd*ca**2, sc**2*ca, cb*sc*ca, sa*sc*ca, sd*sc*ca, cc*sc*ca, cd*sc*ca, sa*cb*ca, sd*cb*ca, cc*cb*ca, cd*cb*ca, sd*sa*ca, cc*sa*ca, cd*sa*ca, sd**2*ca, cc*sd*ca, cd*sd*ca, sc**3, cb*sc**2, sa*sc**2, sd*sc**2, cc*sc**2, cd*sc**2, sa*cb*sc, sd*cb*sc, cc*cb*sc, cd*cb*sc, sd*sa*sc, cc*sa*sc, cd*sa*sc, sd**2*sc, cc*sd*sc, cd*sd*sc, sd*sa*cb, cc*sa*cb, cd*sa*cb, sd**2*cb, cc*sd*cb, cd*sd*cb, sd**2*sa, cc*sd*sa, cd*sd*sa, sd**3, cc*sd**2, cd*sd**2, sb**4, ca*sb**3, sc*sb**3, cb*sb**3, sa*sb**3, sd*sb**3, cc*sb**3, cd*sb**3, ca**2*sb**2, sc*ca*sb**2, cb*ca*sb**2, sa*ca*sb**2, sd*ca*sb**2, cc*ca*sb**2, cd*ca*sb**2, sc**2*sb**2;['cd', 'cc', 'sd', 'sa', 'cb', 'sc', 'ca', 'sb']
39;sd;sd_sb_cd_ca_cb_sc_sa_cc;554.2552178499755;6529;1037.51171875;sc**2, sd*sc, ca**2, sb**2, sd**2, ca*sc*cc, cd*sc*cc, sb*sc*cc, cb**2*cc, ca*cb*cc, cd*cb*cc, sb*cb*cc, sd*cb*cc, cd*ca*cc, sb*ca*cc, sd*ca*cc, cd**2*cc, sb*cd*cc, sd*cd*cc, sd*sb*cc, sa**3, sc*sa**2, cb*sa**2, ca*sa**2, cd*sa**2, sb*sa**2, sd*sa**2, cb*sc*sa, ca*sc*sa, cd*sc*sa, sb*sc*sa, cb**2*sa, ca*cb*sa, cd*cb*sa, sb*cb*sa, sd*cb*sa, cd*ca*sa, sb*ca*sa, sd*ca*sa, cd**2*sa, sb*cd*sa, sd*cd*sa, sd*sb*sa, cb**2*sc, ca*cb*sc, cd*cb*sc, sb*cb*sc, cd*ca*sc, sb*ca*sc, cd**2*sc, sb*cd*sc, cb**3, ca*cb**2, cd*cb**2, sb*cb**2, sd*cb**2, cd*ca*cb, sb*ca*cb, sd*ca*cb, cd**2*cb, sb*cd*cb, sd*cd*cb, sd*sb*cb, cd**2*ca, sb*cd*ca, sd*cd*ca, sd*sb*ca, cd**3, sb*cd**2, sd*cd**2, sd*sb*cd, cc**4, sa*cc**3, sc*cc**3, cb*cc**3, ca*cc**3, cd*cc**3, sb*cc**3, sd*cc**3, sa**2*cc**2, sc*sa*cc**2, cb*sa*cc**2, ca*sa*cc**2, cd*sa*cc**2, sb*sa*cc**2, sd*sa*cc**2, cb*sc*cc**2;['sd', 'sb', 'cd', 'ca', 'cb', 'sc', 'sa', 'cc']
40;cc;cc_sb_ca_cd_cb_sa_sd_sc;914.2815979929874;5810;1037.51171875;cd**2, cc*cd, ca**2, sb**2, cc**2, sd**2*sc, cd*sd*sc, cc*sd*sc, sb*sa*sc, cc*sa*sc, cb**2*sc, cd*cb*sc, ca*cb*sc, sb*cb*sc, cc*cb*sc, ca*cd*sc, sb*cd*sc, sb*ca*sc, cc*ca*sc, cc*sb*sc, sd**3, sa*sd**2, cb*sd**2, cd*sd**2, ca*sd**2, sb*sd**2, cc*sd**2, sa**2*sd, cb*sa*sd, cd*sa*sd, ca*sa*sd, sb*sa*sd, cc*sa*sd, cb**2*sd, cd*cb*sd, ca*cb*sd, sb*cb*sd, cc*cb*sd, ca*cd*sd, sb*cd*sd, sb*ca*sd, cc*ca*sd, cc*sb*sd, sa**3, cb*sa**2, cd*sa**2, ca*sa**2, sb*sa**2, cc*sa**2, cb**2*sa, cd*cb*sa, ca*cb*sa, sb*cb*sa, cc*cb*sa, ca*cd*sa, sb*cd*sa, sb*ca*sa, cc*ca*sa, cc*sb*sa, cb**3, cd*cb**2, ca*cb**2, sb*cb**2, cc*cb**2, ca*cd*cb, sb*cd*cb, sb*ca*cb, cc*ca*cb, cc*sb*cb, sb*ca*cd, cc*sb*ca, sc**4, sd*sc**3, sa*sc**3, cb*sc**3, cd*sc**3, ca*sc**3, sb*sc**3, cc*sc**3, sa*sd*sc**2, cb*sd*sc**2, ca*sd*sc**2, sb*sd*sc**2, sa**2*sc**2, cb*sa*sc**2, cd*sa*sc**2, ca*sa*sc**2;['cc', 'sb', 'ca', 'cd', 'cb', 'sa', 'sd', 'sc']
41;cb;cb_ca_cc_sc_sd_cd_sa_sb;877.4313017689856;6408;1036.37109375;sd**2, sc*sd, cc**2, ca**2, cb**2, sd*cd*sb, sc*cd*sb, cc*cd*sb, ca*cd*sb, cb*cd*sb, cc*sd*sb, ca*sd*sb, cb*sd*sb, sc**2*sb, cc*sc*sb, ca*sc*sb, cb*sc*sb, ca*cc*sb, cb*cc*sb, cb*ca*sb, sa**3, cd*sa**2, sd*sa**2, sc*sa**2, cc*sa**2, ca*sa**2, cb*sa**2, cd**2*sa, sd*cd*sa, sc*cd*sa, cc*cd*sa, ca*cd*sa, cb*cd*sa, cc*sd*sa, ca*sd*sa, cb*sd*sa, sc**2*sa, cc*sc*sa, ca*sc*sa, cb*sc*sa, ca*cc*sa, cb*cc*sa, cb*ca*sa, cd**3, sd*cd**2, sc*cd**2, cc*cd**2, ca*cd**2, cb*cd**2, cc*sd*cd, ca*sd*cd, cb*sd*cd, sc**2*cd, cc*sc*cd, ca*sc*cd, cb*sc*cd, ca*cc*cd, cb*cc*cd, cb*ca*cd, ca*cc*sd, cb*cc*sd, cb*ca*sd, sc**3, cc*sc**2, ca*sc**2, cb*sc**2, ca*cc*sc, cb*cc*sc, cb*ca*sc, cb*ca*cc, sb**4, sa*sb**3, cd*sb**3, sd*sb**3, sc*sb**3, cc*sb**3, ca*sb**3, cb*sb**3, sa**2*sb**2, cd*sa*sb**2, sd*sa*sb**2, sc*sa*sb**2, cc*sa*sb**2, ca*sa*sb**2, cb*sa*sb**2, cd**2*sb**2;['cb', 'ca', 'cc', 'sc', 'sd', 'cd', 'sa', 'sb']
42;sc;sc_cd_cc_sd_sb_sa_cb_ca;496.80743990902556;5246;1034.40234375;sa**2, sb**2, cd*cc, cd**2, sc**2, sd*sa*ca, cc*sa*ca, cd*sa*ca, sc*sa*ca, sd*sb*ca, cc*sb*ca, cd*sb*ca, sc*sb*ca, sd**2*ca, cc*sd*ca, cd*sd*ca, sc*sd*ca, cc**2*ca, sc*cc*ca, sc*cd*ca, cb**3, sa*cb**2, sb*cb**2, sd*cb**2, cc*cb**2, cd*cb**2, sc*cb**2, sb*sa*cb, sd*sa*cb, cc*sa*cb, cd*sa*cb, sc*sa*cb, sd*sb*cb, cc*sb*cb, cd*sb*cb, sc*sb*cb, sd**2*cb, cc*sd*cb, cd*sd*cb, sc*sd*cb, cc**2*cb, sc*cc*cb, sc*cd*cb, sd*sb*sa, cc*sb*sa, cd*sb*sa, sc*sb*sa, sd**2*sa, cc*sd*sa, cd*sd*sa, sc*sd*sa, cc**2*sa, sc*cc*sa, sc*cd*sa, sd**2*sb, cc*sd*sb, cd*sd*sb, sc*sd*sb, cc**2*sb, sc*cc*sb, sc*cd*sb, sd**3, cc*sd**2, cd*sd**2, sc*sd**2, cc**2*sd, sc*cc*sd, sc*cd*sd, cc**3, sc*cc**2, ca**4, cb*ca**3, sa*ca**3, sb*ca**3, sd*ca**3, cc*ca**3, cd*ca**3, sc*ca**3, cb**2*ca**2, sa*cb*ca**2, sb*cb*ca**2, sd*cb*ca**2, cc*cb*ca**2, cd*cb*ca**2, sc*cb*ca**2, sb*sa*ca**2;['sc', 'cd', 'cc', 'sd', 'sb', 'sa', 'cb', 'ca']
43;sa;sa_cd_sb_sc_ca_sd_cb_cc;461.8152530200314;5934;1034.40234375;sc*sd, sc**2, sb**2, cd**2, sa**2, sd**2*cc, sb*sd*cc, cd*sd*cc, sa*sd*cc, ca**2*cc, sc*ca*cc, sb*ca*cc, cd*ca*cc, sa*ca*cc, sb*sc*cc, cd*sc*cc, sa*sc*cc, cd*sb*cc, sa*sb*cc, sa*cd*cc, cb**3, sd*cb**2, ca*cb**2, sc*cb**2, sb*cb**2, cd*cb**2, sa*cb**2, sd**2*cb, ca*sd*cb, sb*sd*cb, cd*sd*cb, sa*sd*cb, ca**2*cb, sc*ca*cb, sb*ca*cb, cd*ca*cb, sa*ca*cb, sb*sc*cb, cd*sc*cb, sa*sc*cb, cd*sb*cb, sa*sb*cb, sa*cd*cb, sd**3, ca*sd**2, sb*sd**2, cd*sd**2, sa*sd**2, ca**2*sd, sb*ca*sd, cd*ca*sd, sa*ca*sd, cd*sb*sd, sa*sb*sd, sa*cd*sd, ca**3, sc*ca**2, sb*ca**2, cd*ca**2, sa*ca**2, sb*sc*ca, cd*sc*ca, sa*sc*ca, cd*sb*ca, sa*sb*ca, sa*cd*ca, cd*sb*sc, sa*sb*sc, sa*cd*sc, sa*cd*sb, cc**4, cb*cc**3, sd*cc**3, ca*cc**3, sc*cc**3, sb*cc**3, cd*cc**3, sa*cc**3, cb**2*cc**2, sd*cb*cc**2, ca*cb*cc**2, sc*cb*cc**2, sb*cb*cc**2, cd*cb*cc**2, sa*cb*cc**2, ca*sd*cc**2;['sa', 'cd', 'sb', 'sc', 'ca', 'sd', 'cb', 'cc']
44;sb;sb_sd_cb_sc_cc_sa_ca_cd;557.4876385729876;6461;1034.40234375;sa**2, sc**2, sd*sc, sd**2, sb**2, sc*sa*cd, cb*sa*cd, sd*sa*cd, sb*sa*cd, cc**2*cd, sc*cc*cd, cb*cc*cd, sd*cc*cd, sb*cc*cd, cb*sc*cd, sb*sc*cd, cb**2*cd, sd*cb*cd, sb*cb*cd, sb*sd*cd, ca**3, sa*ca**2, cc*ca**2, sc*ca**2, cb*ca**2, sd*ca**2, sb*ca**2, cc*sa*ca, sc*sa*ca, cb*sa*ca, sd*sa*ca, sb*sa*ca, cc**2*ca, sc*cc*ca, cb*cc*ca, sd*cc*ca, sb*cc*ca, cb*sc*ca, sb*sc*ca, cb**2*ca, sd*cb*ca, sb*cb*ca, sb*sd*ca, cc**2*sa, sc*cc*sa, cb*cc*sa, sd*cc*sa, sb*cc*sa, cb*sc*sa, sb*sc*sa, cb**2*sa, sd*cb*sa, sb*cb*sa, sb*sd*sa, cc**3, sc*cc**2, cb*cc**2, sd*cc**2, sb*cc**2, cb*sc*cc, sb*sc*cc, cb**2*cc, sd*cb*cc, sb*cb*cc, sb*sd*cc, cb**2*sc, sb*cb*sc, cb**3, sd*cb**2, sb*cb**2, sb*sd*cb, cd**4, ca*cd**3, sa*cd**3, cc*cd**3, sc*cd**3, cb*cd**3, sd*cd**3, sb*cd**3, ca**2*cd**2, sa*ca*cd**2, cc*ca*cd**2, sc*ca*cd**2, cb*ca*cd**2, sd*ca*cd**2, sb*ca*cd**2, cc*sa*cd**2;['sb', 'sd', 'cb', 'sc', 'cc', 'sa', 'ca', 'cd']
45;ca;ca_cb_sb_sa_cc_cd_sd_sc;446.8218646000023;5541;1034.40234375;cd**2, cc*cd, cc**2, cb**2, ca**2, sd**2*sc, cd*sd*sc, cc*sd*sc, sa*cc*sc, sb*cc*sc, cb*cc*sc, ca*cc*sc, sa**2*sc, sb*sa*sc, cb*sa*sc, ca*sa*sc, sb**2*sc, cb*sb*sc, ca*sb*sc, ca*cb*sc, sd**3, cd*sd**2, cc*sd**2, sa*sd**2, sb*sd**2, cb*sd**2, ca*sd**2, sa*cd*sd, sb*cd*sd, cb*cd*sd, ca*cd*sd, sa*cc*sd, sb*cc*sd, cb*cc*sd, ca*cc*sd, sa**2*sd, sb*sa*sd, cb*sa*sd, ca*sa*sd, sb**2*sd, cb*sb*sd, ca*sb*sd, ca*cb*sd, sa**2*cd, sb*sa*cd, cb*sa*cd, ca*sa*cd, sb**2*cd, cb*sb*cd, ca*sb*cd, ca*cb*cd, sa**2*cc, sb*sa*cc, cb*sa*cc, ca*sa*cc, sb**2*cc, cb*sb*cc, ca*sb*cc, ca*cb*cc, sa**3, sb*sa**2, cb*sa**2, ca*sa**2, sb**2*sa, cb*sb*sa, ca*sb*sa, ca*cb*sa, sb**3, cb*sb**2, ca*sb**2, ca*cb*sb, sc**4, sd*sc**3, cd*sc**3, cc*sc**3, sa*sc**3, sb*sc**3, cb*sc**3, ca*sc**3, sa*sd*sc**2, sb*sd*sc**2, cb*sd*sc**2, ca*sd*sc**2, sa*cd*sc**2, sb*cd*sc**2, cb*cd*sc**2, ca*cd*sc**2;['ca', 'cb', 'sb', 'sa', 'cc', 'cd', 'sd', 'sc']
46;cd;cd_sc_sa_cc_cb_sb_ca_sd;846.7772394220228;8375;1073.07421875;cb**2, cd*cc, sa**2, sc**2, cd**2, cb*sb*sd, cc*sb*sd, sa*sb*sd, sc*sb*sd, cd*sb*sd, cc*cb*sd, sa*cb*sd, sc*cb*sd, cd*cb*sd, cc**2*sd, sa*cc*sd, sc*cc*sd, sc*sa*sd, cd*sa*sd, cd*sc*sd, ca**3, sb*ca**2, cb*ca**2, cc*ca**2, sa*ca**2, sc*ca**2, cd*ca**2, sb**2*ca, cb*sb*ca, cc*sb*ca, sa*sb*ca, sc*sb*ca, cd*sb*ca, cc*cb*ca, sa*cb*ca, sc*cb*ca, cd*cb*ca, cc**2*ca, sa*cc*ca, sc*cc*ca, sc*sa*ca, cd*sa*ca, cd*sc*ca, sb**3, cb*sb**2, cc*sb**2, sa*sb**2, sc*sb**2, cd*sb**2, cc*cb*sb, sa*cb*sb, sc*cb*sb, cd*cb*sb, cc**2*sb, sa*cc*sb, sc*cc*sb, sc*sa*sb, cd*sa*sb, cd*sc*sb, cc**2*cb, sa*cc*cb, sc*cc*cb, sc*sa*cb, cd*sa*cb, cd*sc*cb, cc**3, sa*cc**2, sc*cc**2, sc*sa*cc, cd*sc*sa, sd**4, ca*sd**3, sb*sd**3, cb*sd**3, cc*sd**3, sa*sd**3, sc*sd**3, cd*sd**3, ca**2*sd**2, sb*ca*sd**2, cb*ca*sd**2, cc*ca*sd**2, sa*ca*sd**2, sc*ca*sd**2, cd*ca*sd**2, sb**2*sd**2;['cd', 'sc', 'sa', 'cc', 'cb', 'sb', 'ca', 'sd']
47;sc;sc_sb_sa_cb_cd_cc_ca_sd;466.768950238009;6067;1073.07421875;cd*cc, cd**2, sa**2, sb**2, sc**2, cc**2*sd, sa*cc*sd, sb*cc*sd, sc*cc*sd, cb*cd*sd, sa*cd*sd, sb*cd*sd, sc*cd*sd, cb**2*sd, sa*cb*sd, sb*cb*sd, sc*cb*sd, sb*sa*sd, sc*sa*sd, sc*sb*sd, ca**3, cc*ca**2, cd*ca**2, cb*ca**2, sa*ca**2, sb*ca**2, sc*ca**2, cc**2*ca, cb*cc*ca, sa*cc*ca, sb*cc*ca, sc*cc*ca, cb*cd*ca, sa*cd*ca, sb*cd*ca, sc*cd*ca, cb**2*ca, sa*cb*ca, sb*cb*ca, sc*cb*ca, sb*sa*ca, sc*sa*ca, sc*sb*ca, cc**3, cb*cc**2, sa*cc**2, sb*cc**2, sc*cc**2, cb**2*cc, sa*cb*cc, sb*cb*cc, sc*cb*cc, sb*sa*cc, sc*sa*cc, sc*sb*cc, cb**2*cd, sa*cb*cd, sb*cb*cd, sc*cb*cd, sb*sa*cd, sc*sa*cd, sc*sb*cd, cb**3, sa*cb**2, sb*cb**2, sc*cb**2, sb*sa*cb, sc*sa*cb, sc*sb*cb, sc*sb*sa, sd**4, ca*sd**3, cc*sd**3, cd*sd**3, cb*sd**3, sa*sd**3, sb*sd**3, sc*sd**3, ca**2*sd**2, cc*ca*sd**2, cd*ca*sd**2, cb*ca*sd**2, sa*ca*sd**2, sb*ca*sd**2, sc*ca*sd**2, cb*cc*sd**2;['sc', 'sb', 'sa', 'cb', 'cd', 'cc', 'ca', 'sd']
48;cd;cd_sa_ca_sd_cb_sb_sc_cc;268.48047323396895;4940;1065.19921875;sc**2, sd*sc, cb**2, sa**2, cd**2, cd*sc*cc, sa*sb*cc, cd*sb*cc, sd*cb*cc, ca*cb*cc, sa*cb*cc, cd*cb*cc, sd**2*cc, ca*sd*cc, sa*sd*cc, cd*sd*cc, ca**2*cc, sa*ca*cc, cd*ca*cc, cd*sa*cc, sb**2*sc, cb*sb*sc, ca*sb*sc, sa*sb*sc, cd*sb*sc, ca*cb*sc, sa*cb*sc, cd*cb*sc, ca**2*sc, sa*ca*sc, cd*ca*sc, cd*sa*sc, sb**3, cb*sb**2, sd*sb**2, ca*sb**2, sa*sb**2, cd*sb**2, sd*cb*sb, ca*cb*sb, sa*cb*sb, cd*cb*sb, sd**2*sb, ca*sd*sb, sa*sd*sb, cd*sd*sb, ca**2*sb, sa*ca*sb, cd*ca*sb, cd*sa*sb, sd**2*cb, ca*sd*cb, sa*sd*cb, cd*sd*cb, ca**2*cb, sa*ca*cb, cd*ca*cb, cd*sa*cb, sd**3, ca*sd**2, sa*sd**2, cd*sd**2, ca**2*sd, sa*ca*sd, cd*ca*sd, cd*sa*sd, ca**3, sa*ca**2, cd*ca**2, cd*sa*ca, cc**4, sc*cc**3, sb*cc**3, cb*cc**3, sd*cc**3, ca*cc**3, sa*cc**3, cd*cc**3, sb*sc*cc**2, cb*sc*cc**2, ca*sc*cc**2, sa*sc*cc**2, sb**2*cc**2, cb*sb*cc**2, sd*sb*cc**2, ca*sb*cc**2;['cd', 'sa', 'ca', 'sd', 'cb', 'sb', 'sc', 'cc']
49;cd;cd_sc_sa_cb_ca_sb_cc_sd;438.53260506602237;5318;1059.29296875;cd*cc, cb**2, sa**2, sc**2, cd**2, cc**2*sd, sc*cc*sd, sc*sb*sd, cd*sb*sd, ca**2*sd, cb*ca*sd, sa*ca*sd, sc*ca*sd, cd*ca*sd, sa*cb*sd, sc*cb*sd, cd*cb*sd, sc*sa*sd, cd*sa*sd, cd*sc*sd, cc**3, sb*cc**2, ca*cc**2, cb*cc**2, sa*cc**2, sc*cc**2, sb**2*cc, ca*sb*cc, cb*sb*cc, sa*sb*cc, sc*sb*cc, ca**2*cc, cb*ca*cc, sa*ca*cc, sc*ca*cc, sa*cb*cc, sc*cb*cc, sc*sa*cc, sb**3, ca*sb**2, cb*sb**2, sa*sb**2, sc*sb**2, cd*sb**2, ca**2*sb, cb*ca*sb, sa*ca*sb, sc*ca*sb, cd*ca*sb, sa*cb*sb, sc*cb*sb, cd*cb*sb, sc*sa*sb, cd*sa*sb, cd*sc*sb, ca**3, cb*ca**2, sa*ca**2, sc*ca**2, cd*ca**2, sa*cb*ca, sc*cb*ca, cd*cb*ca, sc*sa*ca, cd*sa*ca, cd*sc*ca, sc*sa*cb, cd*sa*cb, cd*sc*cb, cd*sc*sa, sd**4, cc*sd**3, sb*sd**3, ca*sd**3, cb*sd**3, sa*sd**3, sc*sd**3, cd*sd**3, sb*cc*sd**2, ca*cc*sd**2, cb*cc*sd**2, sa*cc*sd**2, sb**2*sd**2, ca*sb*sd**2, cb*sb*sd**2, sa*sb*sd**2;['cd', 'sc', 'sa', 'cb', 'ca', 'sb', 'cc', 'sd']
50;cc;cc_cb_sa_cd_sb_ca_sd_sc;509.8128007799969;5498;1054.37109375;cd**2, cc*cd, sa**2, cb**2, cc**2, sd**2*sc, cd*sd*sc, cc*sd*sc, cb*ca*sc, cc*ca*sc, sb**2*sc, cd*sb*sc, sa*sb*sc, cb*sb*sc, cc*sb*sc, sa*cd*sc, cb*cd*sc, cb*sa*sc, cc*sa*sc, cc*cb*sc, sd**3, ca*sd**2, sb*sd**2, cd*sd**2, sa*sd**2, cb*sd**2, cc*sd**2, ca**2*sd, sb*ca*sd, cd*ca*sd, sa*ca*sd, cb*ca*sd, cc*ca*sd, sb**2*sd, cd*sb*sd, sa*sb*sd, cb*sb*sd, cc*sb*sd, sa*cd*sd, cb*cd*sd, cb*sa*sd, cc*sa*sd, cc*cb*sd, ca**3, sb*ca**2, cd*ca**2, sa*ca**2, cb*ca**2, cc*ca**2, sb**2*ca, cd*sb*ca, sa*sb*ca, cb*sb*ca, cc*sb*ca, sa*cd*ca, cb*cd*ca, cb*sa*ca, cc*sa*ca, cc*cb*ca, sb**3, cd*sb**2, sa*sb**2, cb*sb**2, cc*sb**2, sa*cd*sb, cb*cd*sb, cb*sa*sb, cc*sa*sb, cc*cb*sb, cb*sa*cd, cc*cb*sa, sc**4, sd*sc**3, ca*sc**3, sb*sc**3, cd*sc**3, sa*sc**3, cb*sc**3, cc*sc**3, ca*sd*sc**2, sb*sd*sc**2, sa*sd*sc**2, cb*sd*sc**2, ca**2*sc**2, sb*ca*sc**2, cd*ca*sc**2, sa*ca*sc**2;['cc', 'cb', 'sa', 'cd', 'sb', 'ca', 'sd', 'sc']
51;ca;ca_sc_sa_cd_cb_cc_sd_sb;620.7757613339927;6100;1054.37109375;cd*cc, cb**2, cd**2, sc**2, ca**2, cb*cc*sb, sa*cc*sb, sc*cc*sb, ca*cc*sb, cd*cb*sb, sa*cb*sb, sc*cb*sb, ca*cb*sb, sa*cd*sb, sc*cd*sb, ca*cd*sb, sa**2*sb, sc*sa*sb, ca*sa*sb, ca*sc*sb, sd**3, cc*sd**2, cb*sd**2, cd*sd**2, sa*sd**2, sc*sd**2, ca*sd**2, cc**2*sd, cb*cc*sd, sa*cc*sd, sc*cc*sd, ca*cc*sd, cd*cb*sd, sa*cb*sd, sc*cb*sd, ca*cb*sd, sa*cd*sd, sc*cd*sd, ca*cd*sd, sa**2*sd, sc*sa*sd, ca*sa*sd, ca*sc*sd, cc**3, cb*cc**2, sa*cc**2, sc*cc**2, ca*cc**2, sa*cb*cc, sc*cb*cc, ca*cb*cc, sa**2*cc, sc*sa*cc, ca*sa*cc, ca*sc*cc, sa*cd*cb, sc*cd*cb, ca*cd*cb, sa**2*cb, sc*sa*cb, ca*sa*cb, ca*sc*cb, sa**2*cd, sc*sa*cd, ca*sa*cd, ca*sc*cd, sa**3, sc*sa**2, ca*sa**2, ca*sc*sa, sb**4, sd*sb**3, cc*sb**3, cb*sb**3, cd*sb**3, sa*sb**3, sc*sb**3, ca*sb**3, sd**2*sb**2, cc*sd*sb**2, cb*sd*sb**2, cd*sd*sb**2, sa*sd*sb**2, sc*sd*sb**2, ca*sd*sb**2, cc**2*sb**2;['ca', 'sc', 'sa', 'cd', 'cb', 'cc', 'sd', 'sb']
52;sb;sb_cb_sc_cc_sa_ca_cd_sd;253.15369854698656;5151;1050.43359375;cd**2, cc*cd, sa**2, sc**2, sb**2, sc*cd*sd, cb*ca*sd, sb*ca*sd, cc*sa*sd, sc*sa*sd, cb*sa*sd, sb*sa*sd, cc**2*sd, sc*cc*sd, cb*cc*sd, sb*cc*sd, cb*sc*sd, sb*sc*sd, cb**2*sd, sb*cb*sd, ca**2*cd, sa*ca*cd, sc*ca*cd, cb*ca*cd, sb*ca*cd, sc*sa*cd, cb*sa*cd, sb*sa*cd, cb*sc*cd, sb*sc*cd, cb**2*cd, sb*cb*cd, ca**3, sa*ca**2, cc*ca**2, sc*ca**2, cb*ca**2, sb*ca**2, cc*sa*ca, sc*sa*ca, cb*sa*ca, sb*sa*ca, cc**2*ca, sc*cc*ca, cb*cc*ca, sb*cc*ca, cb*sc*ca, sb*sc*ca, cb**2*ca, sb*cb*ca, cc**2*sa, sc*cc*sa, cb*cc*sa, sb*cc*sa, cb*sc*sa, sb*sc*sa, cb**2*sa, sb*cb*sa, cc**3, sc*cc**2, cb*cc**2, sb*cc**2, cb*sc*cc, sb*sc*cc, cb**2*cc, sb*cb*cc, cb**2*sc, sb*cb*sc, cb**3, sb*cb**2, sd**4, cd*sd**3, ca*sd**3, sa*sd**3, cc*sd**3, sc*sd**3, cb*sd**3, sb*sd**3, ca*cd*sd**2, sa*cd*sd**2, cb*cd*sd**2, sb*cd*sd**2, ca**2*sd**2, sa*ca*sd**2, cc*ca*sd**2, sc*ca*sd**2;['sb', 'cb', 'sc', 'cc', 'sa', 'ca', 'cd', 'sd']
53;sa;sa_cd_cc_cb_sb_ca_sd_sc;458.4003808820271;5723;1046.49609375;cb**2, cc**2, cd*cc, cd**2, sa**2, sd**2*sc, cc*sd*sc, cd*sd*sc, cd*ca*sc, sa*ca*sc, sb**2*sc, cb*sb*sc, cc*sb*sc, cd*sb*sc, sa*sb*sc, cc*cb*sc, cd*cb*sc, sa*cb*sc, sa*cc*sc, sa*cd*sc, sd**3, ca*sd**2, sb*sd**2, cb*sd**2, cc*sd**2, cd*sd**2, sa*sd**2, ca**2*sd, sb*ca*sd, cb*ca*sd, cc*ca*sd, cd*ca*sd, sa*ca*sd, sb**2*sd, cb*sb*sd, cc*sb*sd, cd*sb*sd, sa*sb*sd, cc*cb*sd, cd*cb*sd, sa*cb*sd, sa*cc*sd, sa*cd*sd, ca**3, sb*ca**2, cb*ca**2, cc*ca**2, cd*ca**2, sa*ca**2, sb**2*ca, cb*sb*ca, cc*sb*ca, cd*sb*ca, sa*sb*ca, cc*cb*ca, cd*cb*ca, sa*cb*ca, sa*cc*ca, sa*cd*ca, sb**3, cb*sb**2, cc*sb**2, cd*sb**2, sa*sb**2, cc*cb*sb, cd*cb*sb, sa*cb*sb, sa*cc*sb, sa*cd*sb, sa*cc*cb, sa*cd*cb, sc**4, sd*sc**3, ca*sc**3, sb*sc**3, cb*sc**3, cc*sc**3, cd*sc**3, sa*sc**3, ca*sd*sc**2, sb*sd*sc**2, cb*sd*sc**2, sa*sd*sc**2, ca**2*sc**2, sb*ca*sc**2, cb*ca*sc**2, cc*ca*sc**2;['sa', 'cd', 'cc', 'cb', 'sb', 'ca', 'sd', 'sc']
54;cd;cd_sb_sd_sa_ca_cc_sc_cb;694.2797991129919;6276;1042.55859375;cc**2, cd*cc, sa**2, sb**2, cd**2, sa*cc*cb, sd*cc*cb, sb*cc*cb, ca**2*cb, sa*ca*cb, sd*ca*cb, sb*ca*cb, cd*ca*cb, sd*sa*cb, sb*sa*cb, cd*sa*cb, sd**2*cb, sb*sd*cb, cd*sd*cb, cd*sb*cb, sc**3, cc*sc**2, ca*sc**2, sa*sc**2, sd*sc**2, sb*sc**2, cd*sc**2, ca*cc*sc, sa*cc*sc, sd*cc*sc, sb*cc*sc, ca**2*sc, sa*ca*sc, sd*ca*sc, sb*ca*sc, cd*ca*sc, sd*sa*sc, sb*sa*sc, cd*sa*sc, sd**2*sc, sb*sd*sc, cd*sd*sc, cd*sb*sc, ca**2*cc, sa*ca*cc, sd*ca*cc, sb*ca*cc, sd*sa*cc, sb*sa*cc, sd**2*cc, sb*sd*cc, ca**3, sa*ca**2, sd*ca**2, sb*ca**2, cd*ca**2, sd*sa*ca, sb*sa*ca, cd*sa*ca, sd**2*ca, sb*sd*ca, cd*sd*ca, cd*sb*ca, sd**2*sa, sb*sd*sa, cd*sd*sa, cd*sb*sa, sd**3, sb*sd**2, cd*sd**2, cd*sb*sd, cb**4, sc*cb**3, cc*cb**3, ca*cb**3, sa*cb**3, sd*cb**3, sb*cb**3, cd*cb**3, sc**2*cb**2, cc*sc*cb**2, ca*sc*cb**2, sa*sc*cb**2, sd*sc*cb**2, sb*sc*cb**2, cd*sc*cb**2, ca*cc*cb**2;['cd', 'sb', 'sd', 'sa', 'ca', 'cc', 'sc', 'cb']
55;cc;cc_cb_sc_ca_sb_sd_cd_sa;493.8572814600193;6125;1041.57421875;sd**2, sc*sd, ca**2, cb**2, cc**2, ca*sd*sa, cb*sd*sa, cc*sd*sa, sb**2*sa, ca*sb*sa, sc*sb*sa, cb*sb*sa, cc*sb*sa, sc*ca*sa, cb*ca*sa, cc*ca*sa, sc**2*sa, cb*sc*sa, cc*sc*sa, cc*cb*sa, cd**3, sd*cd**2, sb*cd**2, ca*cd**2, sc*cd**2, cb*cd**2, cc*cd**2, sb*sd*cd, ca*sd*cd, cb*sd*cd, cc*sd*cd, sb**2*cd, ca*sb*cd, sc*sb*cd, cb*sb*cd, cc*sb*cd, sc*ca*cd, cb*ca*cd, cc*ca*cd, sc**2*cd, cb*sc*cd, cc*sc*cd, cc*cb*cd, sb**2*sd, ca*sb*sd, cb*sb*sd, cc*sb*sd, cb*ca*sd, cc*ca*sd, cc*cb*sd, sb**3, ca*sb**2, sc*sb**2, cb*sb**2, cc*sb**2, sc*ca*sb, cb*ca*sb, cc*ca*sb, sc**2*sb, cb*sc*sb, cc*sc*sb, cc*cb*sb, sc**2*ca, cb*sc*ca, cc*sc*ca, cc*cb*ca, sc**3, cb*sc**2, cc*sc**2, cc*cb*sc, sa**4, cd*sa**3, sd*sa**3, sb*sa**3, ca*sa**3, sc*sa**3, cb*sa**3, cc*sa**3, cd**2*sa**2, sd*cd*sa**2, sb*cd*sa**2, ca*cd*sa**2, sc*cd*sa**2, cb*cd*sa**2, cc*cd*sa**2, sb*sd*sa**2;['cc', 'cb', 'sc', 'ca', 'sb', 'sd', 'cd', 'sa']
56;ca;ca_cd_sb_sa_cc_sd_cb_sc;777.3343442219775;6739;1040.58984375;cc**2, cd*cc, sb**2, cd**2, ca**2, sd**2*sc, cc*sd*sc, sb*sd*sc, cd*sd*sc, ca*sd*sc, sa*cc*sc, sb*cc*sc, ca*cc*sc, sa**2*sc, sb*sa*sc, cd*sa*sc, ca*sa*sc, cd*sb*sc, ca*sb*sc, ca*cd*sc, cb**3, sd*cb**2, cc*cb**2, sa*cb**2, sb*cb**2, cd*cb**2, ca*cb**2, sd**2*cb, cc*sd*cb, sa*sd*cb, sb*sd*cb, cd*sd*cb, ca*sd*cb, sa*cc*cb, sb*cc*cb, ca*cc*cb, sa**2*cb, sb*sa*cb, cd*sa*cb, ca*sa*cb, cd*sb*cb, ca*sb*cb, ca*cd*cb, sd**3, cc*sd**2, sa*sd**2, sb*sd**2, cd*sd**2, ca*sd**2, sa*cc*sd, sb*cc*sd, ca*cc*sd, sa**2*sd, sb*sa*sd, cd*sa*sd, ca*sa*sd, cd*sb*sd, ca*sb*sd, ca*cd*sd, sa**2*cc, sb*sa*cc, ca*sa*cc, ca*sb*cc, sa**3, sb*sa**2, cd*sa**2, ca*sa**2, cd*sb*sa, ca*sb*sa, ca*cd*sa, ca*cd*sb, sc**4, cb*sc**3, sd*sc**3, cc*sc**3, sa*sc**3, sb*sc**3, cd*sc**3, ca*sc**3, cb**2*sc**2, sd*cb*sc**2, cc*cb*sc**2, sa*cb*sc**2, sb*cb*sc**2, cd*cb*sc**2, ca*cb*sc**2, sa*sd*sc**2;['ca', 'cd', 'sb', 'sa', 'cc', 'sd', 'cb', 'sc']
57;cb;cb_sa_sb_sc_sd_ca_cc_cd;450.049336356984;5660;1040.58984375;sd**2, sc*sd, sc**2, sa**2, cb**2, cc**2*cd, sd*cc*cd, sc*cc*cd, sa*ca*cd, cb*ca*cd, sb*sd*cd, sa*sd*cd, cb*sd*cd, sb*sc*cd, sa*sc*cd, cb*sc*cd, sb**2*cd, sa*sb*cd, cb*sb*cd, cb*sa*cd, cc**3, ca*cc**2, sd*cc**2, sc*cc**2, sb*cc**2, sa*cc**2, cb*cc**2, ca**2*cc, sd*ca*cc, sc*ca*cc, sb*ca*cc, sa*ca*cc, cb*ca*cc, sb*sd*cc, sa*sd*cc, cb*sd*cc, sb*sc*cc, sa*sc*cc, cb*sc*cc, sb**2*cc, sa*sb*cc, cb*sb*cc, cb*sa*cc, ca**3, sd*ca**2, sc*ca**2, sb*ca**2, sa*ca**2, cb*ca**2, sb*sd*ca, sa*sd*ca, cb*sd*ca, sb*sc*ca, sa*sc*ca, cb*sc*ca, sb**2*ca, sa*sb*ca, cb*sb*ca, cb*sa*ca, sb**2*sd, sa*sb*sd, cb*sb*sd, cb*sa*sd, sb**2*sc, sa*sb*sc, cb*sb*sc, cb*sa*sc, sb**3, sa*sb**2, cb*sb**2, cb*sa*sb, cd**4, cc*cd**3, ca*cd**3, sd*cd**3, sc*cd**3, sb*cd**3, sa*cd**3, cb*cd**3, ca*cc*cd**2, sb*cc*cd**2, sa*cc*cd**2, cb*cc*cd**2, ca**2*cd**2, sd*ca*cd**2, sc*ca*cd**2, sb*ca*cd**2;['cb', 'sa', 'sb', 'sc', 'sd', 'ca', 'cc', 'cd']
58;sb;sb_sc_cc_ca_cd_sd_sa_cb;1205.2318159139832;6402;1040.58984375;cd**2, cc*cd, ca**2, sc**2, sb**2, cd*sd*cb, ca*sd*cb, cc*sd*cb, sc*sd*cb, sb*sd*cb, ca*cd*cb, sc*cd*cb, sb*cd*cb, cc*ca*cb, sc*ca*cb, sb*ca*cb, cc**2*cb, sc*cc*cb, sb*cc*cb, sb*sc*cb, sa**3, sd*sa**2, cd*sa**2, ca*sa**2, cc*sa**2, sc*sa**2, sb*sa**2, sd**2*sa, cd*sd*sa, ca*sd*sa, cc*sd*sa, sc*sd*sa, sb*sd*sa, ca*cd*sa, sc*cd*sa, sb*cd*sa, cc*ca*sa, sc*ca*sa, sb*ca*sa, cc**2*sa, sc*cc*sa, sb*cc*sa, sb*sc*sa, sd**3, cd*sd**2, ca*sd**2, cc*sd**2, sc*sd**2, sb*sd**2, ca*cd*sd, sc*cd*sd, sb*cd*sd, cc*ca*sd, sc*ca*sd, sb*ca*sd, cc**2*sd, sc*cc*sd, sb*cc*sd, sb*sc*sd, sc*ca*cd, sb*ca*cd, sb*sc*cd, cc**2*ca, sc*cc*ca, sb*cc*ca, sb*sc*ca, cc**3, sc*cc**2, sb*cc**2, sb*sc*cc, cb**4, sa*cb**3, sd*cb**3, cd*cb**3, ca*cb**3, cc*cb**3, sc*cb**3, sb*cb**3, sa**2*cb**2, sd*sa*cb**2, cd*sa*cb**2, ca*sa*cb**2, cc*sa*cb**2, sc*sa*cb**2, sb*sa*cb**2, sd**2*cb**2;['sb', 'sc', 'cc', 'ca', 'cd', 'sd', 'sa', 'cb']
59;cb;cb_cc_cd_ca_sb_sa_sd_sc;981.5042046050075;5626;1038.62109375;ca**2, cd**2, cc*cd, cc**2, cb**2, sd**2*sc, cd*sd*sc, cc*sd*sc, cc*sa*sc, cb*sa*sc, sb**2*sc, ca*sb*sc, cd*sb*sc, cc*sb*sc, cb*sb*sc, cd*ca*sc, cc*ca*sc, cb*ca*sc, cb*cd*sc, cb*cc*sc, sd**3, sa*sd**2, sb*sd**2, ca*sd**2, cd*sd**2, cc*sd**2, cb*sd**2, sa**2*sd, sb*sa*sd, ca*sa*sd, cd*sa*sd, cc*sa*sd, cb*sa*sd, sb**2*sd, ca*sb*sd, cd*sb*sd, cc*sb*sd, cb*sb*sd, cd*ca*sd, cc*ca*sd, cb*ca*sd, cb*cd*sd, cb*cc*sd, sa**3, sb*sa**2, ca*sa**2, cd*sa**2, cc*sa**2, cb*sa**2, sb**2*sa, ca*sb*sa, cd*sb*sa, cc*sb*sa, cb*sb*sa, cd*ca*sa, cc*ca*sa, cb*ca*sa, cb*cd*sa, cb*cc*sa, sb**3, ca*sb**2, cd*sb**2, cc*sb**2, cb*sb**2, cd*ca*sb, cc*ca*sb, cb*ca*sb, cb*cd*sb, cb*cc*sb, cb*cd*ca, cb*cc*ca, sc**4, sd*sc**3, sa*sc**3, sb*sc**3, ca*sc**3, cd*sc**3, cc*sc**3, cb*sc**3, sa*sd*sc**2, sb*sd*sc**2, ca*sd*sc**2, cb*sd*sc**2, sa**2*sc**2, sb*sa*sc**2, ca*sa*sc**2, cd*sa*sc**2;['cb', 'cc', 'cd', 'ca', 'sb', 'sa', 'sd', 'sc']
60;sd;sd_sa_sb_cc_cb_cd_ca_sc;391.76192016602727;5994;1038.62109375;cc*cd, cc**2, sb**2, sa**2, sd**2, cd**2*sc, sb*cd*sc, sa*cd*sc, sd*cd*sc, cb**2*sc, cc*cb*sc, sb*cb*sc, sa*cb*sc, sd*cb*sc, sb*cc*sc, sa*cc*sc, sd*cc*sc, sa*sb*sc, sd*sb*sc, sd*sa*sc, ca**3, cd*ca**2, cb*ca**2, cc*ca**2, sb*ca**2, sa*ca**2, sd*ca**2, cd**2*ca, cb*cd*ca, sb*cd*ca, sa*cd*ca, sd*cd*ca, cb**2*ca, cc*cb*ca, sb*cb*ca, sa*cb*ca, sd*cb*ca, sb*cc*ca, sa*cc*ca, sd*cc*ca, sa*sb*ca, sd*sb*ca, sd*sa*ca, cd**3, cb*cd**2, sb*cd**2, sa*cd**2, sd*cd**2, cb**2*cd, sb*cb*cd, sa*cb*cd, sd*cb*cd, sa*sb*cd, sd*sb*cd, sd*sa*cd, cb**3, cc*cb**2, sb*cb**2, sa*cb**2, sd*cb**2, sb*cc*cb, sa*cc*cb, sd*cc*cb, sa*sb*cb, sd*sb*cb, sd*sa*cb, sa*sb*cc, sd*sb*cc, sd*sa*cc, sd*sa*sb, sc**4, ca*sc**3, cd*sc**3, cb*sc**3, cc*sc**3, sb*sc**3, sa*sc**3, sd*sc**3, ca**2*sc**2, cd*ca*sc**2, cb*ca*sc**2, cc*ca*sc**2, sb*ca*sc**2, sa*ca*sc**2, sd*ca*sc**2, cb*cd*sc**2;['sd', 'sa', 'sb', 'cc', 'cb', 'cd', 'ca', 'sc']
61;ca;ca_cd_sc_sa_sd_sb_cc_cb;731.7306700539775;6174;1038.62890625;sb**2, sc*sd, sc**2, cd**2, ca**2, sa*sb*cb, sc*sb*cb, cd*sb*cb, ca*sb*cb, sd**2*cb, sa*sd*cb, cd*sd*cb, ca*sd*cb, sa**2*cb, sc*sa*cb, cd*sa*cb, ca*sa*cb, cd*sc*cb, ca*sc*cb, ca*cd*cb, cc**3, sb*cc**2, sd*cc**2, sa*cc**2, sc*cc**2, cd*cc**2, ca*cc**2, sd*sb*cc, sa*sb*cc, sc*sb*cc, cd*sb*cc, ca*sb*cc, sd**2*cc, sa*sd*cc, cd*sd*cc, ca*sd*cc, sa**2*cc, sc*sa*cc, cd*sa*cc, ca*sa*cc, cd*sc*cc, ca*sc*cc, ca*cd*cc, sd**2*sb, sa*sd*sb, cd*sd*sb, ca*sd*sb, sa**2*sb, sc*sa*sb, cd*sa*sb, ca*sa*sb, cd*sc*sb, ca*sc*sb, ca*cd*sb, sd**3, sa*sd**2, cd*sd**2, ca*sd**2, sa**2*sd, cd*sa*sd, ca*sa*sd, ca*cd*sd, sa**3, sc*sa**2, cd*sa**2, ca*sa**2, cd*sc*sa, ca*sc*sa, ca*cd*sa, ca*cd*sc, cb**4, cc*cb**3, sb*cb**3, sd*cb**3, sa*cb**3, sc*cb**3, cd*cb**3, ca*cb**3, cc**2*cb**2, sb*cc*cb**2, sd*cc*cb**2, sa*cc*cb**2, sc*cc*cb**2, cd*cc*cb**2, ca*cc*cb**2, sd*sb*cb**2;['ca', 'cd', 'sc', 'sa', 'sd', 'sb', 'cc', 'cb']
62;cb;cb_sa_sc_cc_ca_sd_sb_cd;667.9794138500001;6196;1038.62890625;sd**2, sc*sd, sc**2, sa**2, cb**2, cc*sd*cd, sa*sd*cd, cb*sd*cd, ca**2*cd, cc*ca*cd, sc*ca*cd, sa*ca*cd, cb*ca*cd, cc**2*cd, sc*cc*cd, sa*cc*cd, cb*cc*cd, sa*sc*cd, cb*sc*cd, cb*sa*cd, sb**3, sd*sb**2, ca*sb**2, cc*sb**2, sc*sb**2, sa*sb**2, cb*sb**2, ca*sd*sb, cc*sd*sb, sa*sd*sb, cb*sd*sb, ca**2*sb, cc*ca*sb, sc*ca*sb, sa*ca*sb, cb*ca*sb, cc**2*sb, sc*cc*sb, sa*cc*sb, cb*cc*sb, sa*sc*sb, cb*sc*sb, cb*sa*sb, ca**2*sd, cc*ca*sd, sa*ca*sd, cb*ca*sd, cc**2*sd, sa*cc*sd, cb*cc*sd, cb*sa*sd, ca**3, cc*ca**2, sc*ca**2, sa*ca**2, cb*ca**2, cc**2*ca, sc*cc*ca, sa*cc*ca, cb*cc*ca, sa*sc*ca, cb*sc*ca, cb*sa*ca, cc**3, sc*cc**2, sa*cc**2, cb*cc**2, sa*sc*cc, cb*sc*cc, cb*sa*cc, cb*sa*sc, cd**4, sb*cd**3, sd*cd**3, ca*cd**3, cc*cd**3, sc*cd**3, sa*cd**3, cb*cd**3, sb**2*cd**2, sd*sb*cd**2, ca*sb*cd**2, cc*sb*cd**2, sc*sb*cd**2, sa*sb*cd**2, cb*sb*cd**2, ca*sd*cd**2;['cb', 'sa', 'sc', 'cc', 'ca', 'sd', 'sb', 'cd']
63;sc;sc_sa_cb_sb_cd_cc_sd_ca;533.5649357339717;5998;1038.62890625;cd*cc, cd**2, cb**2, sa**2, sc**2, sb*cc*ca, cb*cc*ca, sa*cc*ca, sc*cc*ca, sb*cd*ca, cb*cd*ca, sa*cd*ca, sc*cd*ca, sb**2*ca, cb*sb*ca, sa*sb*ca, sc*sb*ca, sa*cb*ca, sc*cb*ca, sc*sa*ca, sd**3, cc*sd**2, cd*sd**2, sb*sd**2, cb*sd**2, sa*sd**2, sc*sd**2, cc**2*sd, sb*cc*sd, cb*cc*sd, sa*cc*sd, sc*cc*sd, sb*cd*sd, cb*cd*sd, sa*cd*sd, sc*cd*sd, sb**2*sd, cb*sb*sd, sa*sb*sd, sc*sb*sd, sa*cb*sd, sc*cb*sd, sc*sa*sd, cc**3, sb*cc**2, cb*cc**2, sa*cc**2, sc*cc**2, sb**2*cc, cb*sb*cc, sa*sb*cc, sc*sb*cc, sa*cb*cc, sc*cb*cc, sc*sa*cc, sb**2*cd, cb*sb*cd, sa*sb*cd, sc*sb*cd, sa*cb*cd, sc*cb*cd, sc*sa*cd, sb**3, cb*sb**2, sa*sb**2, sc*sb**2, sa*cb*sb, sc*cb*sb, sc*sa*sb, sc*sa*cb, ca**4, sd*ca**3, cc*ca**3, cd*ca**3, sb*ca**3, cb*ca**3, sa*ca**3, sc*ca**3, sd**2*ca**2, cc*sd*ca**2, cd*sd*ca**2, sb*sd*ca**2, cb*sd*ca**2, sa*sd*ca**2, sc*sd*ca**2, cc**2*ca**2;['sc', 'sa', 'cb', 'sb', 'cd', 'cc', 'sd', 'ca']
64;cb;cb_sc_cd_sb_sa_sd_cc_ca;941.0290131029906;6137;1038.62890625;sc*sd, sa**2, cd**2, sc**2, cb**2, sa*sd*ca, sb*sd*ca, cd*sd*ca, cb*sd*ca, sb*sa*ca, cd*sa*ca, sc*sa*ca, cb*sa*ca, sb**2*ca, cd*sb*ca, sc*sb*ca, cb*sb*ca, sc*cd*ca, cb*cd*ca, cb*sc*ca, cc**3, sd*cc**2, sa*cc**2, sb*cc**2, cd*cc**2, sc*cc**2, cb*cc**2, sd**2*cc, sa*sd*cc, sb*sd*cc, cd*sd*cc, cb*sd*cc, sb*sa*cc, cd*sa*cc, sc*sa*cc, cb*sa*cc, sb**2*cc, cd*sb*cc, sc*sb*cc, cb*sb*cc, sc*cd*cc, cb*cd*cc, cb*sc*cc, sd**3, sa*sd**2, sb*sd**2, cd*sd**2, cb*sd**2, sb*sa*sd, cd*sa*sd, cb*sa*sd, sb**2*sd, cd*sb*sd, cb*sb*sd, cb*cd*sd, sb**2*sa, cd*sb*sa, sc*sb*sa, cb*sb*sa, sc*cd*sa, cb*cd*sa, cb*sc*sa, sb**3, cd*sb**2, sc*sb**2, cb*sb**2, sc*cd*sb, cb*cd*sb, cb*sc*sb, cb*sc*cd, ca**4, cc*ca**3, sd*ca**3, sa*ca**3, sb*ca**3, cd*ca**3, sc*ca**3, cb*ca**3, cc**2*ca**2, sd*cc*ca**2, sa*cc*ca**2, sb*cc*ca**2, cd*cc*ca**2, sc*cc*ca**2, cb*cc*ca**2, sd**2*ca**2;['cb', 'sc', 'cd', 'sb', 'sa', 'sd', 'cc', 'ca']
65;cd;cd_ca_sc_sa_cc_cb_sd_sb;1061.0099266110337;6299;1055.25;cb**2, cd*cc, sc**2, ca**2, cd**2, sa*cb*sb, sc*cb*sb, ca*cb*sb, cd*cb*sb, cc**2*sb, sa*cc*sb, sc*cc*sb, ca*cc*sb, sa**2*sb, sc*sa*sb, ca*sa*sb, cd*sa*sb, ca*sc*sb, cd*sc*sb, cd*ca*sb, sd**3, cb*sd**2, cc*sd**2, sa*sd**2, sc*sd**2, ca*sd**2, cd*sd**2, cc*cb*sd, sa*cb*sd, sc*cb*sd, ca*cb*sd, cd*cb*sd, cc**2*sd, sa*cc*sd, sc*cc*sd, ca*cc*sd, sa**2*sd, sc*sa*sd, ca*sa*sd, cd*sa*sd, ca*sc*sd, cd*sc*sd, cd*ca*sd, cc**2*cb, sa*cc*cb, sc*cc*cb, ca*cc*cb, sa**2*cb, sc*sa*cb, ca*sa*cb, cd*sa*cb, ca*sc*cb, cd*sc*cb, cd*ca*cb, cc**3, sa*cc**2, sc*cc**2, ca*cc**2, sa**2*cc, sc*sa*cc, ca*sa*cc, ca*sc*cc, sa**3, sc*sa**2, ca*sa**2, cd*sa**2, ca*sc*sa, cd*sc*sa, cd*ca*sa, cd*ca*sc, sb**4, sd*sb**3, cb*sb**3, cc*sb**3, sa*sb**3, sc*sb**3, ca*sb**3, cd*sb**3, sd**2*sb**2, cb*sd*sb**2, cc*sd*sb**2, sa*sd*sb**2, sc*sd*sb**2, ca*sd*sb**2, cd*sd*sb**2, cc*cb*sb**2;['cd', 'ca', 'sc', 'sa', 'cc', 'cb', 'sd', 'sb']
66;sa;sa_sb_cd_cb_cc_sc_sd_ca;966.8413803920266;6371;1055.25;cc**2, cd*cc, cd**2, sb**2, sa**2, cc*sc*ca, cb*sc*ca, cd*sc*ca, sb*sc*ca, sa*sc*ca, cb*cc*ca, sb*cc*ca, sa*cc*ca, cb**2*ca, cd*cb*ca, sb*cb*ca, sa*cb*ca, sb*cd*ca, sa*cd*ca, sa*sb*ca, sd**3, sc*sd**2, cc*sd**2, cb*sd**2, cd*sd**2, sb*sd**2, sa*sd**2, sc**2*sd, cc*sc*sd, cb*sc*sd, cd*sc*sd, sb*sc*sd, sa*sc*sd, cb*cc*sd, sb*cc*sd, sa*cc*sd, cb**2*sd, cd*cb*sd, sb*cb*sd, sa*cb*sd, sb*cd*sd, sa*cd*sd, sa*sb*sd, sc**3, cc*sc**2, cb*sc**2, cd*sc**2, sb*sc**2, sa*sc**2, cb*cc*sc, sb*cc*sc, sa*cc*sc, cb**2*sc, cd*cb*sc, sb*cb*sc, sa*cb*sc, sb*cd*sc, sa*cd*sc, sa*sb*sc, cb**2*cc, sb*cb*cc, sa*cb*cc, sa*sb*cc, cb**3, cd*cb**2, sb*cb**2, sa*cb**2, sb*cd*cb, sa*cd*cb, sa*sb*cb, sa*sb*cd, ca**4, sd*ca**3, sc*ca**3, cc*ca**3, cb*ca**3, cd*ca**3, sb*ca**3, sa*ca**3, sd**2*ca**2, sc*sd*ca**2, cc*sd*ca**2, cb*sd*ca**2, cd*sd*ca**2, sb*sd*ca**2, sa*sd*ca**2, sc**2*ca**2;['sa', 'sb', 'cd', 'cb', 'cc', 'sc', 'sd', 'ca']
67;sa;sa_cd_cc_sc_sd_cb_sb_ca;450.79633564699907;5507;1052.296875;cb**2, cc**2, cd*cc, cd**2, sa**2, sc*cb*ca, cc*cb*ca, cd*cb*ca, sa*cb*ca, sd**2*ca, sc*sd*ca, cc*sd*ca, cd*sd*ca, sa*sd*ca, sc**2*ca, cc*sc*ca, cd*sc*ca, sa*sc*ca, sa*cc*ca, sa*cd*ca, sb**3, cb*sb**2, sd*sb**2, sc*sb**2, cc*sb**2, cd*sb**2, sa*sb**2, sd*cb*sb, sc*cb*sb, cc*cb*sb, cd*cb*sb, sa*cb*sb, sd**2*sb, sc*sd*sb, cc*sd*sb, cd*sd*sb, sa*sd*sb, sc**2*sb, cc*sc*sb, cd*sc*sb, sa*sc*sb, sa*cc*sb, sa*cd*sb, sd**2*cb, sc*sd*cb, cc*sd*cb, cd*sd*cb, sa*sd*cb, sc**2*cb, cc*sc*cb, cd*sc*cb, sa*sc*cb, sa*cc*cb, sa*cd*cb, sd**3, sc*sd**2, cc*sd**2, cd*sd**2, sa*sd**2, sc**2*sd, cc*sc*sd, cd*sc*sd, sa*sc*sd, sa*cc*sd, sa*cd*sd, sc**3, cc*sc**2, cd*sc**2, sa*sc**2, sa*cc*sc, sa*cd*sc, ca**4, sb*ca**3, cb*ca**3, sd*ca**3, sc*ca**3, cc*ca**3, cd*ca**3, sa*ca**3, sb**2*ca**2, cb*sb*ca**2, sd*sb*ca**2, sc*sb*ca**2, cc*sb*ca**2, cd*sb*ca**2, sa*sb*ca**2, sd*cb*ca**2;['sa', 'cd', 'cc', 'sc', 'sd', 'cb', 'sb', 'ca']
68;cd;cd_sb_cc_sd_ca_cb_sa_sc;648.9505099710077;7134;1049.34375;ca**2, cc**2, cd*cc, sb**2, cd**2, ca*cb*sc, sd*cb*sc, cc*cb*sc, sb*cb*sc, cd*cb*sc, sd*ca*sc, cc*ca*sc, sb*ca*sc, cd*ca*sc, sd**2*sc, cc*sd*sc, sb*sd*sc, cd*sd*sc, sb*cc*sc, cd*sb*sc, sa**3, cb*sa**2, ca*sa**2, sd*sa**2, cc*sa**2, sb*sa**2, cd*sa**2, cb**2*sa, ca*cb*sa, sd*cb*sa, cc*cb*sa, sb*cb*sa, cd*cb*sa, sd*ca*sa, cc*ca*sa, sb*ca*sa, cd*ca*sa, sd**2*sa, cc*sd*sa, sb*sd*sa, cd*sd*sa, sb*cc*sa, cd*sb*sa, cb**3, ca*cb**2, sd*cb**2, cc*cb**2, sb*cb**2, cd*cb**2, sd*ca*cb, cc*ca*cb, sb*ca*cb, cd*ca*cb, sd**2*cb, cc*sd*cb, sb*sd*cb, cd*sd*cb, sb*cc*cb, cd*sb*cb, sd**2*ca, cc*sd*ca, sb*sd*ca, cd*sd*ca, sb*cc*ca, cd*sb*ca, sd**3, cc*sd**2, sb*sd**2, cd*sd**2, sb*cc*sd, cd*sb*sd, sc**4, sa*sc**3, cb*sc**3, ca*sc**3, sd*sc**3, cc*sc**3, sb*sc**3, cd*sc**3, sa**2*sc**2, cb*sa*sc**2, ca*sa*sc**2, sd*sa*sc**2, cc*sa*sc**2, sb*sa*sc**2, cd*sa*sc**2, cb**2*sc**2;['cd', 'sb', 'cc', 'sd', 'ca', 'cb', 'sa', 'sc']
69;cb;cb_sc_sb_sd_cd_cc_ca_sa;805.000788218982;5733;1049.34375;ca**2, sd**2, sc*sd, sc**2, cb**2, sd*cc*sa, sb*cc*sa, sc*cc*sa, cb*cc*sa, cd**2*sa, sd*cd*sa, sb*cd*sa, sc*cd*sa, cb*cd*sa, sb*sd*sa, cb*sd*sa, sb**2*sa, sc*sb*sa, cb*sb*sa, cb*sc*sa, cc**2*ca, cd*cc*ca, sd*cc*ca, sb*cc*ca, sc*cc*ca, cb*cc*ca, cd**2*ca, sd*cd*ca, sb*cd*ca, sc*cd*ca, cb*cd*ca, sb*sd*ca, cb*sd*ca, sb**2*ca, sc*sb*ca, cb*sb*ca, cb*sc*ca, cc**3, cd*cc**2, sd*cc**2, sb*cc**2, sc*cc**2, cb*cc**2, cd**2*cc, sd*cd*cc, sb*cd*cc, sc*cd*cc, cb*cd*cc, sb*sd*cc, cb*sd*cc, sb**2*cc, sc*sb*cc, cb*sb*cc, cb*sc*cc, cd**3, sd*cd**2, sb*cd**2, sc*cd**2, cb*cd**2, sb*sd*cd, cb*sd*cd, sb**2*cd, sc*sb*cd, cb*sb*cd, cb*sc*cd, sb**2*sd, cb*sb*sd, sb**3, sc*sb**2, cb*sb**2, cb*sc*sb, sa**4, ca*sa**3, cc*sa**3, cd*sa**3, sd*sa**3, sb*sa**3, sc*sa**3, cb*sa**3, cc*ca*sa**2, cd*ca*sa**2, sd*ca*sa**2, sb*ca*sa**2, sc*ca*sa**2, cb*ca*sa**2, cc**2*sa**2, cd*cc*sa**2;['cb', 'sc', 'sb', 'sd', 'cd', 'cc', 'ca', 'sa']
70;sd;sd_sb_sc_cb_cd_cc_ca_sa;926.0951112480252;6261;1049.34375;ca**2, sc**2, sd*sc, sb**2, sd**2, cb*cc*sa, sc*cc*sa, sb*cc*sa, sd*cc*sa, cd**2*sa, cb*cd*sa, sc*cd*sa, sb*cd*sa, sd*cd*sa, cb**2*sa, sc*cb*sa, sb*cb*sa, sd*cb*sa, sb*sc*sa, sd*sb*sa, cc**2*ca, cd*cc*ca, cb*cc*ca, sc*cc*ca, sb*cc*ca, sd*cc*ca, cd**2*ca, cb*cd*ca, sc*cd*ca, sb*cd*ca, sd*cd*ca, cb**2*ca, sc*cb*ca, sb*cb*ca, sd*cb*ca, sb*sc*ca, sd*sb*ca, cc**3, cd*cc**2, cb*cc**2, sc*cc**2, sb*cc**2, sd*cc**2, cd**2*cc, cb*cd*cc, sc*cd*cc, sb*cd*cc, sd*cd*cc, cb**2*cc, sc*cb*cc, sb*cb*cc, sd*cb*cc, sb*sc*cc, sd*sb*cc, cd**3, cb*cd**2, sc*cd**2, sb*cd**2, sd*cd**2, cb**2*cd, sc*cb*cd, sb*cb*cd, sd*cb*cd, sb*sc*cd, sd*sb*cd, cb**3, sc*cb**2, sb*cb**2, sd*cb**2, sb*sc*cb, sd*sb*cb, sa**4, ca*sa**3, cc*sa**3, cd*sa**3, cb*sa**3, sc*sa**3, sb*sa**3, sd*sa**3, cc*ca*sa**2, cd*ca*sa**2, cb*ca*sa**2, sc*ca*sa**2, sb*ca*sa**2, sd*ca*sa**2, cc**2*sa**2, cd*cc*sa**2;['sd', 'sb', 'sc', 'cb', 'cd', 'cc', 'ca', 'sa']
71;ca;ca_cc_cb_sb_sa_sd_sc_cd;860.3265950899804;5470;1049.34375;sd*sc, sd**2, cb**2, cc**2, ca**2, sc**2*cd, cc*sc*cd, cc*sd*cd, sa**2*cd, sb*sa*cd, cb*sa*cd, cc*sa*cd, ca*sa*cd, sb**2*cd, cb*sb*cd, cc*sb*cd, ca*sb*cd, cc*cb*cd, ca*cb*cd, ca*cc*cd, sc**3, sa*sc**2, sb*sc**2, cb*sc**2, cc*sc**2, ca*sc**2, sa**2*sc, sb*sa*sc, cb*sa*sc, cc*sa*sc, ca*sa*sc, sb**2*sc, cb*sb*sc, cc*sb*sc, ca*sb*sc, cc*cb*sc, ca*cb*sc, ca*cc*sc, sa**2*sd, sb*sa*sd, cb*sa*sd, cc*sa*sd, ca*sa*sd, sb**2*sd, cb*sb*sd, cc*sb*sd, ca*sb*sd, cc*cb*sd, ca*cb*sd, ca*cc*sd, sa**3, sb*sa**2, cb*sa**2, cc*sa**2, ca*sa**2, sb**2*sa, cb*sb*sa, cc*sb*sa, ca*sb*sa, cc*cb*sa, ca*cb*sa, ca*cc*sa, sb**3, cb*sb**2, cc*sb**2, ca*sb**2, cc*cb*sb, ca*cb*sb, ca*cc*sb, ca*cc*cb, cd**4, sc*cd**3, sd*cd**3, sa*cd**3, sb*cd**3, cb*cd**3, cc*cd**3, ca*cd**3, sa*sc*cd**2, sb*sc*cd**2, cb*sc*cd**2, ca*sc*cd**2, sa*sd*cd**2, sb*sd*cd**2, cb*sd*cd**2, ca*sd*cd**2;['ca', 'cc', 'cb', 'sb', 'sa', 'sd', 'sc', 'cd']
72;sc;sc_ca_cb_sd_cc_sa_sb_cd;1170.717565385974;6736;1049.34375;sd**2, sc*sd, cb**2, ca**2, sc**2, cc*sa*cd, sd*sa*cd, cb*sa*cd, ca*sa*cd, sc*sa*cd, cc**2*cd, sd*cc*cd, cb*cc*cd, ca*cc*cd, sc*cc*cd, cb*sd*cd, ca*sd*cd, ca*cb*cd, sc*cb*cd, sc*ca*cd, sb**3, sa*sb**2, cc*sb**2, sd*sb**2, cb*sb**2, ca*sb**2, sc*sb**2, sa**2*sb, cc*sa*sb, sd*sa*sb, cb*sa*sb, ca*sa*sb, sc*sa*sb, cc**2*sb, sd*cc*sb, cb*cc*sb, ca*cc*sb, sc*cc*sb, cb*sd*sb, ca*sd*sb, ca*cb*sb, sc*cb*sb, sc*ca*sb, sa**3, cc*sa**2, sd*sa**2, cb*sa**2, ca*sa**2, sc*sa**2, cc**2*sa, sd*cc*sa, cb*cc*sa, ca*cc*sa, sc*cc*sa, cb*sd*sa, ca*sd*sa, ca*cb*sa, sc*cb*sa, sc*ca*sa, cc**3, sd*cc**2, cb*cc**2, ca*cc**2, sc*cc**2, cb*sd*cc, ca*sd*cc, ca*cb*cc, sc*cb*cc, sc*ca*cc, ca*cb*sd, sc*ca*cb, cd**4, sb*cd**3, sa*cd**3, cc*cd**3, sd*cd**3, cb*cd**3, ca*cd**3, sc*cd**3, sb**2*cd**2, sa*sb*cd**2, cc*sb*cd**2, sd*sb*cd**2, cb*sb*cd**2, ca*sb*cd**2, sc*sb*cd**2, sa**2*cd**2;['sc', 'ca', 'cb', 'sd', 'cc', 'sa', 'sb', 'cd']
73;cb;cb_sd_sc_cd_cc_sa_sb_ca;556.1329687039834;5617;1049.34375;sa**2, sc**2, sd*sc, sd**2, cb**2, cd*sa*ca, sc*sa*ca, sd*sa*ca, cb*sa*ca, cc**2*ca, cd*cc*ca, sc*cc*ca, sd*cc*ca, cb*cc*ca, cd**2*ca, sc*cd*ca, sd*cd*ca, cb*cd*ca, cb*sc*ca, cb*sd*ca, sb**3, sa*sb**2, cc*sb**2, cd*sb**2, sc*sb**2, sd*sb**2, cb*sb**2, cc*sa*sb, cd*sa*sb, sc*sa*sb, sd*sa*sb, cb*sa*sb, cc**2*sb, cd*cc*sb, sc*cc*sb, sd*cc*sb, cb*cc*sb, cd**2*sb, sc*cd*sb, sd*cd*sb, cb*cd*sb, cb*sc*sb, cb*sd*sb, cc**2*sa, cd*cc*sa, sc*cc*sa, sd*cc*sa, cb*cc*sa, cd**2*sa, sc*cd*sa, sd*cd*sa, cb*cd*sa, cb*sc*sa, cb*sd*sa, cc**3, cd*cc**2, sc*cc**2, sd*cc**2, cb*cc**2, cd**2*cc, sc*cd*cc, sd*cd*cc, cb*cd*cc, cb*sc*cc, cb*sd*cc, cd**3, sc*cd**2, sd*cd**2, cb*cd**2, cb*sc*cd, cb*sd*cd, ca**4, sb*ca**3, sa*ca**3, cc*ca**3, cd*ca**3, sc*ca**3, sd*ca**3, cb*ca**3, sb**2*ca**2, sa*sb*ca**2, cc*sb*ca**2, cd*sb*ca**2, sc*sb*ca**2, sd*sb*ca**2, cb*sb*ca**2, cc*sa*ca**2;['cb', 'sd', 'sc', 'cd', 'cc', 'sa', 'sb', 'ca']
74;cb;cb_ca_sb_cc_sc_sa_sd_cd;290.9804983489448;5142;1047.375;sd**2, sc*sd, cc**2, ca**2, cb**2, cc*sd*cd, ca*sa*cd, cb*sa*cd, sc**2*cd, cc*sc*cd, sb*sc*cd, ca*sc*cd, cb*sc*cd, sb*cc*cd, ca*cc*cd, cb*cc*cd, sb**2*cd, ca*sb*cd, cb*sb*cd, cb*ca*cd, sa**2*sd, cc*sa*sd, sb*sa*sd, ca*sa*sd, cb*sa*sd, sb*cc*sd, ca*cc*sd, cb*cc*sd, sb**2*sd, ca*sb*sd, cb*sb*sd, cb*ca*sd, sa**3, sc*sa**2, cc*sa**2, sb*sa**2, ca*sa**2, cb*sa**2, sc**2*sa, cc*sc*sa, sb*sc*sa, ca*sc*sa, cb*sc*sa, sb*cc*sa, ca*cc*sa, cb*cc*sa, sb**2*sa, ca*sb*sa, cb*sb*sa, cb*ca*sa, sc**3, cc*sc**2, sb*sc**2, ca*sc**2, cb*sc**2, sb*cc*sc, ca*cc*sc, cb*cc*sc, sb**2*sc, ca*sb*sc, cb*sb*sc, cb*ca*sc, sb**2*cc, ca*sb*cc, cb*sb*cc, cb*ca*cc, sb**3, ca*sb**2, cb*sb**2, cb*ca*sb, cd**4, sd*cd**3, sa*cd**3, sc*cd**3, cc*cd**3, sb*cd**3, ca*cd**3, cb*cd**3, sa*sd*cd**2, sb*sd*cd**2, ca*sd*cd**2, cb*sd*cd**2, sa**2*cd**2, sc*sa*cd**2, cc*sa*cd**2, sb*sa*cd**2;['cb', 'ca', 'sb', 'cc', 'sc', 'sa', 'sd', 'cd']
75;cb;cb_cc_sb_sc_cd_sd_sa_ca;498.150450703979;5289;1047.375;sa**2, cd**2, cc*cd, cc**2, cb**2, sc*sd*ca, sb*sd*ca, cc*sd*ca, cb*sd*ca, sc*cd*ca, sb*cd*ca, cb*cd*ca, sc**2*ca, sb*sc*ca, cc*sc*ca, cb*sc*ca, sb**2*ca, cc*sb*ca, cb*sb*ca, cb*cc*ca, sd**2*sa, cd*sd*sa, sc*sd*sa, sb*sd*sa, cc*sd*sa, cb*sd*sa, sc*cd*sa, sb*cd*sa, cb*cd*sa, sc**2*sa, sb*sc*sa, cc*sc*sa, cb*sc*sa, sb**2*sa, cc*sb*sa, cb*sb*sa, cb*cc*sa, sd**3, cd*sd**2, sc*sd**2, sb*sd**2, cc*sd**2, cb*sd**2, sc*cd*sd, sb*cd*sd, cb*cd*sd, sc**2*sd, sb*sc*sd, cc*sc*sd, cb*sc*sd, sb**2*sd, cc*sb*sd, cb*sb*sd, cb*cc*sd, sc**2*cd, sb*sc*cd, cb*sc*cd, sb**2*cd, cb*sb*cd, sc**3, sb*sc**2, cc*sc**2, cb*sc**2, sb**2*sc, cc*sb*sc, cb*sb*sc, cb*cc*sc, sb**3, cc*sb**2, cb*sb**2, cb*cc*sb, ca**4, sa*ca**3, sd*ca**3, cd*ca**3, sc*ca**3, sb*ca**3, cc*ca**3, cb*ca**3, sd*sa*ca**2, cd*sa*ca**2, sc*sa*ca**2, sb*sa*ca**2, cc*sa*ca**2, cb*sa*ca**2, sd**2*ca**2, cd*sd*ca**2;['cb', 'cc', 'sb', 'sc', 'cd', 'sd', 'sa', 'ca']
76;sc;sc_cb_sa_cc_sb_sd_ca_cd;633.8728357679793;6751;1046.390625;sd**2, sc*sd, sa**2, cb**2, sc**2, cc*sd*cd, sa*sd*cd, cb*sd*cd, sb**2*cd, cc*sb*cd, sa*sb*cd, cb*sb*cd, sc*sb*cd, cc**2*cd, sa*cc*cd, cb*cc*cd, sc*cc*cd, cb*sa*cd, sc*sa*cd, sc*cb*cd, ca**3, sd*ca**2, sb*ca**2, cc*ca**2, sa*ca**2, cb*ca**2, sc*ca**2, sb*sd*ca, cc*sd*ca, sa*sd*ca, cb*sd*ca, sb**2*ca, cc*sb*ca, sa*sb*ca, cb*sb*ca, sc*sb*ca, cc**2*ca, sa*cc*ca, cb*cc*ca, sc*cc*ca, cb*sa*ca, sc*sa*ca, sc*cb*ca, sb**2*sd, cc*sb*sd, sa*sb*sd, cb*sb*sd, cc**2*sd, sa*cc*sd, cb*cc*sd, cb*sa*sd, sb**3, cc*sb**2, sa*sb**2, cb*sb**2, sc*sb**2, cc**2*sb, sa*cc*sb, cb*cc*sb, sc*cc*sb, cb*sa*sb, sc*sa*sb, sc*cb*sb, cc**3, sa*cc**2, cb*cc**2, sc*cc**2, cb*sa*cc, sc*sa*cc, sc*cb*cc, sc*cb*sa, cd**4, ca*cd**3, sd*cd**3, sb*cd**3, cc*cd**3, sa*cd**3, cb*cd**3, sc*cd**3, ca**2*cd**2, sd*ca*cd**2, sb*ca*cd**2, cc*ca*cd**2, sa*ca*cd**2, cb*ca*cd**2, sc*ca*cd**2, sb*sd*cd**2;['sc', 'cb', 'sa', 'cc', 'sb', 'sd', 'ca', 'cd']
77;sc;sc_ca_sb_sa_sd_cb_cc_cd;450.8073406940093;5144;1046.390625;sd**2, sc*sd, sb**2, ca**2, sc**2, cc**2*cd, sd*cc*cd, sc*cc*cd, ca*cb*cd, sc*cb*cd, sa*sd*cd, sb*sd*cd, ca*sd*cd, sa**2*cd, sb*sa*cd, ca*sa*cd, sc*sa*cd, ca*sb*cd, sc*sb*cd, sc*ca*cd, cc**3, cb*cc**2, sd*cc**2, sa*cc**2, sb*cc**2, ca*cc**2, sc*cc**2, cb**2*cc, sd*cb*cc, sa*cb*cc, sb*cb*cc, ca*cb*cc, sc*cb*cc, sa*sd*cc, sb*sd*cc, ca*sd*cc, sa**2*cc, sb*sa*cc, ca*sa*cc, sc*sa*cc, ca*sb*cc, sc*sb*cc, sc*ca*cc, cb**3, sd*cb**2, sa*cb**2, sb*cb**2, ca*cb**2, sc*cb**2, sa*sd*cb, sb*sd*cb, ca*sd*cb, sa**2*cb, sb*sa*cb, ca*sa*cb, sc*sa*cb, ca*sb*cb, sc*sb*cb, sc*ca*cb, sa**2*sd, sb*sa*sd, ca*sa*sd, ca*sb*sd, sa**3, sb*sa**2, ca*sa**2, sc*sa**2, ca*sb*sa, sc*sb*sa, sc*ca*sa, sc*ca*sb, cd**4, cc*cd**3, cb*cd**3, sd*cd**3, sa*cd**3, sb*cd**3, ca*cd**3, sc*cd**3, cb*cc*cd**2, sa*cc*cd**2, sb*cc*cd**2, ca*cc*cd**2, cb**2*cd**2, sd*cb*cd**2, sa*cb*cd**2, sb*cb*cd**2;['sc', 'ca', 'sb', 'sa', 'sd', 'cb', 'cc', 'cd']
78;sb;sb_ca_sa_sc_cd_sd_cc_cb;1281.268059153983;6592;1046.390625;sc*sd, cd**2, sc**2, ca**2, sb**2, cd*sd*cb, sa*sd*cb, ca*sd*cb, sb*sd*cb, sc*cd*cb, sa*cd*cb, ca*cd*cb, sb*cd*cb, sa*sc*cb, ca*sc*cb, sb*sc*cb, sa**2*cb, ca*sa*cb, sb*sa*cb, sb*ca*cb, cc**3, sd*cc**2, cd*cc**2, sc*cc**2, sa*cc**2, ca*cc**2, sb*cc**2, sd**2*cc, cd*sd*cc, sa*sd*cc, ca*sd*cc, sb*sd*cc, sc*cd*cc, sa*cd*cc, ca*cd*cc, sb*cd*cc, sa*sc*cc, ca*sc*cc, sb*sc*cc, sa**2*cc, ca*sa*cc, sb*sa*cc, sb*ca*cc, sd**3, cd*sd**2, sa*sd**2, ca*sd**2, sb*sd**2, sa*cd*sd, ca*cd*sd, sb*cd*sd, sa**2*sd, ca*sa*sd, sb*sa*sd, sb*ca*sd, sa*sc*cd, ca*sc*cd, sb*sc*cd, sa**2*cd, ca*sa*cd, sb*sa*cd, sb*ca*cd, sa**2*sc, ca*sa*sc, sb*sa*sc, sb*ca*sc, sa**3, ca*sa**2, sb*sa**2, sb*ca*sa, cb**4, cc*cb**3, sd*cb**3, cd*cb**3, sc*cb**3, sa*cb**3, ca*cb**3, sb*cb**3, cc**2*cb**2, sd*cc*cb**2, cd*cc*cb**2, sc*cc*cb**2, sa*cc*cb**2, ca*cc*cb**2, sb*cc*cb**2, sd**2*cb**2;['sb', 'ca', 'sa', 'sc', 'cd', 'sd', 'cc', 'cb']
79;cb;cb_sb_ca_cc_sc_cd_sd_sa;824.0064668119885;6009;1046.390625;cd**2, cc*cd, cc**2, ca**2, cb**2, ca*cd*sa, sb*cd*sa, cb*cd*sa, sc**2*sa, cc*sc*sa, ca*sc*sa, sb*sc*sa, cb*sc*sa, ca*cc*sa, sb*cc*sa, cb*cc*sa, sb*ca*sa, cb*ca*sa, sb**2*sa, cb*sb*sa, sd**3, cd*sd**2, sc*sd**2, cc*sd**2, ca*sd**2, sb*sd**2, cb*sd**2, sc*cd*sd, ca*cd*sd, sb*cd*sd, cb*cd*sd, sc**2*sd, cc*sc*sd, ca*sc*sd, sb*sc*sd, cb*sc*sd, ca*cc*sd, sb*cc*sd, cb*cc*sd, sb*ca*sd, cb*ca*sd, sb**2*sd, cb*sb*sd, sc**2*cd, ca*sc*cd, sb*sc*cd, cb*sc*cd, sb*ca*cd, cb*ca*cd, sb**2*cd, cb*sb*cd, sc**3, cc*sc**2, ca*sc**2, sb*sc**2, cb*sc**2, ca*cc*sc, sb*cc*sc, cb*cc*sc, sb*ca*sc, cb*ca*sc, sb**2*sc, cb*sb*sc, sb*ca*cc, cb*ca*cc, sb**2*cc, cb*sb*cc, sb**2*ca, cb*sb*ca, sb**3, cb*sb**2, sa**4, sd*sa**3, cd*sa**3, sc*sa**3, cc*sa**3, ca*sa**3, sb*sa**3, cb*sa**3, sd**2*sa**2, cd*sd*sa**2, sc*sd*sa**2, cc*sd*sa**2, ca*sd*sa**2, sb*sd*sa**2, cb*sd*sa**2, sc*cd*sa**2;['cb', 'sb', 'ca', 'cc', 'sc', 'cd', 'sd', 'sa']
80;cc;cc_sd_sc_cd_sa_ca_cb_sb;332.75742069096304;4986;1046.390625;cb**2, sa**2, sd*sc, sd**2, cc**2, cd*ca*sb, sc*ca*sb, sd*ca*sb, cc*ca*sb, cd*sa*sb, sc*sa*sb, sd*sa*sb, cc*sa*sb, cd**2*sb, sc*cd*sb, sd*cd*sb, cc*cd*sb, sc**2*sb, cc*sc*sb, cc*sd*sb, ca**2*cb, sa*ca*cb, cd*ca*cb, sc*ca*cb, sd*ca*cb, cc*ca*cb, cd*sa*cb, sc*sa*cb, sd*sa*cb, cc*sa*cb, cd**2*cb, sc*cd*cb, sd*cd*cb, cc*cd*cb, sc**2*cb, cc*sc*cb, cc*sd*cb, ca**3, sa*ca**2, cd*ca**2, sc*ca**2, sd*ca**2, cc*ca**2, cd*sa*ca, sc*sa*ca, sd*sa*ca, cc*sa*ca, cd**2*ca, sc*cd*ca, sd*cd*ca, cc*cd*ca, sc**2*ca, cc*sc*ca, cc*sd*ca, cd**2*sa, sc*cd*sa, sd*cd*sa, cc*cd*sa, sc**2*sa, cc*sc*sa, cc*sd*sa, cd**3, sc*cd**2, sd*cd**2, cc*cd**2, sc**2*cd, cc*sc*cd, cc*sd*cd, sc**3, cc*sc**2, sb**4, cb*sb**3, ca*sb**3, sa*sb**3, cd*sb**3, sc*sb**3, sd*sb**3, cc*sb**3, ca*cb*sb**2, sa*cb*sb**2, cd*cb*sb**2, sc*cb*sb**2, sd*cb*sb**2, cc*cb*sb**2, ca**2*sb**2, sa*ca*sb**2;['cc', 'sd', 'sc', 'cd', 'sa', 'ca', 'cb', 'sb']
81;sd;sd_ca_sb_cd_cc_sa_sc_cb;605.0233619269566;6552;1046.390625;cc**2, cd*cc, sb**2, ca**2, sd**2, cc*sa*cb, cd*sa*cb, sb*sa*cb, ca*sa*cb, sd*sa*cb, sb*cc*cb, ca*cc*cb, sd*cc*cb, cd**2*cb, sb*cd*cb, ca*cd*cb, sd*cd*cb, ca*sb*cb, sd*sb*cb, sd*ca*cb, sc**3, sa*sc**2, cc*sc**2, cd*sc**2, sb*sc**2, ca*sc**2, sd*sc**2, sa**2*sc, cc*sa*sc, cd*sa*sc, sb*sa*sc, ca*sa*sc, sd*sa*sc, sb*cc*sc, ca*cc*sc, sd*cc*sc, cd**2*sc, sb*cd*sc, ca*cd*sc, sd*cd*sc, ca*sb*sc, sd*sb*sc, sd*ca*sc, sa**3, cc*sa**2, cd*sa**2, sb*sa**2, ca*sa**2, sd*sa**2, sb*cc*sa, ca*cc*sa, sd*cc*sa, cd**2*sa, sb*cd*sa, ca*cd*sa, sd*cd*sa, ca*sb*sa, sd*sb*sa, sd*ca*sa, ca*sb*cc, sd*sb*cc, sd*ca*cc, cd**3, sb*cd**2, ca*cd**2, sd*cd**2, ca*sb*cd, sd*sb*cd, sd*ca*cd, sd*ca*sb, cb**4, sc*cb**3, sa*cb**3, cc*cb**3, cd*cb**3, sb*cb**3, ca*cb**3, sd*cb**3, sc**2*cb**2, sa*sc*cb**2, cc*sc*cb**2, cd*sc*cb**2, sb*sc*cb**2, ca*sc*cb**2, sd*sc*cb**2, sa**2*cb**2;['sd', 'ca', 'sb', 'cd', 'cc', 'sa', 'sc', 'cb']
82;sc;sc_sd_cd_sa_cc_sb_ca_cb;2668.420385950012;5433;1459.83984375;sb**2, sa**2, sd**2, sc*sd, sc**2, sa*sb*cb, cd*sb*cb, sd*sb*cb, sc*sb*cb, cc**2*cb, sa*cc*cb, cd*cc*cb, sd*cc*cb, sc*cc*cb, cd*sa*cb, sd*sa*cb, sc*sa*cb, cd**2*cb, sd*cd*cb, sc*cd*cb, ca**3, sb*ca**2, cc*ca**2, sa*ca**2, cd*ca**2, sd*ca**2, sc*ca**2, cc*sb*ca, sa*sb*ca, cd*sb*ca, sd*sb*ca, sc*sb*ca, cc**2*ca, sa*cc*ca, cd*cc*ca, sd*cc*ca, sc*cc*ca, cd*sa*ca, sd*sa*ca, sc*sa*ca, cd**2*ca, sd*cd*ca, sc*cd*ca, cc**2*sb, sa*cc*sb, cd*cc*sb, sd*cc*sb, sc*cc*sb, cd*sa*sb, sd*sa*sb, sc*sa*sb, cd**2*sb, sd*cd*sb, sc*cd*sb, cc**3, sa*cc**2, cd*cc**2, sd*cc**2, sc*cc**2, cd*sa*cc, sd*sa*cc, sc*sa*cc, cd**2*cc, sd*cd*cc, sc*cd*cc, cd**2*sa, sd*cd*sa, sc*cd*sa, cd**3, sd*cd**2, sc*cd**2, cb**4, ca*cb**3, sb*cb**3, cc*cb**3, sa*cb**3, cd*cb**3, sd*cb**3, sc*cb**3, ca**2*cb**2, sb*ca*cb**2, cc*ca*cb**2, sa*ca*cb**2, cd*ca*cb**2, sd*ca*cb**2, sc*ca*cb**2, cc*sb*cb**2;['sc', 'sd', 'cd', 'sa', 'cc', 'sb', 'ca', 'cb']
83;sd;sd_cc_cd_sa_cb_ca_sc_sb;633.4544888339587;6468;1459.83984375;cb**2, sa**2, cc*cd, cc**2, sd**2, cb*ca*sb, sa*ca*sb, cd*ca*sb, cc*ca*sb, sd*ca*sb, sa*cb*sb, cd*cb*sb, cc*cb*sb, sd*cb*sb, cd*sa*sb, cc*sa*sb, sd*sa*sb, cd**2*sb, sd*cd*sb, sd*cc*sb, sc**3, ca*sc**2, cb*sc**2, sa*sc**2, cd*sc**2, cc*sc**2, sd*sc**2, ca**2*sc, cb*ca*sc, sa*ca*sc, cd*ca*sc, cc*ca*sc, sd*ca*sc, sa*cb*sc, cd*cb*sc, cc*cb*sc, sd*cb*sc, cd*sa*sc, cc*sa*sc, sd*sa*sc, cd**2*sc, sd*cd*sc, sd*cc*sc, ca**3, cb*ca**2, sa*ca**2, cd*ca**2, cc*ca**2, sd*ca**2, sa*cb*ca, cd*cb*ca, cc*cb*ca, sd*cb*ca, cd*sa*ca, cc*sa*ca, sd*sa*ca, cd**2*ca, sd*cd*ca, sd*cc*ca, cd*sa*cb, cc*sa*cb, sd*sa*cb, cd**2*cb, sd*cd*cb, sd*cc*cb, cd**2*sa, sd*cd*sa, sd*cc*sa, cd**3, sd*cd**2, sb**4, sc*sb**3, ca*sb**3, cb*sb**3, sa*sb**3, cd*sb**3, cc*sb**3, sd*sb**3, sc**2*sb**2, ca*sc*sb**2, cb*sc*sb**2, sa*sc*sb**2, cd*sc*sb**2, cc*sc*sb**2, sd*sc*sb**2, ca**2*sb**2;['sd', 'cc', 'cd', 'sa', 'cb', 'ca', 'sc', 'sb']
84;cd;cd_sa_ca_cb_sd_sc_sb_cc;315.7950549059897;5332;1049.68359375;sc**2, sd*sc, cb**2, sa**2, cd**2, ca*sc*cc, sa*sc*cc, cd*sc*cc, sd**2*cc, cb*sd*cc, ca*sd*cc, sa*sd*cc, cd*sd*cc, ca*cb*cc, sa*cb*cc, cd*cb*cc, ca**2*cc, sa*ca*cc, cd*ca*cc, cd*sa*cc, sb**3, sc*sb**2, sd*sb**2, cb*sb**2, ca*sb**2, sa*sb**2, cd*sb**2, cb*sc*sb, ca*sc*sb, sa*sc*sb, cd*sc*sb, sd**2*sb, cb*sd*sb, ca*sd*sb, sa*sd*sb, cd*sd*sb, ca*cb*sb, sa*cb*sb, cd*cb*sb, ca**2*sb, sa*ca*sb, cd*ca*sb, cd*sa*sb, ca*cb*sc, sa*cb*sc, cd*cb*sc, ca**2*sc, sa*ca*sc, cd*ca*sc, cd*sa*sc, sd**3, cb*sd**2, ca*sd**2, sa*sd**2, cd*sd**2, ca*cb*sd, sa*cb*sd, cd*cb*sd, ca**2*sd, sa*ca*sd, cd*ca*sd, cd*sa*sd, ca**2*cb, sa*ca*cb, cd*ca*cb, cd*sa*cb, ca**3, sa*ca**2, cd*ca**2, cd*sa*ca, cc**4, sb*cc**3, sc*cc**3, sd*cc**3, cb*cc**3, ca*cc**3, sa*cc**3, cd*cc**3, sb**2*cc**2, sc*sb*cc**2, sd*sb*cc**2, cb*sb*cc**2, ca*sb*cc**2, sa*sb*cc**2, cd*sb*cc**2, cb*sc*cc**2;['cd', 'sa', 'ca', 'cb', 'sd', 'sc', 'sb', 'cc']
85;cd;cd_sc_sa_ca_cb_sb_cc_sd;576.4814814669662;5303;1049.68359375;cd*cc, cb**2, sa**2, sc**2, cd**2, cc**2*sd, sc*cc*sd, sc*sb*sd, cd*sb*sd, ca*cb*sd, sa*cb*sd, sc*cb*sd, cd*cb*sd, ca**2*sd, sa*ca*sd, sc*ca*sd, cd*ca*sd, sc*sa*sd, cd*sa*sd, cd*sc*sd, cc**3, sb*cc**2, cb*cc**2, ca*cc**2, sa*cc**2, sc*cc**2, sb**2*cc, cb*sb*cc, ca*sb*cc, sa*sb*cc, sc*sb*cc, ca*cb*cc, sa*cb*cc, sc*cb*cc, ca**2*cc, sa*ca*cc, sc*ca*cc, sc*sa*cc, sb**3, cb*sb**2, ca*sb**2, sa*sb**2, sc*sb**2, cd*sb**2, ca*cb*sb, sa*cb*sb, sc*cb*sb, cd*cb*sb, ca**2*sb, sa*ca*sb, sc*ca*sb, cd*ca*sb, sc*sa*sb, cd*sa*sb, cd*sc*sb, ca**2*cb, sa*ca*cb, sc*ca*cb, cd*ca*cb, sc*sa*cb, cd*sa*cb, cd*sc*cb, ca**3, sa*ca**2, sc*ca**2, cd*ca**2, sc*sa*ca, cd*sa*ca, cd*sc*ca, cd*sc*sa, sd**4, cc*sd**3, sb*sd**3, cb*sd**3, ca*sd**3, sa*sd**3, sc*sd**3, cd*sd**3, sb*cc*sd**2, cb*cc*sd**2, ca*cc*sd**2, sa*cc*sd**2, sb**2*sd**2, cb*sb*sd**2, ca*sb*sd**2, sa*sb*sd**2;['cd', 'sc', 'sa', 'ca', 'cb', 'sb', 'cc', 'sd']
86;sa;sa_ca_sd_sc_sb_cc_cd_cb;1800.141972738027;6165;1049.68359375;sb**2, sc**2, sd*sc, sd**2, sa**2, sb*cc*cb, sc*cc*cb, sd*cc*cb, ca*cc*cb, sa*cc*cb, sc*sb*cb, sd*sb*cb, ca*sb*cb, sa*sb*cb, ca*sc*cb, sa*sc*cb, ca*sd*cb, sa*sd*cb, ca**2*cb, sa*ca*cb, cd**3, cc*cd**2, sb*cd**2, sc*cd**2, sd*cd**2, ca*cd**2, sa*cd**2, cc**2*cd, sb*cc*cd, sc*cc*cd, sd*cc*cd, ca*cc*cd, sa*cc*cd, sc*sb*cd, sd*sb*cd, ca*sb*cd, sa*sb*cd, ca*sc*cd, sa*sc*cd, ca*sd*cd, sa*sd*cd, ca**2*cd, sa*ca*cd, cc**3, sb*cc**2, sc*cc**2, sd*cc**2, ca*cc**2, sa*cc**2, sc*sb*cc, sd*sb*cc, ca*sb*cc, sa*sb*cc, ca*sc*cc, sa*sc*cc, ca*sd*cc, sa*sd*cc, ca**2*cc, sa*ca*cc, ca*sc*sb, sa*sc*sb, ca*sd*sb, sa*sd*sb, ca**2*sb, sa*ca*sb, ca**2*sc, sa*ca*sc, ca**2*sd, sa*ca*sd, ca**3, sa*ca**2, cb**4, cd*cb**3, cc*cb**3, sb*cb**3, sc*cb**3, sd*cb**3, ca*cb**3, sa*cb**3, cd**2*cb**2, cc*cd*cb**2, sb*cd*cb**2, sc*cd*cb**2, sd*cd*cb**2, ca*cd*cb**2, sa*cd*cb**2, cc**2*cb**2;['sa', 'ca', 'sd', 'sc', 'sb', 'cc', 'cd', 'cb']
87;cb;cb_sa_sd_ca_sc_cd_sb_cc;1144.1993401810178;6214;1049.68359375;sc**2, sd*sc, sd**2, sa**2, cb**2, cd**2*cc, sc*cd*cc, sd*cd*cc, sa*cd*cc, cb*cd*cc, ca*sc*cc, sa*sc*cc, cb*sc*cc, ca**2*cc, sd*ca*cc, sa*ca*cc, cb*ca*cc, sa*sd*cc, cb*sd*cc, cb*sa*cc, sb**3, cd*sb**2, sc*sb**2, ca*sb**2, sd*sb**2, sa*sb**2, cb*sb**2, cd**2*sb, sc*cd*sb, ca*cd*sb, sd*cd*sb, sa*cd*sb, cb*cd*sb, ca*sc*sb, sa*sc*sb, cb*sc*sb, ca**2*sb, sd*ca*sb, sa*ca*sb, cb*ca*sb, sa*sd*sb, cb*sd*sb, cb*sa*sb, cd**3, sc*cd**2, ca*cd**2, sd*cd**2, sa*cd**2, cb*cd**2, ca*sc*cd, sa*sc*cd, cb*sc*cd, ca**2*cd, sd*ca*cd, sa*ca*cd, cb*ca*cd, sa*sd*cd, cb*sd*cd, cb*sa*cd, ca**2*sc, sa*ca*sc, cb*ca*sc, cb*sa*sc, ca**3, sd*ca**2, sa*ca**2, cb*ca**2, sa*sd*ca, cb*sd*ca, cb*sa*ca, cb*sa*sd, cc**4, sb*cc**3, cd*cc**3, sc*cc**3, ca*cc**3, sd*cc**3, sa*cc**3, cb*cc**3, sb**2*cc**2, cd*sb*cc**2, sc*sb*cc**2, ca*sb*cc**2, sd*sb*cc**2, sa*sb*cc**2, cb*sb*cc**2, ca*cd*cc**2;['cb', 'sa', 'sd', 'ca', 'sc', 'cd', 'sb', 'cc']
88;ca;ca_cb_sb_sc_sa_cc_sd_cd;669.5283079670044;5123;1047.71484375;sd**2, sc*sd, sc**2, cb**2, ca**2, cc*sd*cd, cc**2*cd, sc*cc*cd, sa**2*cd, sc*sa*cd, sb*sa*cd, cb*sa*cd, ca*sa*cd, sb*sc*cd, cb*sc*cd, ca*sc*cd, sb**2*cd, cb*sb*cd, ca*sb*cd, ca*cb*cd, cc**2*sd, sa*cc*sd, sb*cc*sd, cb*cc*sd, ca*cc*sd, sa**2*sd, sb*sa*sd, cb*sa*sd, ca*sa*sd, sb**2*sd, cb*sb*sd, ca*sb*sd, ca*cb*sd, cc**3, sa*cc**2, sc*cc**2, sb*cc**2, cb*cc**2, ca*cc**2, sa**2*cc, sc*sa*cc, sb*sa*cc, cb*sa*cc, ca*sa*cc, sb*sc*cc, cb*sc*cc, ca*sc*cc, sb**2*cc, cb*sb*cc, ca*sb*cc, ca*cb*cc, sa**3, sc*sa**2, sb*sa**2, cb*sa**2, ca*sa**2, sb*sc*sa, cb*sc*sa, ca*sc*sa, sb**2*sa, cb*sb*sa, ca*sb*sa, ca*cb*sa, sb**2*sc, cb*sb*sc, ca*sb*sc, ca*cb*sc, sb**3, cb*sb**2, ca*sb**2, ca*cb*sb, cd**4, sd*cd**3, cc*cd**3, sa*cd**3, sc*cd**3, sb*cd**3, cb*cd**3, ca*cd**3, sa*sd*cd**2, sb*sd*cd**2, cb*sd*cd**2, ca*sd*cd**2, sa*cc*cd**2, sb*cc*cd**2, cb*cc*cd**2, ca*cc*cd**2;['ca', 'cb', 'sb', 'sc', 'sa', 'cc', 'sd', 'cd']
89;ca;ca_cd_sc_cb_sa_sd_sb_cc;579.967922219017;5956;1046.73046875;sc*sd, cb**2, sc**2, cd**2, ca**2, sd**2*cc, cb*sd*cc, cd*sd*cc, ca*sd*cc, sa**2*cc, cb*sa*cc, sc*sa*cc, cd*sa*cc, ca*sa*cc, sc*cb*cc, cd*cb*cc, ca*cb*cc, cd*sc*cc, ca*sc*cc, ca*cd*cc, sb**3, sd*sb**2, sa*sb**2, cb*sb**2, sc*sb**2, cd*sb**2, ca*sb**2, sd**2*sb, sa*sd*sb, cb*sd*sb, cd*sd*sb, ca*sd*sb, sa**2*sb, cb*sa*sb, sc*sa*sb, cd*sa*sb, ca*sa*sb, sc*cb*sb, cd*cb*sb, ca*cb*sb, cd*sc*sb, ca*sc*sb, ca*cd*sb, sd**3, sa*sd**2, cb*sd**2, cd*sd**2, ca*sd**2, sa**2*sd, cb*sa*sd, cd*sa*sd, ca*sa*sd, cd*cb*sd, ca*cb*sd, ca*cd*sd, sa**3, cb*sa**2, sc*sa**2, cd*sa**2, ca*sa**2, sc*cb*sa, cd*cb*sa, ca*cb*sa, cd*sc*sa, ca*sc*sa, ca*cd*sa, cd*sc*cb, ca*sc*cb, ca*cd*cb, ca*cd*sc, cc**4, sb*cc**3, sd*cc**3, sa*cc**3, cb*cc**3, sc*cc**3, cd*cc**3, ca*cc**3, sb**2*cc**2, sd*sb*cc**2, sa*sb*cc**2, cb*sb*cc**2, sc*sb*cc**2, cd*sb*cc**2, ca*sb*cc**2, sa*sd*cc**2;['ca', 'cd', 'sc', 'cb', 'sa', 'sd', 'sb', 'cc']
90;sb;sb_cd_cc_ca_sc_sa_cb_sd;653.7702216270263;6786;1048.30859375;ca**2, cc**2, cd*cc, cd**2, sb**2, sc*sa*sd, ca*sa*sd, cc*sa*sd, cd*sa*sd, sb*sa*sd, sc**2*sd, ca*sc*sd, cc*sc*sd, cd*sc*sd, sb*sc*sd, cc*ca*sd, cd*ca*sd, sb*ca*sd, sb*cc*sd, sb*cd*sd, cb**3, sa*cb**2, sc*cb**2, ca*cb**2, cc*cb**2, cd*cb**2, sb*cb**2, sa**2*cb, sc*sa*cb, ca*sa*cb, cc*sa*cb, cd*sa*cb, sb*sa*cb, sc**2*cb, ca*sc*cb, cc*sc*cb, cd*sc*cb, sb*sc*cb, cc*ca*cb, cd*ca*cb, sb*ca*cb, sb*cc*cb, sb*cd*cb, sa**3, sc*sa**2, ca*sa**2, cc*sa**2, cd*sa**2, sb*sa**2, sc**2*sa, ca*sc*sa, cc*sc*sa, cd*sc*sa, sb*sc*sa, cc*ca*sa, cd*ca*sa, sb*ca*sa, sb*cc*sa, sb*cd*sa, sc**3, ca*sc**2, cc*sc**2, cd*sc**2, sb*sc**2, cc*ca*sc, cd*ca*sc, sb*ca*sc, sb*cc*sc, sb*cd*sc, sb*cc*ca, sb*cd*ca, sd**4, cb*sd**3, sa*sd**3, sc*sd**3, ca*sd**3, cc*sd**3, cd*sd**3, sb*sd**3, cb**2*sd**2, sa*cb*sd**2, sc*cb*sd**2, ca*cb*sd**2, cc*cb*sd**2, cd*cb*sd**2, sb*cb*sd**2, sa**2*sd**2;['sb', 'cd', 'cc', 'ca', 'sc', 'sa', 'cb', 'sd']
91;sa;sa_ca_cc_sb_sd_sc_cb_cd;380.1859326880076;5365;1048.30859375;sd*sc, sd**2, sb**2, cc**2, sa**2, sc**2*cd, cc*sc*cd, ca*sc*cd, sa*sc*cd, sb*sd*cd, cc*sd*cd, ca*sd*cd, sa*sd*cd, cc*sb*cd, ca*sb*cd, sa*sb*cd, ca*cc*cd, sa*cc*cd, ca**2*cd, sa*ca*cd, cb**3, sc*cb**2, sd*cb**2, sb*cb**2, cc*cb**2, ca*cb**2, sa*cb**2, sc**2*cb, sb*sc*cb, cc*sc*cb, ca*sc*cb, sa*sc*cb, sb*sd*cb, cc*sd*cb, ca*sd*cb, sa*sd*cb, cc*sb*cb, ca*sb*cb, sa*sb*cb, ca*cc*cb, sa*cc*cb, ca**2*cb, sa*ca*cb, sc**3, sb*sc**2, cc*sc**2, ca*sc**2, sa*sc**2, cc*sb*sc, ca*sb*sc, sa*sb*sc, ca*cc*sc, sa*cc*sc, ca**2*sc, sa*ca*sc, cc*sb*sd, ca*sb*sd, sa*sb*sd, ca*cc*sd, sa*cc*sd, ca**2*sd, sa*ca*sd, ca*cc*sb, sa*cc*sb, ca**2*sb, sa*ca*sb, ca**2*cc, sa*ca*cc, ca**3, sa*ca**2, cd**4, cb*cd**3, sc*cd**3, sd*cd**3, sb*cd**3, cc*cd**3, ca*cd**3, sa*cd**3, cb**2*cd**2, sc*cb*cd**2, sd*cb*cd**2, sb*cb*cd**2, cc*cb*cd**2, ca*cb*cd**2, sa*cb*cd**2, sb*sc*cd**2;['sa', 'ca', 'cc', 'sb', 'sd', 'sc', 'cb', 'cd']
92;sb;sb_cd_cb_sd_sa_cc_sc_ca;550.8107081879862;6524;1046.33984375;cc**2, cd*cc, sa**2, cd**2, sb**2, sd*cc*ca, cb*cc*ca, sb*cc*ca, sd*sa*ca, cb*sa*ca, cd*sa*ca, sb*sa*ca, sd**2*ca, cb*sd*ca, cd*sd*ca, sb*sd*ca, cb**2*ca, cd*cb*ca, sb*cb*ca, sb*cd*ca, sc**3, cc*sc**2, sa*sc**2, sd*sc**2, cb*sc**2, cd*sc**2, sb*sc**2, sa*cc*sc, sd*cc*sc, cb*cc*sc, sb*cc*sc, sd*sa*sc, cb*sa*sc, cd*sa*sc, sb*sa*sc, sd**2*sc, cb*sd*sc, cd*sd*sc, sb*sd*sc, cb**2*sc, cd*cb*sc, sb*cb*sc, sb*cd*sc, sd*sa*cc, cb*sa*cc, sb*sa*cc, sd**2*cc, cb*sd*cc, sb*sd*cc, cb**2*cc, sb*cb*cc, sd**2*sa, cb*sd*sa, cd*sd*sa, sb*sd*sa, cb**2*sa, cd*cb*sa, sb*cb*sa, sb*cd*sa, sd**3, cb*sd**2, cd*sd**2, sb*sd**2, cb**2*sd, cd*cb*sd, sb*cb*sd, sb*cd*sd, cb**3, cd*cb**2, sb*cb**2, sb*cd*cb, ca**4, sc*ca**3, cc*ca**3, sa*ca**3, sd*ca**3, cb*ca**3, cd*ca**3, sb*ca**3, sc**2*ca**2, cc*sc*ca**2, sa*sc*ca**2, sd*sc*ca**2, cb*sc*ca**2, cd*sc*ca**2, sb*sc*ca**2, sa*cc*ca**2;['sb', 'cd', 'cb', 'sd', 'sa', 'cc', 'sc', 'ca']
93;ca;ca_sc_sa_cd_sb_cb_cc_sd;383.705416376004;5224;1046.33984375;cd*cc, sb**2, cd**2, sc**2, ca**2, cc**2*sd, sc*cc*sd, sc*cb*sd, ca*cb*sd, cd*sb*sd, sa*sb*sd, sc*sb*sd, ca*sb*sd, sa*cd*sd, sc*cd*sd, ca*cd*sd, sa**2*sd, sc*sa*sd, ca*sa*sd, ca*sc*sd, cc**3, cb*cc**2, sb*cc**2, sa*cc**2, sc*cc**2, ca*cc**2, cb**2*cc, sb*cb*cc, sa*cb*cc, sc*cb*cc, ca*cb*cc, sa*sb*cc, sc*sb*cc, ca*sb*cc, sa**2*cc, sc*sa*cc, ca*sa*cc, ca*sc*cc, cb**3, sb*cb**2, cd*cb**2, sa*cb**2, sc*cb**2, ca*cb**2, cd*sb*cb, sa*sb*cb, sc*sb*cb, ca*sb*cb, sa*cd*cb, sc*cd*cb, ca*cd*cb, sa**2*cb, sc*sa*cb, ca*sa*cb, ca*sc*cb, sa*cd*sb, sc*cd*sb, ca*cd*sb, sa**2*sb, sc*sa*sb, ca*sa*sb, ca*sc*sb, sa**2*cd, sc*sa*cd, ca*sa*cd, ca*sc*cd, sa**3, sc*sa**2, ca*sa**2, ca*sc*sa, sd**4, cc*sd**3, cb*sd**3, sb*sd**3, cd*sd**3, sa*sd**3, sc*sd**3, ca*sd**3, cb*cc*sd**2, sb*cc*sd**2, sa*cc*sd**2, ca*cc*sd**2, cb**2*sd**2, sb*cb*sd**2, cd*cb*sd**2, sa*cb*sd**2;['ca', 'sc', 'sa', 'cd', 'sb', 'cb', 'cc', 'sd']
94;cb;cb_sb_sc_sa_cc_ca_sd_cd;412.42966873396654;5369;1046.33984375;sd**2, sc*sd, sa**2, sc**2, cb**2, cc*sd*cd, sb*ca*cd, cb*ca*cd, cc**2*cd, sa*cc*cd, sc*cc*cd, sb*cc*cd, cb*cc*cd, sc*sa*cd, sb*sa*cd, cb*sa*cd, sb*sc*cd, cb*sc*cd, sb**2*cd, cb*sb*cd, ca**2*sd, cc*ca*sd, sa*ca*sd, sb*ca*sd, cb*ca*sd, cc**2*sd, sa*cc*sd, sb*cc*sd, cb*cc*sd, sb*sa*sd, cb*sa*sd, sb**2*sd, cb*sb*sd, ca**3, cc*ca**2, sa*ca**2, sc*ca**2, sb*ca**2, cb*ca**2, cc**2*ca, sa*cc*ca, sc*cc*ca, sb*cc*ca, cb*cc*ca, sc*sa*ca, sb*sa*ca, cb*sa*ca, sb*sc*ca, cb*sc*ca, sb**2*ca, cb*sb*ca, cc**3, sa*cc**2, sc*cc**2, sb*cc**2, cb*cc**2, sc*sa*cc, sb*sa*cc, cb*sa*cc, sb*sc*cc, cb*sc*cc, sb**2*cc, cb*sb*cc, sb*sc*sa, cb*sc*sa, sb**2*sa, cb*sb*sa, sb**2*sc, cb*sb*sc, sb**3, cb*sb**2, cd**4, sd*cd**3, ca*cd**3, cc*cd**3, sa*cd**3, sc*cd**3, sb*cd**3, cb*cd**3, ca*sd*cd**2, sa*sd*cd**2, sb*sd*cd**2, cb*sd*cd**2, ca**2*cd**2, cc*ca*cd**2, sa*ca*cd**2, sc*ca*cd**2;['cb', 'sb', 'sc', 'sa', 'cc', 'ca', 'sd', 'cd']
95;cd;cd_ca_cb_cc_sa_sc_sd_sb;886.5920565580018;6503;1046.33984375;cc**2, cd*cc, cb**2, ca**2, cd**2, sa*sc*sb, cc*sc*sb, cb*sc*sb, ca*sc*sb, cd*sc*sb, sa**2*sb, cc*sa*sb, cb*sa*sb, ca*sa*sb, cd*sa*sb, cb*cc*sb, ca*cc*sb, ca*cb*sb, cd*cb*sb, cd*ca*sb, sd**3, sc*sd**2, sa*sd**2, cc*sd**2, cb*sd**2, ca*sd**2, cd*sd**2, sc**2*sd, sa*sc*sd, cc*sc*sd, cb*sc*sd, ca*sc*sd, cd*sc*sd, sa**2*sd, cc*sa*sd, cb*sa*sd, ca*sa*sd, cd*sa*sd, cb*cc*sd, ca*cc*sd, ca*cb*sd, cd*cb*sd, cd*ca*sd, sc**3, sa*sc**2, cc*sc**2, cb*sc**2, ca*sc**2, cd*sc**2, sa**2*sc, cc*sa*sc, cb*sa*sc, ca*sa*sc, cd*sa*sc, cb*cc*sc, ca*cc*sc, ca*cb*sc, cd*cb*sc, cd*ca*sc, sa**3, cc*sa**2, cb*sa**2, ca*sa**2, cd*sa**2, cb*cc*sa, ca*cc*sa, ca*cb*sa, cd*cb*sa, cd*ca*sa, ca*cb*cc, cd*ca*cb, sb**4, sd*sb**3, sc*sb**3, sa*sb**3, cc*sb**3, cb*sb**3, ca*sb**3, cd*sb**3, sd**2*sb**2, sc*sd*sb**2, sa*sd*sb**2, cc*sd*sb**2, cb*sd*sb**2, ca*sd*sb**2, cd*sd*sb**2, sc**2*sb**2;['cd', 'ca', 'cb', 'cc', 'sa', 'sc', 'sd', 'sb']
96;sa;sa_ca_sd_cd_sc_cb_cc_sb;766.9777582779643;5906;1046.33984375;cb**2, sc**2, sd*sc, sd**2, sa**2, cd*cb*sb, sd*cb*sb, ca*cb*sb, sa*cb*sb, cd*sc*sb, ca*sc*sb, sa*sc*sb, cd**2*sb, sd*cd*sb, ca*cd*sb, sa*cd*sb, ca*sd*sb, sa*sd*sb, ca**2*sb, sa*ca*sb, cc**3, cb*cc**2, sc*cc**2, cd*cc**2, sd*cc**2, ca*cc**2, sa*cc**2, sc*cb*cc, cd*cb*cc, sd*cb*cc, ca*cb*cc, sa*cb*cc, cd*sc*cc, ca*sc*cc, sa*sc*cc, cd**2*cc, sd*cd*cc, ca*cd*cc, sa*cd*cc, ca*sd*cc, sa*sd*cc, ca**2*cc, sa*ca*cc, cd*sc*cb, ca*sc*cb, sa*sc*cb, cd**2*cb, sd*cd*cb, ca*cd*cb, sa*cd*cb, ca*sd*cb, sa*sd*cb, ca**2*cb, sa*ca*cb, cd**2*sc, ca*cd*sc, sa*cd*sc, ca**2*sc, sa*ca*sc, cd**3, sd*cd**2, ca*cd**2, sa*cd**2, ca*sd*cd, sa*sd*cd, ca**2*cd, sa*ca*cd, ca**2*sd, sa*ca*sd, ca**3, sa*ca**2, sb**4, cc*sb**3, cb*sb**3, sc*sb**3, cd*sb**3, sd*sb**3, ca*sb**3, sa*sb**3, cc**2*sb**2, cb*cc*sb**2, sc*cc*sb**2, cd*cc*sb**2, sd*cc*sb**2, ca*cc*sb**2, sa*cc*sb**2, sc*cb*sb**2;['sa', 'ca', 'sd', 'cd', 'sc', 'cb', 'cc', 'sb']
97;sa;sa_sd_ca_sb_sc_cd_cb_cc;797.5372357419692;6548;1045.35546875;sc**2, sd*sc, sb**2, sd**2, sa**2, cd**2*cc, sc*cd*cc, ca*cd*cc, sd*cd*cc, sa*cd*cc, sb*sc*cc, ca*sc*cc, sa*sc*cc, ca*sb*cc, sd*sb*cc, sa*sb*cc, ca**2*cc, sd*ca*cc, sa*ca*cc, sa*sd*cc, cb**3, cd*cb**2, sc*cb**2, sb*cb**2, ca*cb**2, sd*cb**2, sa*cb**2, cd**2*cb, sc*cd*cb, sb*cd*cb, ca*cd*cb, sd*cd*cb, sa*cd*cb, sb*sc*cb, ca*sc*cb, sa*sc*cb, ca*sb*cb, sd*sb*cb, sa*sb*cb, ca**2*cb, sd*ca*cb, sa*ca*cb, sa*sd*cb, cd**3, sc*cd**2, sb*cd**2, ca*cd**2, sd*cd**2, sa*cd**2, sb*sc*cd, ca*sc*cd, sa*sc*cd, ca*sb*cd, sd*sb*cd, sa*sb*cd, ca**2*cd, sd*ca*cd, sa*ca*cd, sa*sd*cd, ca*sb*sc, sa*sb*sc, ca**2*sc, sa*ca*sc, ca**2*sb, sd*ca*sb, sa*ca*sb, sa*sd*sb, ca**3, sd*ca**2, sa*ca**2, sa*sd*ca, cc**4, cb*cc**3, cd*cc**3, sc*cc**3, sb*cc**3, ca*cc**3, sd*cc**3, sa*cc**3, cb**2*cc**2, cd*cb*cc**2, sc*cb*cc**2, sb*cb*cc**2, ca*cb*cc**2, sd*cb*cc**2, sa*cb*cc**2, sb*cd*cc**2;['sa', 'sd', 'ca', 'sb', 'sc', 'cd', 'cb', 'cc']
98;sc;sc_cd_cc_cb_sa_sb_ca_sd;431.4742429149919;5904;1045.35546875;sa**2, cb**2, cd*cc, cd**2, sc**2, sa*sb*sd, cb*sb*sd, cc*sb*sd, cd*sb*sd, sc*sb*sd, cb*sa*sd, cc*sa*sd, cd*sa*sd, sc*sa*sd, cc*cb*sd, cd*cb*sd, sc*cb*sd, cc**2*sd, sc*cc*sd, sc*cd*sd, ca**3, sb*ca**2, sa*ca**2, cb*ca**2, cc*ca**2, cd*ca**2, sc*ca**2, sb**2*ca, sa*sb*ca, cb*sb*ca, cc*sb*ca, cd*sb*ca, sc*sb*ca, cb*sa*ca, cc*sa*ca, cd*sa*ca, sc*sa*ca, cc*cb*ca, cd*cb*ca, sc*cb*ca, cc**2*ca, sc*cc*ca, sc*cd*ca, sb**3, sa*sb**2, cb*sb**2, cc*sb**2, cd*sb**2, sc*sb**2, cb*sa*sb, cc*sa*sb, cd*sa*sb, sc*sa*sb, cc*cb*sb, cd*cb*sb, sc*cb*sb, cc**2*sb, sc*cc*sb, sc*cd*sb, cc*cb*sa, cd*cb*sa, sc*cb*sa, cc**2*sa, sc*cc*sa, sc*cd*sa, cc**2*cb, sc*cc*cb, sc*cd*cb, cc**3, sc*cc**2, sd**4, ca*sd**3, sb*sd**3, sa*sd**3, cb*sd**3, cc*sd**3, cd*sd**3, sc*sd**3, ca**2*sd**2, sb*ca*sd**2, sa*ca*sd**2, cb*ca*sd**2, cc*ca*sd**2, cd*ca*sd**2, sc*ca*sd**2, sb**2*sd**2;['sc', 'cd', 'cc', 'cb', 'sa', 'sb', 'ca', 'sd']
99;sc;sc_sb_ca_cc_cb_cd_sa_sd;415.1378187320079;5642;1045.35546875;cd**2, cc*cd, ca**2, sb**2, sc**2, ca*cd*sd, sb*cd*sd, sc*cd*sd, cb**2*sd, cc*cb*sd, ca*cb*sd, sb*cb*sd, sc*cb*sd, cc**2*sd, ca*cc*sd, sb*cc*sd, sc*cc*sd, sb*ca*sd, sc*ca*sd, sc*sb*sd, sa**3, cd*sa**2, cb*sa**2, cc*sa**2, ca*sa**2, sb*sa**2, sc*sa**2, cb*cd*sa, ca*cd*sa, sb*cd*sa, sc*cd*sa, cb**2*sa, cc*cb*sa, ca*cb*sa, sb*cb*sa, sc*cb*sa, cc**2*sa, ca*cc*sa, sb*cc*sa, sc*cc*sa, sb*ca*sa, sc*ca*sa, sc*sb*sa, cb**2*cd, ca*cb*cd, sb*cb*cd, sc*cb*cd, sb*ca*cd, sc*ca*cd, sc*sb*cd, cb**3, cc*cb**2, ca*cb**2, sb*cb**2, sc*cb**2, cc**2*cb, ca*cc*cb, sb*cc*cb, sc*cc*cb, sb*ca*cb, sc*ca*cb, sc*sb*cb, cc**3, ca*cc**2, sb*cc**2, sc*cc**2, sb*ca*cc, sc*ca*cc, sc*sb*cc, sc*sb*ca, sd**4, sa*sd**3, cd*sd**3, cb*sd**3, cc*sd**3, ca*sd**3, sb*sd**3, sc*sd**3, sa**2*sd**2, cd*sa*sd**2, cb*sa*sd**2, cc*sa*sd**2, ca*sa*sd**2, sb*sa*sd**2, sc*sa*sd**2, cb*cd*sd**2;['sc', 'sb', 'ca', 'cc', 'cb', 'cd', 'sa', 'sd']
100;cb;cb_sb_cc_sa_ca_cd_sc_sd;498.3419099019957;5113;1045.35546875;cd**2, cc*cd, sa**2, cc**2, cb**2, sc**2*sd, cd*sc*sd, cc*sc*sd, ca**2*sd, sa*ca*sd, cc*ca*sd, sb*ca*sd, cb*ca*sd, cc*sa*sd, sb*sa*sd, cb*sa*sd, sb*cc*sd, cb*cc*sd, sb**2*sd, cb*sb*sd, sc**3, cd*sc**2, ca*sc**2, sa*sc**2, cc*sc**2, sb*sc**2, cb*sc**2, ca*cd*sc, sa*cd*sc, sb*cd*sc, cb*cd*sc, ca**2*sc, sa*ca*sc, cc*ca*sc, sb*ca*sc, cb*ca*sc, cc*sa*sc, sb*sa*sc, cb*sa*sc, sb*cc*sc, cb*cc*sc, sb**2*sc, cb*sb*sc, ca**2*cd, sa*ca*cd, sb*ca*cd, cb*ca*cd, sb*sa*cd, cb*sa*cd, sb**2*cd, cb*sb*cd, ca**3, sa*ca**2, cc*ca**2, sb*ca**2, cb*ca**2, cc*sa*ca, sb*sa*ca, cb*sa*ca, sb*cc*ca, cb*cc*ca, sb**2*ca, cb*sb*ca, sb*cc*sa, cb*cc*sa, sb**2*sa, cb*sb*sa, sb**2*cc, cb*sb*cc, sb**3, cb*sb**2, sd**4, sc*sd**3, cd*sd**3, ca*sd**3, sa*sd**3, cc*sd**3, sb*sd**3, cb*sd**3, ca*sc*sd**2, sa*sc*sd**2, sb*sc*sd**2, cb*sc*sd**2, ca*cd*sd**2, sa*cd*sd**2, sb*cd*sd**2, cb*cd*sd**2;['cb', 'sb', 'cc', 'sa', 'ca', 'cd', 'sc', 'sd']
101;sc;sc_sa_sb_cc_cb_sd_ca_cd;472.69936527399113;6431;1045.35546875;sd**2, sc*sd, sb**2, sa**2, sc**2, cc*sd*cd, sb*sd*cd, sa*sd*cd, cb**2*cd, cc*cb*cd, sb*cb*cd, sa*cb*cd, sc*cb*cd, cc**2*cd, sb*cc*cd, sa*cc*cd, sc*cc*cd, sa*sb*cd, sc*sb*cd, sc*sa*cd, ca**3, sd*ca**2, cb*ca**2, cc*ca**2, sb*ca**2, sa*ca**2, sc*ca**2, cb*sd*ca, cc*sd*ca, sb*sd*ca, sa*sd*ca, cb**2*ca, cc*cb*ca, sb*cb*ca, sa*cb*ca, sc*cb*ca, cc**2*ca, sb*cc*ca, sa*cc*ca, sc*cc*ca, sa*sb*ca, sc*sb*ca, sc*sa*ca, cb**2*sd, cc*cb*sd, sb*cb*sd, sa*cb*sd, cc**2*sd, sb*cc*sd, sa*cc*sd, sa*sb*sd, cb**3, cc*cb**2, sb*cb**2, sa*cb**2, sc*cb**2, cc**2*cb, sb*cc*cb, sa*cc*cb, sc*cc*cb, sa*sb*cb, sc*sb*cb, sc*sa*cb, cc**3, sb*cc**2, sa*cc**2, sc*cc**2, sa*sb*cc, sc*sb*cc, sc*sa*cc, sc*sa*sb, cd**4, ca*cd**3, sd*cd**3, cb*cd**3, cc*cd**3, sb*cd**3, sa*cd**3, sc*cd**3, ca**2*cd**2, sd*ca*cd**2, cb*ca*cd**2, cc*ca*cd**2, sb*ca*cd**2, sa*ca*cd**2, sc*ca*cd**2, cb*sd*cd**2;['sc', 'sa', 'sb', 'cc', 'cb', 'sd', 'ca', 'cd']
102;cc;cc_cb_cd_sc_sb_sa_sd_ca;1358.985270218982;6779;1045.35546875;sa**2, cd**2, cc*cd, cb**2, cc**2, sc*sa*ca, cd*sa*ca, cb*sa*ca, cc*sa*ca, sb**2*ca, sc*sb*ca, cd*sb*ca, cb*sb*ca, cc*sb*ca, sc**2*ca, cd*sc*ca, cb*sc*ca, cc*sc*ca, cb*cd*ca, cc*cb*ca, sd**3, sa*sd**2, sb*sd**2, sc*sd**2, cd*sd**2, cb*sd**2, cc*sd**2, sb*sa*sd, sc*sa*sd, cd*sa*sd, cb*sa*sd, cc*sa*sd, sb**2*sd, sc*sb*sd, cd*sb*sd, cb*sb*sd, cc*sb*sd, sc**2*sd, cd*sc*sd, cb*sc*sd, cc*sc*sd, cb*cd*sd, cc*cb*sd, sb**2*sa, sc*sb*sa, cd*sb*sa, cb*sb*sa, cc*sb*sa, sc**2*sa, cd*sc*sa, cb*sc*sa, cc*sc*sa, cb*cd*sa, cc*cb*sa, sb**3, sc*sb**2, cd*sb**2, cb*sb**2, cc*sb**2, sc**2*sb, cd*sc*sb, cb*sc*sb, cc*sc*sb, cb*cd*sb, cc*cb*sb, sc**3, cd*sc**2, cb*sc**2, cc*sc**2, cb*cd*sc, cc*cb*sc, ca**4, sd*ca**3, sa*ca**3, sb*ca**3, sc*ca**3, cd*ca**3, cb*ca**3, cc*ca**3, sd**2*ca**2, sa*sd*ca**2, sb*sd*ca**2, sc*sd*ca**2, cd*sd*ca**2, cb*sd*ca**2, cc*sd*ca**2, sb*sa*ca**2;['cc', 'cb', 'cd', 'sc', 'sb', 'sa', 'sd', 'ca']
103;cd;cd_sa_cb_ca_sb_cc_sc_sd;470.5200128380093;5204;1045.35546875;cc**2, cd*cc, cb**2, sa**2, cd**2, sc**2*sd, cc*sc*sd, cd*sc*sd, sb**2*sd, ca*sb*sd, cb*sb*sd, sa*sb*sd, cd*sb*sd, ca**2*sd, cb*ca*sd, sa*ca*sd, cd*ca*sd, sa*cb*sd, cd*cb*sd, cd*sa*sd, sc**3, cc*sc**2, sb*sc**2, ca*sc**2, cb*sc**2, sa*sc**2, cd*sc**2, sb*cc*sc, ca*cc*sc, cb*cc*sc, sa*cc*sc, sb**2*sc, ca*sb*sc, cb*sb*sc, sa*sb*sc, cd*sb*sc, ca**2*sc, cb*ca*sc, sa*ca*sc, cd*ca*sc, sa*cb*sc, cd*cb*sc, cd*sa*sc, sb**2*cc, ca*sb*cc, cb*sb*cc, sa*sb*cc, ca**2*cc, cb*ca*cc, sa*ca*cc, sa*cb*cc, sb**3, ca*sb**2, cb*sb**2, sa*sb**2, cd*sb**2, ca**2*sb, cb*ca*sb, sa*ca*sb, cd*ca*sb, sa*cb*sb, cd*cb*sb, cd*sa*sb, ca**3, cb*ca**2, sa*ca**2, cd*ca**2, sa*cb*ca, cd*cb*ca, cd*sa*ca, cd*sa*cb, sd**4, sc*sd**3, cc*sd**3, sb*sd**3, ca*sd**3, cb*sd**3, sa*sd**3, cd*sd**3, sb*sc*sd**2, ca*sc*sd**2, cb*sc*sd**2, sa*sc*sd**2, sb*cc*sd**2, ca*cc*sd**2, cb*cc*sd**2, sa*cc*sd**2;['cd', 'sa', 'cb', 'ca', 'sb', 'cc', 'sc', 'sd']
104;sb;sb_cc_sa_cd_cb_sd_ca_sc;740.5455597100081;6687;1045.35546875;cd**2, cc*cd, sa**2, cc**2, sb**2, sd**2*sc, cd*sd*sc, sa*sd*sc, cc*sd*sc, sb*sd*sc, cb**2*sc, cd*cb*sc, sa*cb*sc, cc*cb*sc, sb*cb*sc, sa*cd*sc, sb*cd*sc, cc*sa*sc, sb*sa*sc, sb*cc*sc, ca**3, sd*ca**2, cb*ca**2, cd*ca**2, sa*ca**2, cc*ca**2, sb*ca**2, sd**2*ca, cb*sd*ca, cd*sd*ca, sa*sd*ca, cc*sd*ca, sb*sd*ca, cb**2*ca, cd*cb*ca, sa*cb*ca, cc*cb*ca, sb*cb*ca, sa*cd*ca, sb*cd*ca, cc*sa*ca, sb*sa*ca, sb*cc*ca, sd**3, cb*sd**2, cd*sd**2, sa*sd**2, cc*sd**2, sb*sd**2, cb**2*sd, cd*cb*sd, sa*cb*sd, cc*cb*sd, sb*cb*sd, sa*cd*sd, sb*cd*sd, cc*sa*sd, sb*sa*sd, sb*cc*sd, cb**3, cd*cb**2, sa*cb**2, cc*cb**2, sb*cb**2, sa*cd*cb, sb*cd*cb, cc*sa*cb, sb*sa*cb, sb*cc*cb, sb*sa*cd, sb*cc*sa, sc**4, ca*sc**3, sd*sc**3, cb*sc**3, cd*sc**3, sa*sc**3, cc*sc**3, sb*sc**3, ca**2*sc**2, sd*ca*sc**2, cb*ca*sc**2, cd*ca*sc**2, sa*ca*sc**2, cc*ca*sc**2, sb*ca*sc**2, cb*sd*sc**2;['sb', 'cc', 'sa', 'cd', 'cb', 'sd', 'ca', 'sc']
105;cd;cd_ca_cb_sb_sa_sd_cc_sc;1275.9354162099771;5192;1045.35546875;cc**2, cd*cc, cb**2, ca**2, cd**2, sd*cc*sc, sd**2*sc, cd*sd*sc, sa**2*sc, sb*sa*sc, cb*sa*sc, ca*sa*sc, cd*sa*sc, sb**2*sc, cb*sb*sc, ca*sb*sc, cd*sb*sc, ca*cb*sc, cd*cb*sc, cd*ca*sc, sd**2*cc, sa*sd*cc, sb*sd*cc, cb*sd*cc, ca*sd*cc, sa**2*cc, sb*sa*cc, cb*sa*cc, ca*sa*cc, sb**2*cc, cb*sb*cc, ca*sb*cc, ca*cb*cc, sd**3, sa*sd**2, sb*sd**2, cb*sd**2, ca*sd**2, cd*sd**2, sa**2*sd, sb*sa*sd, cb*sa*sd, ca*sa*sd, cd*sa*sd, sb**2*sd, cb*sb*sd, ca*sb*sd, cd*sb*sd, ca*cb*sd, cd*cb*sd, cd*ca*sd, sa**3, sb*sa**2, cb*sa**2, ca*sa**2, cd*sa**2, sb**2*sa, cb*sb*sa, ca*sb*sa, cd*sb*sa, ca*cb*sa, cd*cb*sa, cd*ca*sa, sb**3, cb*sb**2, ca*sb**2, cd*sb**2, ca*cb*sb, cd*cb*sb, cd*ca*sb, cd*ca*cb, sc**4, cc*sc**3, sd*sc**3, sa*sc**3, sb*sc**3, cb*sc**3, ca*sc**3, cd*sc**3, sa*cc*sc**2, sb*cc*sc**2, cb*cc*sc**2, ca*cc*sc**2, sa*sd*sc**2, sb*sd*sc**2, cb*sd*sc**2, ca*sd*sc**2;['cd', 'ca', 'cb', 'sb', 'sa', 'sd', 'cc', 'sc']
106;sd;sd_cc_ca_cd_cb_sc_sa_sb;885.9569264790043;6164;1045.35546875;cb**2, cc*cd, ca**2, cc**2, sd**2, cb*sc*sb, cd*sc*sb, ca*sc*sb, cc*sc*sb, sd*sc*sb, cd*cb*sb, ca*cb*sb, cc*cb*sb, sd*cb*sb, cd**2*sb, ca*cd*sb, sd*cd*sb, cc*ca*sb, sd*ca*sb, sd*cc*sb, sa**3, sc*sa**2, cb*sa**2, cd*sa**2, ca*sa**2, cc*sa**2, sd*sa**2, sc**2*sa, cb*sc*sa, cd*sc*sa, ca*sc*sa, cc*sc*sa, sd*sc*sa, cd*cb*sa, ca*cb*sa, cc*cb*sa, sd*cb*sa, cd**2*sa, ca*cd*sa, sd*cd*sa, cc*ca*sa, sd*ca*sa, sd*cc*sa, sc**3, cb*sc**2, cd*sc**2, ca*sc**2, cc*sc**2, sd*sc**2, cd*cb*sc, ca*cb*sc, cc*cb*sc, sd*cb*sc, cd**2*sc, ca*cd*sc, sd*cd*sc, cc*ca*sc, sd*ca*sc, sd*cc*sc, cd**2*cb, ca*cd*cb, sd*cd*cb, cc*ca*cb, sd*ca*cb, sd*cc*cb, cd**3, ca*cd**2, sd*cd**2, sd*ca*cd, sd*cc*ca, sb**4, sa*sb**3, sc*sb**3, cb*sb**3, cd*sb**3, ca*sb**3, cc*sb**3, sd*sb**3, sa**2*sb**2, sc*sa*sb**2, cb*sa*sb**2, cd*sa*sb**2, ca*sa*sb**2, cc*sa*sb**2, sd*sa*sb**2, sc**2*sb**2;['sd', 'cc', 'ca', 'cd', 'cb', 'sc', 'sa', 'sb']
107;sd;sd_cb_sa_sb_sc_ca_cc_cd;917.6103805929888;5778;1045.35546875;sc**2, sd*sc, sa**2, cb**2, sd**2, cc**2*cd, sc*cc*cd, sd*cc*cd, cb*ca*cd, sd*ca*cd, sb*sc*cd, sa*sc*cd, cb*sc*cd, sb**2*cd, sa*sb*cd, cb*sb*cd, sd*sb*cd, cb*sa*cd, sd*sa*cd, sd*cb*cd, cc**3, ca*cc**2, sc*cc**2, sb*cc**2, sa*cc**2, cb*cc**2, sd*cc**2, ca**2*cc, sc*ca*cc, sb*ca*cc, sa*ca*cc, cb*ca*cc, sd*ca*cc, sb*sc*cc, sa*sc*cc, cb*sc*cc, sb**2*cc, sa*sb*cc, cb*sb*cc, sd*sb*cc, cb*sa*cc, sd*sa*cc, sd*cb*cc, ca**3, sc*ca**2, sb*ca**2, sa*ca**2, cb*ca**2, sd*ca**2, sb*sc*ca, sa*sc*ca, cb*sc*ca, sb**2*ca, sa*sb*ca, cb*sb*ca, sd*sb*ca, cb*sa*ca, sd*sa*ca, sd*cb*ca, sb**2*sc, sa*sb*sc, cb*sb*sc, cb*sa*sc, sb**3, sa*sb**2, cb*sb**2, sd*sb**2, cb*sa*sb, sd*sa*sb, sd*cb*sb, sd*cb*sa, cd**4, cc*cd**3, ca*cd**3, sc*cd**3, sb*cd**3, sa*cd**3, cb*cd**3, sd*cd**3, ca*cc*cd**2, sb*cc*cd**2, sa*cc*cd**2, cb*cc*cd**2, ca**2*cd**2, sc*ca*cd**2, sb*ca*cd**2, sa*ca*cd**2;['sd', 'cb', 'sa', 'sb', 'sc', 'ca', 'cc', 'cd']
108;sd;sd_ca_cd_sa_cc_sb_cb_sc;387.2915083790431;5796;1045.35546875;sb**2, cc**2, cd*cc, ca**2, sd**2, sa*sb*sc, cd*sb*sc, ca*sb*sc, sd*sb*sc, sa*cc*sc, ca*cc*sc, sd*cc*sc, sa**2*sc, cd*sa*sc, ca*sa*sc, sd*sa*sc, cd**2*sc, ca*cd*sc, sd*cd*sc, sd*ca*sc, cb**3, sb*cb**2, cc*cb**2, sa*cb**2, cd*cb**2, ca*cb**2, sd*cb**2, cc*sb*cb, sa*sb*cb, cd*sb*cb, ca*sb*cb, sd*sb*cb, sa*cc*cb, ca*cc*cb, sd*cc*cb, sa**2*cb, cd*sa*cb, ca*sa*cb, sd*sa*cb, cd**2*cb, ca*cd*cb, sd*cd*cb, sd*ca*cb, sa*cc*sb, ca*cc*sb, sd*cc*sb, sa**2*sb, cd*sa*sb, ca*sa*sb, sd*sa*sb, cd**2*sb, ca*cd*sb, sd*cd*sb, sd*ca*sb, sa**2*cc, ca*sa*cc, sd*sa*cc, sd*ca*cc, sa**3, cd*sa**2, ca*sa**2, sd*sa**2, cd**2*sa, ca*cd*sa, sd*cd*sa, sd*ca*sa, cd**3, ca*cd**2, sd*cd**2, sd*ca*cd, sc**4, cb*sc**3, sb*sc**3, cc*sc**3, sa*sc**3, cd*sc**3, ca*sc**3, sd*sc**3, cb**2*sc**2, sb*cb*sc**2, cc*cb*sc**2, sa*cb*sc**2, cd*cb*sc**2, ca*cb*sc**2, sd*cb*sc**2, cc*sb*sc**2;['sd', 'ca', 'cd', 'sa', 'cc', 'sb', 'cb', 'sc']
109;ca;ca_cc_cb_sa_sc_sd_cd_sb;547.6313974300283;5950;1045.35546875;sd**2, sc*sd, cb**2, cc**2, ca**2, cb*sd*sb, cc*sd*sb, ca*sd*sb, sc**2*sb, sa*sc*sb, cb*sc*sb, cc*sc*sb, ca*sc*sb, sa**2*sb, cb*sa*sb, cc*sa*sb, ca*sa*sb, cc*cb*sb, ca*cb*sb, ca*cc*sb, cd**3, sd*cd**2, sc*cd**2, sa*cd**2, cb*cd**2, cc*cd**2, ca*cd**2, sa*sd*cd, cb*sd*cd, cc*sd*cd, ca*sd*cd, sc**2*cd, sa*sc*cd, cb*sc*cd, cc*sc*cd, ca*sc*cd, sa**2*cd, cb*sa*cd, cc*sa*cd, ca*sa*cd, cc*cb*cd, ca*cb*cd, ca*cc*cd, sa**2*sd, cb*sa*sd, cc*sa*sd, ca*sa*sd, cc*cb*sd, ca*cb*sd, ca*cc*sd, sc**3, sa*sc**2, cb*sc**2, cc*sc**2, ca*sc**2, sa**2*sc, cb*sa*sc, cc*sa*sc, ca*sa*sc, cc*cb*sc, ca*cb*sc, ca*cc*sc, sa**3, cb*sa**2, cc*sa**2, ca*sa**2, cc*cb*sa, ca*cb*sa, ca*cc*sa, ca*cc*cb, sb**4, cd*sb**3, sd*sb**3, sc*sb**3, sa*sb**3, cb*sb**3, cc*sb**3, ca*sb**3, cd**2*sb**2, sd*cd*sb**2, sc*cd*sb**2, sa*cd*sb**2, cb*cd*sb**2, cc*cd*sb**2, ca*cd*sb**2, sa*sd*sb**2;['ca', 'cc', 'cb', 'sa', 'sc', 'sd', 'cd', 'sb']
110;sd;sd_ca_cb_sc_sa_sb_cd_cc;517.975073916954;5535;1045.35546875;sc**2, sd*sc, cb**2, ca**2, sd**2, cd**2*cc, sc*cd*cc, sd*cd*cc, ca*sb*cc, sd*sb*cc, sa**2*cc, sc*sa*cc, cb*sa*cc, ca*sa*cc, sd*sa*cc, cb*sc*cc, ca*sc*cc, ca*cb*cc, sd*cb*cc, sd*ca*cc, cd**3, sb*cd**2, sa*cd**2, sc*cd**2, cb*cd**2, ca*cd**2, sd*cd**2, sb**2*cd, sa*sb*cd, sc*sb*cd, cb*sb*cd, ca*sb*cd, sd*sb*cd, sa**2*cd, sc*sa*cd, cb*sa*cd, ca*sa*cd, sd*sa*cd, cb*sc*cd, ca*sc*cd, ca*cb*cd, sd*cb*cd, sd*ca*cd, sb**3, sa*sb**2, sc*sb**2, cb*sb**2, ca*sb**2, sd*sb**2, sa**2*sb, sc*sa*sb, cb*sa*sb, ca*sa*sb, sd*sa*sb, cb*sc*sb, ca*sc*sb, ca*cb*sb, sd*cb*sb, sd*ca*sb, sa**3, sc*sa**2, cb*sa**2, ca*sa**2, sd*sa**2, cb*sc*sa, ca*sc*sa, ca*cb*sa, sd*cb*sa, sd*ca*sa, ca*cb*sc, sd*ca*cb, cc**4, cd*cc**3, sb*cc**3, sa*cc**3, sc*cc**3, cb*cc**3, ca*cc**3, sd*cc**3, sb*cd*cc**2, sa*cd*cc**2, cb*cd*cc**2, ca*cd*cc**2, sb**2*cc**2, sa*sb*cc**2, sc*sb*cc**2, cb*sb*cc**2;['sd', 'ca', 'cb', 'sc', 'sa', 'sb', 'cd', 'cc']
111;ca;ca_sd_cb_sb_cd_sc_sa_cc;482.3108061469975;6586;1045.35546875;sc**2, sd*sc, cb**2, sd**2, ca**2, cd*sc*cc, cb*sc*cc, ca*sc*cc, cd**2*cc, sb*cd*cc, cb*cd*cc, sd*cd*cc, ca*cd*cc, sb**2*cc, cb*sb*cc, sd*sb*cc, ca*sb*cc, sd*cb*cc, ca*cb*cc, ca*sd*cc, sa**3, sc*sa**2, cd*sa**2, sb*sa**2, cb*sa**2, sd*sa**2, ca*sa**2, cd*sc*sa, sb*sc*sa, cb*sc*sa, ca*sc*sa, cd**2*sa, sb*cd*sa, cb*cd*sa, sd*cd*sa, ca*cd*sa, sb**2*sa, cb*sb*sa, sd*sb*sa, ca*sb*sa, sd*cb*sa, ca*cb*sa, ca*sd*sa, cd**2*sc, sb*cd*sc, cb*cd*sc, ca*cd*sc, sb**2*sc, cb*sb*sc, ca*sb*sc, ca*cb*sc, cd**3, sb*cd**2, cb*cd**2, sd*cd**2, ca*cd**2, sb**2*cd, cb*sb*cd, sd*sb*cd, ca*sb*cd, sd*cb*cd, ca*cb*cd, ca*sd*cd, sb**3, cb*sb**2, sd*sb**2, ca*sb**2, sd*cb*sb, ca*cb*sb, ca*sd*sb, ca*sd*cb, cc**4, sa*cc**3, sc*cc**3, cd*cc**3, sb*cc**3, cb*cc**3, sd*cc**3, ca*cc**3, sa**2*cc**2, sc*sa*cc**2, cd*sa*cc**2, sb*sa*cc**2, cb*sa*cc**2, sd*sa*cc**2, ca*sa*cc**2, sb*sc*cc**2;['ca', 'sd', 'cb', 'sb', 'cd', 'sc', 'sa', 'cc']
112;sc;sc_cc_sd_cd_cb_ca_sb_sa;421.6653179419809;5274;1045.35546875;ca**2, cb**2, sd**2, sc*sd, sc**2, cd*ca*sa, sd*ca*sa, cc*ca*sa, sc*ca*sa, cd*cb*sa, sd*cb*sa, cc*cb*sa, sc*cb*sa, cd**2*sa, sd*cd*sa, cc*cd*sa, sc*cd*sa, cc*sd*sa, cc**2*sa, sc*cc*sa, sb**3, ca*sb**2, cb*sb**2, cd*sb**2, sd*sb**2, cc*sb**2, sc*sb**2, cb*ca*sb, cd*ca*sb, sd*ca*sb, cc*ca*sb, sc*ca*sb, cd*cb*sb, sd*cb*sb, cc*cb*sb, sc*cb*sb, cd**2*sb, sd*cd*sb, cc*cd*sb, sc*cd*sb, cc*sd*sb, cc**2*sb, sc*cc*sb, cd*cb*ca, sd*cb*ca, cc*cb*ca, sc*cb*ca, cd**2*ca, sd*cd*ca, cc*cd*ca, sc*cd*ca, cc*sd*ca, cc**2*ca, sc*cc*ca, cd**2*cb, sd*cd*cb, cc*cd*cb, sc*cd*cb, cc*sd*cb, cc**2*cb, sc*cc*cb, cd**3, sd*cd**2, cc*cd**2, sc*cd**2, cc*sd*cd, cc**2*cd, sc*cc*cd, cc**2*sd, cc**3, sc*cc**2, sa**4, sb*sa**3, ca*sa**3, cb*sa**3, cd*sa**3, sd*sa**3, cc*sa**3, sc*sa**3, sb**2*sa**2, ca*sb*sa**2, cb*sb*sa**2, cd*sb*sa**2, sd*sb*sa**2, cc*sb*sa**2, sc*sb*sa**2, cb*ca*sa**2;['sc', 'cc', 'sd', 'cd', 'cb', 'ca', 'sb', 'sa']
113;sd;sd_cb_cd_sa_ca_sc_sb_cc;703.1937030960107;6128;1045.35546875;sc**2, sd*sc, sa**2, cb**2, sd**2, sa*sc*cc, cd*sc*cc, cb*sc*cc, ca**2*cc, sa*ca*cc, cd*ca*cc, cb*ca*cc, sd*ca*cc, cd*sa*cc, cb*sa*cc, sd*sa*cc, cd**2*cc, cb*cd*cc, sd*cd*cc, sd*cb*cc, sb**3, sc*sb**2, ca*sb**2, sa*sb**2, cd*sb**2, cb*sb**2, sd*sb**2, ca*sc*sb, sa*sc*sb, cd*sc*sb, cb*sc*sb, ca**2*sb, sa*ca*sb, cd*ca*sb, cb*ca*sb, sd*ca*sb, cd*sa*sb, cb*sa*sb, sd*sa*sb, cd**2*sb, cb*cd*sb, sd*cd*sb, sd*cb*sb, ca**2*sc, sa*ca*sc, cd*ca*sc, cb*ca*sc, cd*sa*sc, cb*sa*sc, cd**2*sc, cb*cd*sc, ca**3, sa*ca**2, cd*ca**2, cb*ca**2, sd*ca**2, cd*sa*ca, cb*sa*ca, sd*sa*ca, cd**2*ca, cb*cd*ca, sd*cd*ca, sd*cb*ca, cd**2*sa, cb*cd*sa, sd*cd*sa, sd*cb*sa, cd**3, cb*cd**2, sd*cd**2, sd*cb*cd, cc**4, sb*cc**3, sc*cc**3, ca*cc**3, sa*cc**3, cd*cc**3, cb*cc**3, sd*cc**3, sb**2*cc**2, sc*sb*cc**2, ca*sb*cc**2, sa*sb*cc**2, cd*sb*cc**2, cb*sb*cc**2, sd*sb*cc**2, ca*sc*cc**2;['sd', 'cb', 'cd', 'sa', 'ca', 'sc', 'sb', 'cc']
114;sd;sd_sa_cc_ca_cb_sc_cd_sb;1392.7081953799934;6318;1051.13671875;sd*sc, cb**2, cc**2, sa**2, sd**2, cb*sc*sb, ca*sc*sb, cc*sc*sb, sa*sc*sb, ca*cb*sb, cc*cb*sb, sa*cb*sb, sd*cb*sb, ca**2*sb, cc*ca*sb, sa*ca*sb, sd*ca*sb, sa*cc*sb, sd*cc*sb, sd*sa*sb, cd**3, sc*cd**2, cb*cd**2, ca*cd**2, cc*cd**2, sa*cd**2, sd*cd**2, sc**2*cd, cb*sc*cd, ca*sc*cd, cc*sc*cd, sa*sc*cd, ca*cb*cd, cc*cb*cd, sa*cb*cd, sd*cb*cd, ca**2*cd, cc*ca*cd, sa*ca*cd, sd*ca*cd, sa*cc*cd, sd*cc*cd, sd*sa*cd, sc**3, cb*sc**2, ca*sc**2, cc*sc**2, sa*sc**2, ca*cb*sc, cc*cb*sc, sa*cb*sc, ca**2*sc, cc*ca*sc, sa*ca*sc, sa*cc*sc, ca**2*cb, cc*ca*cb, sa*ca*cb, sd*ca*cb, sa*cc*cb, sd*cc*cb, sd*sa*cb, ca**3, cc*ca**2, sa*ca**2, sd*ca**2, sa*cc*ca, sd*cc*ca, sd*sa*ca, sd*sa*cc, sb**4, cd*sb**3, sc*sb**3, cb*sb**3, ca*sb**3, cc*sb**3, sa*sb**3, sd*sb**3, cd**2*sb**2, sc*cd*sb**2, cb*cd*sb**2, ca*cd*sb**2, cc*cd*sb**2, sa*cd*sb**2, sd*cd*sb**2, sc**2*sb**2;['sd', 'sa', 'cc', 'ca', 'cb', 'sc', 'cd', 'sb']
115;sc;sc_ca_cb_sd_sa_cc_cd_sb;1439.8476124620647;6404;1051.13671875;sd**2, sc*sd, cb**2, ca**2, sc**2, sa*cc*sb, sd*cc*sb, cb*cc*sb, ca*cc*sb, sc*cc*sb, sa**2*sb, sd*sa*sb, cb*sa*sb, ca*sa*sb, sc*sa*sb, cb*sd*sb, ca*sd*sb, ca*cb*sb, sc*cb*sb, sc*ca*sb, cd**3, cc*cd**2, sa*cd**2, sd*cd**2, cb*cd**2, ca*cd**2, sc*cd**2, cc**2*cd, sa*cc*cd, sd*cc*cd, cb*cc*cd, ca*cc*cd, sc*cc*cd, sa**2*cd, sd*sa*cd, cb*sa*cd, ca*sa*cd, sc*sa*cd, cb*sd*cd, ca*sd*cd, ca*cb*cd, sc*cb*cd, sc*ca*cd, cc**3, sa*cc**2, sd*cc**2, cb*cc**2, ca*cc**2, sc*cc**2, sa**2*cc, sd*sa*cc, cb*sa*cc, ca*sa*cc, sc*sa*cc, cb*sd*cc, ca*sd*cc, ca*cb*cc, sc*cb*cc, sc*ca*cc, sa**3, sd*sa**2, cb*sa**2, ca*sa**2, sc*sa**2, cb*sd*sa, ca*sd*sa, ca*cb*sa, sc*cb*sa, sc*ca*sa, ca*cb*sd, sc*ca*cb, sb**4, cd*sb**3, cc*sb**3, sa*sb**3, sd*sb**3, cb*sb**3, ca*sb**3, sc*sb**3, cd**2*sb**2, cc*cd*sb**2, sa*cd*sb**2, sd*cd*sb**2, cb*cd*sb**2, ca*cd*sb**2, sc*cd*sb**2, cc**2*sb**2;['sc', 'ca', 'cb', 'sd', 'sa', 'cc', 'cd', 'sb']
116;cc;cc_sb_sd_ca_sa_cd_cb_sc;592.334473626921;6429;1050.15234375;cc*cd, ca**2, sd**2, sb**2, cc**2, cd**2*sc, ca*cd*sc, sd*cd*sc, sb*cd*sc, sa**2*sc, ca*sa*sc, sd*sa*sc, sb*sa*sc, cc*sa*sc, sd*ca*sc, sb*ca*sc, cc*ca*sc, sb*sd*sc, cc*sd*sc, cc*sb*sc, cb**3, cd*cb**2, sa*cb**2, ca*cb**2, sd*cb**2, sb*cb**2, cc*cb**2, cd**2*cb, sa*cd*cb, ca*cd*cb, sd*cd*cb, sb*cd*cb, sa**2*cb, ca*sa*cb, sd*sa*cb, sb*sa*cb, cc*sa*cb, sd*ca*cb, sb*ca*cb, cc*ca*cb, sb*sd*cb, cc*sd*cb, cc*sb*cb, cd**3, sa*cd**2, ca*cd**2, sd*cd**2, sb*cd**2, sa**2*cd, ca*sa*cd, sd*sa*cd, sb*sa*cd, sd*ca*cd, sb*ca*cd, sb*sd*cd, sa**3, ca*sa**2, sd*sa**2, sb*sa**2, cc*sa**2, sd*ca*sa, sb*ca*sa, cc*ca*sa, sb*sd*sa, cc*sd*sa, cc*sb*sa, sb*sd*ca, cc*sd*ca, cc*sb*ca, cc*sb*sd, sc**4, cb*sc**3, cd*sc**3, sa*sc**3, ca*sc**3, sd*sc**3, sb*sc**3, cc*sc**3, cb**2*sc**2, cd*cb*sc**2, sa*cb*sc**2, ca*cb*sc**2, sd*cb*sc**2, sb*cb*sc**2, cc*cb*sc**2, sa*cd*sc**2;['cc', 'sb', 'sd', 'ca', 'sa', 'cd', 'cb', 'sc']
117;sc;sc_sb_sd_cc_sa_cb_cd_ca;619.019425334991;6723;1050.15234375;sa**2, sd**2, sc*sd, sb**2, sc**2, sa*cb*ca, cc*cb*ca, sd*cb*ca, sb*cb*ca, sc*cb*ca, cc*sa*ca, sd*sa*ca, sb*sa*ca, sc*sa*ca, cc**2*ca, sd*cc*ca, sb*cc*ca, sc*cc*ca, sb*sd*ca, sc*sb*ca, cd**3, cb*cd**2, sa*cd**2, cc*cd**2, sd*cd**2, sb*cd**2, sc*cd**2, cb**2*cd, sa*cb*cd, cc*cb*cd, sd*cb*cd, sb*cb*cd, sc*cb*cd, cc*sa*cd, sd*sa*cd, sb*sa*cd, sc*sa*cd, cc**2*cd, sd*cc*cd, sb*cc*cd, sc*cc*cd, sb*sd*cd, sc*sb*cd, cb**3, sa*cb**2, cc*cb**2, sd*cb**2, sb*cb**2, sc*cb**2, cc*sa*cb, sd*sa*cb, sb*sa*cb, sc*sa*cb, cc**2*cb, sd*cc*cb, sb*cc*cb, sc*cc*cb, sb*sd*cb, sc*sb*cb, cc**2*sa, sd*cc*sa, sb*cc*sa, sc*cc*sa, sb*sd*sa, sc*sb*sa, cc**3, sd*cc**2, sb*cc**2, sc*cc**2, sb*sd*cc, sc*sb*cc, ca**4, cd*ca**3, cb*ca**3, sa*ca**3, cc*ca**3, sd*ca**3, sb*ca**3, sc*ca**3, cd**2*ca**2, cb*cd*ca**2, sa*cd*ca**2, cc*cd*ca**2, sd*cd*ca**2, sb*cd*ca**2, sc*cd*ca**2, cb**2*ca**2;['sc', 'sb', 'sd', 'cc', 'sa', 'cb', 'cd', 'ca']
118;sa;sa_sb_cc_sd_cd_ca_cb_sc;600.2717553739203;7231;1049.16796875;cc*cd, sd**2, cc**2, sb**2, sa**2, cd*ca*sc, sd*ca*sc, cc*ca*sc, sb*ca*sc, sa*ca*sc, cd**2*sc, sd*cd*sc, sb*cd*sc, sa*cd*sc, cc*sd*sc, sb*sd*sc, sa*sd*sc, sb*cc*sc, sa*cc*sc, sa*sb*sc, cb**3, ca*cb**2, cd*cb**2, sd*cb**2, cc*cb**2, sb*cb**2, sa*cb**2, ca**2*cb, cd*ca*cb, sd*ca*cb, cc*ca*cb, sb*ca*cb, sa*ca*cb, cd**2*cb, sd*cd*cb, sb*cd*cb, sa*cd*cb, cc*sd*cb, sb*sd*cb, sa*sd*cb, sb*cc*cb, sa*cc*cb, sa*sb*cb, ca**3, cd*ca**2, sd*ca**2, cc*ca**2, sb*ca**2, sa*ca**2, cd**2*ca, sd*cd*ca, sb*cd*ca, sa*cd*ca, cc*sd*ca, sb*sd*ca, sa*sd*ca, sb*cc*ca, sa*cc*ca, sa*sb*ca, cd**3, sd*cd**2, sb*cd**2, sa*cd**2, sb*sd*cd, sa*sd*cd, sa*sb*cd, sb*cc*sd, sa*cc*sd, sa*sb*sd, sa*sb*cc, sc**4, cb*sc**3, ca*sc**3, cd*sc**3, sd*sc**3, cc*sc**3, sb*sc**3, sa*sc**3, cb**2*sc**2, ca*cb*sc**2, cd*cb*sc**2, sd*cb*sc**2, cc*cb*sc**2, sb*cb*sc**2, sa*cb*sc**2, ca**2*sc**2;['sa', 'sb', 'cc', 'sd', 'cd', 'ca', 'cb', 'sc']
119;sa;sa_sd_sb_ca_cd_cb_sc_cc;458.5873561570188;5231;1048.18359375;sc**2, sd*sc, sb**2, sd**2, sa**2, cd*sc*cc, sd*cb*cc, sa*cb*cc, cd**2*cc, ca*cd*cc, sb*cd*cc, sd*cd*cc, sa*cd*cc, ca**2*cc, sb*ca*cc, sd*ca*cc, sa*ca*cc, sd*sb*cc, sa*sb*cc, sa*sd*cc, cb**2*sc, cd*cb*sc, ca*cb*sc, sb*cb*sc, sa*cb*sc, cd**2*sc, ca*cd*sc, sb*cd*sc, sa*cd*sc, ca**2*sc, sb*ca*sc, sa*ca*sc, sa*sb*sc, cb**3, cd*cb**2, ca*cb**2, sb*cb**2, sd*cb**2, sa*cb**2, cd**2*cb, ca*cd*cb, sb*cd*cb, sd*cd*cb, sa*cd*cb, ca**2*cb, sb*ca*cb, sd*ca*cb, sa*ca*cb, sd*sb*cb, sa*sb*cb, sa*sd*cb, cd**3, ca*cd**2, sb*cd**2, sd*cd**2, sa*cd**2, ca**2*cd, sb*ca*cd, sd*ca*cd, sa*ca*cd, sd*sb*cd, sa*sb*cd, sa*sd*cd, ca**3, sb*ca**2, sd*ca**2, sa*ca**2, sd*sb*ca, sa*sb*ca, sa*sd*ca, sa*sd*sb, cc**4, sc*cc**3, cb*cc**3, cd*cc**3, ca*cc**3, sb*cc**3, sd*cc**3, sa*cc**3, cb*sc*cc**2, ca*sc*cc**2, sb*sc*cc**2, sa*sc*cc**2, cb**2*cc**2, cd*cb*cc**2, ca*cb*cc**2, sb*cb*cc**2;['sa', 'sd', 'sb', 'ca', 'cd', 'cb', 'sc', 'cc']
120;ca;ca_sa_cd_sb_cb_cc_sc_sd;581.930418996024;5581;1048.18359375;cc**2, cd*cc, sb**2, cd**2, ca**2, sc**2*sd, cc*sc*sd, cd*sc*sd, cb**2*sd, sb*cb*sd, cd*cb*sd, sa*cb*sd, ca*cb*sd, cd*sb*sd, sa*sb*sd, ca*sb*sd, sa*cd*sd, ca*cd*sd, sa**2*sd, ca*sa*sd, sc**3, cc*sc**2, cb*sc**2, sb*sc**2, cd*sc**2, sa*sc**2, ca*sc**2, cb*cc*sc, sb*cc*sc, sa*cc*sc, ca*cc*sc, cb**2*sc, sb*cb*sc, cd*cb*sc, sa*cb*sc, ca*cb*sc, cd*sb*sc, sa*sb*sc, ca*sb*sc, sa*cd*sc, ca*cd*sc, sa**2*sc, ca*sa*sc, cb**2*cc, sb*cb*cc, sa*cb*cc, ca*cb*cc, sa*sb*cc, ca*sb*cc, sa**2*cc, ca*sa*cc, cb**3, sb*cb**2, cd*cb**2, sa*cb**2, ca*cb**2, cd*sb*cb, sa*sb*cb, ca*sb*cb, sa*cd*cb, ca*cd*cb, sa**2*cb, ca*sa*cb, sa*cd*sb, ca*cd*sb, sa**2*sb, ca*sa*sb, sa**2*cd, ca*sa*cd, sa**3, ca*sa**2, sd**4, sc*sd**3, cc*sd**3, cb*sd**3, sb*sd**3, cd*sd**3, sa*sd**3, ca*sd**3, cb*sc*sd**2, sb*sc*sd**2, sa*sc*sd**2, ca*sc*sd**2, cb*cc*sd**2, sb*cc*sd**2, sa*cc*sd**2, ca*cc*sd**2;['ca', 'sa', 'cd', 'sb', 'cb', 'cc', 'sc', 'sd']
121;ca;ca_sc_sd_cb_sa_cd_cc_sb;1465.7099750749767;6219;1048.18359375;cb**2, sd**2, sc*sd, sc**2, ca**2, sa*cd*sb, cb*cd*sb, sd*cd*sb, sc*cd*sb, ca*cd*sb, sa**2*sb, cb*sa*sb, sd*sa*sb, sc*sa*sb, ca*sa*sb, sd*cb*sb, sc*cb*sb, ca*cb*sb, ca*sd*sb, ca*sc*sb, cc**3, cd*cc**2, sa*cc**2, cb*cc**2, sd*cc**2, sc*cc**2, ca*cc**2, cd**2*cc, sa*cd*cc, cb*cd*cc, sd*cd*cc, sc*cd*cc, ca*cd*cc, sa**2*cc, cb*sa*cc, sd*sa*cc, sc*sa*cc, ca*sa*cc, sd*cb*cc, sc*cb*cc, ca*cb*cc, ca*sd*cc, ca*sc*cc, cd**3, sa*cd**2, cb*cd**2, sd*cd**2, sc*cd**2, ca*cd**2, sa**2*cd, cb*sa*cd, sd*sa*cd, sc*sa*cd, ca*sa*cd, sd*cb*cd, sc*cb*cd, ca*cb*cd, ca*sd*cd, ca*sc*cd, sa**3, cb*sa**2, sd*sa**2, sc*sa**2, ca*sa**2, sd*cb*sa, sc*cb*sa, ca*cb*sa, ca*sd*sa, ca*sc*sa, ca*sd*cb, ca*sc*cb, sb**4, cc*sb**3, cd*sb**3, sa*sb**3, cb*sb**3, sd*sb**3, sc*sb**3, ca*sb**3, cc**2*sb**2, cd*cc*sb**2, sa*cc*sb**2, cb*cc*sb**2, sd*cc*sb**2, sc*cc*sb**2, ca*cc*sb**2, cd**2*sb**2;['ca', 'sc', 'sd', 'cb', 'sa', 'cd', 'cc', 'sb']
122;cc;cc_sb_sc_cb_ca_sd_cd_sa;829.1400571879931;6131;1048.18359375;sd**2, sc*sd, ca**2, sb**2, cc**2, cb*sd*sa, sb*sd*sa, cc*sd*sa, cb*ca*sa, sc*ca*sa, sb*ca*sa, cc*ca*sa, cb**2*sa, sc*cb*sa, sb*cb*sa, cc*cb*sa, sc**2*sa, sb*sc*sa, cc*sc*sa, cc*sb*sa, cd**3, sd*cd**2, ca*cd**2, cb*cd**2, sc*cd**2, sb*cd**2, cc*cd**2, ca*sd*cd, cb*sd*cd, sb*sd*cd, cc*sd*cd, cb*ca*cd, sc*ca*cd, sb*ca*cd, cc*ca*cd, cb**2*cd, sc*cb*cd, sb*cb*cd, cc*cb*cd, sc**2*cd, sb*sc*cd, cc*sc*cd, cc*sb*cd, cb*ca*sd, sb*ca*sd, cc*ca*sd, cb**2*sd, sb*cb*sd, cc*cb*sd, cc*sb*sd, cb**2*ca, sc*cb*ca, sb*cb*ca, cc*cb*ca, sc**2*ca, sb*sc*ca, cc*sc*ca, cc*sb*ca, cb**3, sc*cb**2, sb*cb**2, cc*cb**2, sc**2*cb, sb*sc*cb, cc*sc*cb, cc*sb*cb, sc**3, sb*sc**2, cc*sc**2, cc*sb*sc, sa**4, cd*sa**3, sd*sa**3, ca*sa**3, cb*sa**3, sc*sa**3, sb*sa**3, cc*sa**3, cd**2*sa**2, sd*cd*sa**2, ca*cd*sa**2, cb*cd*sa**2, sc*cd*sa**2, sb*cd*sa**2, cc*cd*sa**2, ca*sd*sa**2;['cc', 'sb', 'sc', 'cb', 'ca', 'sd', 'cd', 'sa']
123;sd;sd_cc_cb_ca_sb_sc_cd_sa;1513.8465578210307;6021;1048.18359375;sd*sc, ca**2, cb**2, cc**2, sd**2, sb*sc*sa, ca*sc*sa, cb*sc*sa, cc*sc*sa, sb**2*sa, ca*sb*sa, cb*sb*sa, cc*sb*sa, sd*sb*sa, cb*ca*sa, cc*ca*sa, sd*ca*sa, cc*cb*sa, sd*cb*sa, sd*cc*sa, cd**3, sc*cd**2, sb*cd**2, ca*cd**2, cb*cd**2, cc*cd**2, sd*cd**2, sc**2*cd, sb*sc*cd, ca*sc*cd, cb*sc*cd, cc*sc*cd, sb**2*cd, ca*sb*cd, cb*sb*cd, cc*sb*cd, sd*sb*cd, cb*ca*cd, cc*ca*cd, sd*ca*cd, cc*cb*cd, sd*cb*cd, sd*cc*cd, sc**3, sb*sc**2, ca*sc**2, cb*sc**2, cc*sc**2, sb**2*sc, ca*sb*sc, cb*sb*sc, cc*sb*sc, cb*ca*sc, cc*ca*sc, cc*cb*sc, sb**3, ca*sb**2, cb*sb**2, cc*sb**2, sd*sb**2, cb*ca*sb, cc*ca*sb, sd*ca*sb, cc*cb*sb, sd*cb*sb, sd*cc*sb, cc*cb*ca, sd*cb*ca, sd*cc*ca, sd*cc*cb, sa**4, cd*sa**3, sc*sa**3, sb*sa**3, ca*sa**3, cb*sa**3, cc*sa**3, sd*sa**3, cd**2*sa**2, sc*cd*sa**2, sb*cd*sa**2, ca*cd*sa**2, cb*cd*sa**2, cc*cd*sa**2, sd*cd*sa**2, sc**2*sa**2;['sd', 'cc', 'cb', 'ca', 'sb', 'sc', 'cd', 'sa']
124;cd;cd_sc_cb_sb_sa_cc_sd_ca;1053.7958332860144;6088;1048.18359375;cd*cc, sa**2, cb**2, sc**2, cd**2, sa*cc*ca, sb*cc*ca, cb*cc*ca, sc*cc*ca, sb*sa*ca, cb*sa*ca, sc*sa*ca, cd*sa*ca, sb**2*ca, cb*sb*ca, sc*sb*ca, cd*sb*ca, sc*cb*ca, cd*cb*ca, cd*sc*ca, sd**3, cc*sd**2, sa*sd**2, sb*sd**2, cb*sd**2, sc*sd**2, cd*sd**2, cc**2*sd, sa*cc*sd, sb*cc*sd, cb*cc*sd, sc*cc*sd, sb*sa*sd, cb*sa*sd, sc*sa*sd, cd*sa*sd, sb**2*sd, cb*sb*sd, sc*sb*sd, cd*sb*sd, sc*cb*sd, cd*cb*sd, cd*sc*sd, cc**3, sa*cc**2, sb*cc**2, cb*cc**2, sc*cc**2, sb*sa*cc, cb*sa*cc, sc*sa*cc, sb**2*cc, cb*sb*cc, sc*sb*cc, sc*cb*cc, sb**2*sa, cb*sb*sa, sc*sb*sa, cd*sb*sa, sc*cb*sa, cd*cb*sa, cd*sc*sa, sb**3, cb*sb**2, sc*sb**2, cd*sb**2, sc*cb*sb, cd*cb*sb, cd*sc*sb, cd*sc*cb, ca**4, sd*ca**3, cc*ca**3, sa*ca**3, sb*ca**3, cb*ca**3, sc*ca**3, cd*ca**3, sd**2*ca**2, cc*sd*ca**2, sa*sd*ca**2, sb*sd*ca**2, cb*sd*ca**2, sc*sd*ca**2, cd*sd*ca**2, cc**2*ca**2;['cd', 'sc', 'cb', 'sb', 'sa', 'cc', 'sd', 'ca']
125;sa;sa_ca_cd_sc_cc_sb_sd_cb;1164.4971833099844;6070;1048.18359375;sb**2, cd*cc, sc**2, cd**2, sa**2, sc*sb*cb, cd*sb*cb, ca*sb*cb, sa*sb*cb, cc**2*cb, sc*cc*cb, ca*cc*cb, sa*cc*cb, cd*sc*cb, ca*sc*cb, sa*sc*cb, ca*cd*cb, sa*cd*cb, ca**2*cb, sa*ca*cb, sd**3, sb*sd**2, cc*sd**2, sc*sd**2, cd*sd**2, ca*sd**2, sa*sd**2, cc*sb*sd, sc*sb*sd, cd*sb*sd, ca*sb*sd, sa*sb*sd, cc**2*sd, sc*cc*sd, ca*cc*sd, sa*cc*sd, cd*sc*sd, ca*sc*sd, sa*sc*sd, ca*cd*sd, sa*cd*sd, ca**2*sd, sa*ca*sd, cc**2*sb, sc*cc*sb, ca*cc*sb, sa*cc*sb, cd*sc*sb, ca*sc*sb, sa*sc*sb, ca*cd*sb, sa*cd*sb, ca**2*sb, sa*ca*sb, cc**3, sc*cc**2, ca*cc**2, sa*cc**2, ca*sc*cc, sa*sc*cc, ca**2*cc, sa*ca*cc, ca*cd*sc, sa*cd*sc, ca**2*sc, sa*ca*sc, ca**2*cd, sa*ca*cd, ca**3, sa*ca**2, cb**4, sd*cb**3, sb*cb**3, cc*cb**3, sc*cb**3, cd*cb**3, ca*cb**3, sa*cb**3, sd**2*cb**2, sb*sd*cb**2, cc*sd*cb**2, sc*sd*cb**2, cd*sd*cb**2, ca*sd*cb**2, sa*sd*cb**2, cc*sb*cb**2;['sa', 'ca', 'cd', 'sc', 'cc', 'sb', 'sd', 'cb']
126;ca;ca_sc_sd_sb_cc_sa_cd_cb;668.1112123760395;6551;1048.18359375;sb**2, sd**2, sc*sd, sc**2, ca**2, cc*sa*cb, sb*sa*cb, sd*sa*cb, sc*sa*cb, ca*sa*cb, cc**2*cb, sb*cc*cb, sd*cc*cb, sc*cc*cb, ca*cc*cb, sd*sb*cb, sc*sb*cb, ca*sb*cb, ca*sd*cb, ca*sc*cb, cd**3, sa*cd**2, cc*cd**2, sb*cd**2, sd*cd**2, sc*cd**2, ca*cd**2, sa**2*cd, cc*sa*cd, sb*sa*cd, sd*sa*cd, sc*sa*cd, ca*sa*cd, cc**2*cd, sb*cc*cd, sd*cc*cd, sc*cc*cd, ca*cc*cd, sd*sb*cd, sc*sb*cd, ca*sb*cd, ca*sd*cd, ca*sc*cd, sa**3, cc*sa**2, sb*sa**2, sd*sa**2, sc*sa**2, ca*sa**2, cc**2*sa, sb*cc*sa, sd*cc*sa, sc*cc*sa, ca*cc*sa, sd*sb*sa, sc*sb*sa, ca*sb*sa, ca*sd*sa, ca*sc*sa, cc**3, sb*cc**2, sd*cc**2, sc*cc**2, ca*cc**2, sd*sb*cc, sc*sb*cc, ca*sb*cc, ca*sd*cc, ca*sc*cc, ca*sd*sb, ca*sc*sb, cb**4, cd*cb**3, sa*cb**3, cc*cb**3, sb*cb**3, sd*cb**3, sc*cb**3, ca*cb**3, cd**2*cb**2, sa*cd*cb**2, cc*cd*cb**2, sb*cd*cb**2, sd*cd*cb**2, sc*cd*cb**2, ca*cd*cb**2, sa**2*cb**2;['ca', 'sc', 'sd', 'sb', 'cc', 'sa', 'cd', 'cb']
127;sd;sd_sb_cd_sc_sa_ca_cb_cc;689.7219957610359;6619;1048.18359375;sa**2, sc**2, sd*sc, sb**2, sd**2, sa*ca*cc, sc*ca*cc, cd*ca*cc, sb*ca*cc, sd*ca*cc, sc*sa*cc, cd*sa*cc, sb*sa*cc, sd*sa*cc, cd*sc*cc, sb*sc*cc, cd**2*cc, sb*cd*cc, sd*cd*cc, sd*sb*cc, cb**3, ca*cb**2, sa*cb**2, sc*cb**2, cd*cb**2, sb*cb**2, sd*cb**2, ca**2*cb, sa*ca*cb, sc*ca*cb, cd*ca*cb, sb*ca*cb, sd*ca*cb, sc*sa*cb, cd*sa*cb, sb*sa*cb, sd*sa*cb, cd*sc*cb, sb*sc*cb, cd**2*cb, sb*cd*cb, sd*cd*cb, sd*sb*cb, ca**3, sa*ca**2, sc*ca**2, cd*ca**2, sb*ca**2, sd*ca**2, sc*sa*ca, cd*sa*ca, sb*sa*ca, sd*sa*ca, cd*sc*ca, sb*sc*ca, cd**2*ca, sb*cd*ca, sd*cd*ca, sd*sb*ca, cd*sc*sa, sb*sc*sa, cd**2*sa, sb*cd*sa, sd*cd*sa, sd*sb*sa, cd**2*sc, sb*cd*sc, cd**3, sb*cd**2, sd*cd**2, sd*sb*cd, cc**4, cb*cc**3, ca*cc**3, sa*cc**3, sc*cc**3, cd*cc**3, sb*cc**3, sd*cc**3, cb**2*cc**2, ca*cb*cc**2, sa*cb*cc**2, sc*cb*cc**2, cd*cb*cc**2, sb*cb*cc**2, sd*cb*cc**2, ca**2*cc**2;['sd', 'sb', 'cd', 'sc', 'sa', 'ca', 'cb', 'cc']
128;sb;sb_sc_sd_cc_ca_cd_cb_sa;556.4393424079753;5518;1048.18359375;ca**2, sd**2, sc*sd, sc**2, sb**2, ca*cd*sa, cc*cd*sa, sd*cd*sa, sc*cd*sa, sb*cd*sa, cc*ca*sa, sd*ca*sa, sc*ca*sa, sb*ca*sa, cc**2*sa, sd*cc*sa, sc*cc*sa, sb*cc*sa, sb*sd*sa, sb*sc*sa, cb**3, cd*cb**2, ca*cb**2, cc*cb**2, sd*cb**2, sc*cb**2, sb*cb**2, cd**2*cb, ca*cd*cb, cc*cd*cb, sd*cd*cb, sc*cd*cb, sb*cd*cb, cc*ca*cb, sd*ca*cb, sc*ca*cb, sb*ca*cb, cc**2*cb, sd*cc*cb, sc*cc*cb, sb*cc*cb, sb*sd*cb, sb*sc*cb, cd**3, ca*cd**2, cc*cd**2, sd*cd**2, sc*cd**2, sb*cd**2, cc*ca*cd, sd*ca*cd, sc*ca*cd, sb*ca*cd, cc**2*cd, sd*cc*cd, sc*cc*cd, sb*cc*cd, sb*sd*cd, sb*sc*cd, cc**2*ca, sd*cc*ca, sc*cc*ca, sb*cc*ca, sb*sd*ca, sb*sc*ca, cc**3, sd*cc**2, sc*cc**2, sb*cc**2, sb*sd*cc, sb*sc*cc, sa**4, cb*sa**3, cd*sa**3, ca*sa**3, cc*sa**3, sd*sa**3, sc*sa**3, sb*sa**3, cb**2*sa**2, cd*cb*sa**2, ca*cb*sa**2, cc*cb*sa**2, sd*cb*sa**2, sc*cb*sa**2, sb*cb*sa**2, cd**2*sa**2;['sb', 'sc', 'sd', 'cc', 'ca', 'cd', 'cb', 'sa']
129;sd;sd_sc_cb_sb_cc_sa_cd_ca;947.2893224939471;6324;1048.18359375;sa**2, cb**2, sc**2, sd*sc, sd**2, sb*sa*ca, cb*sa*ca, sc*sa*ca, sd*sa*ca, cc**2*ca, sb*cc*ca, cb*cc*ca, sc*cc*ca, sd*cc*ca, sb**2*ca, cb*sb*ca, sc*sb*ca, sd*sb*ca, sc*cb*ca, sd*cb*ca, cd**3, sa*cd**2, cc*cd**2, sb*cd**2, cb*cd**2, sc*cd**2, sd*cd**2, cc*sa*cd, sb*sa*cd, cb*sa*cd, sc*sa*cd, sd*sa*cd, cc**2*cd, sb*cc*cd, cb*cc*cd, sc*cc*cd, sd*cc*cd, sb**2*cd, cb*sb*cd, sc*sb*cd, sd*sb*cd, sc*cb*cd, sd*cb*cd, cc**2*sa, sb*cc*sa, cb*cc*sa, sc*cc*sa, sd*cc*sa, sb**2*sa, cb*sb*sa, sc*sb*sa, sd*sb*sa, sc*cb*sa, sd*cb*sa, cc**3, sb*cc**2, cb*cc**2, sc*cc**2, sd*cc**2, sb**2*cc, cb*sb*cc, sc*sb*cc, sd*sb*cc, sc*cb*cc, sd*cb*cc, sb**3, cb*sb**2, sc*sb**2, sd*sb**2, sc*cb*sb, sd*cb*sb, ca**4, cd*ca**3, sa*ca**3, cc*ca**3, sb*ca**3, cb*ca**3, sc*ca**3, sd*ca**3, cd**2*ca**2, sa*cd*ca**2, cc*cd*ca**2, sb*cd*ca**2, cb*cd*ca**2, sc*cd*ca**2, sd*cd*ca**2, cc*sa*ca**2;['sd', 'sc', 'cb', 'sb', 'cc', 'sa', 'cd', 'ca']
130;sc;sc_sa_sd_cd_cb_ca_sb_cc;2377.0550626040203;6948;1376.3125;cb**2, sd**2, sc*sd, sa**2, sc**2, cb*ca*cc, cd*ca*cc, sd*ca*cc, sa*ca*cc, sc*ca*cc, cd*cb*cc, sd*cb*cc, sa*cb*cc, sc*cb*cc, cd**2*cc, sd*cd*cc, sa*cd*cc, sc*cd*cc, sa*sd*cc, sc*sa*cc, sb**3, ca*sb**2, cb*sb**2, cd*sb**2, sd*sb**2, sa*sb**2, sc*sb**2, ca**2*sb, cb*ca*sb, cd*ca*sb, sd*ca*sb, sa*ca*sb, sc*ca*sb, cd*cb*sb, sd*cb*sb, sa*cb*sb, sc*cb*sb, cd**2*sb, sd*cd*sb, sa*cd*sb, sc*cd*sb, sa*sd*sb, sc*sa*sb, ca**3, cb*ca**2, cd*ca**2, sd*ca**2, sa*ca**2, sc*ca**2, cd*cb*ca, sd*cb*ca, sa*cb*ca, sc*cb*ca, cd**2*ca, sd*cd*ca, sa*cd*ca, sc*cd*ca, sa*sd*ca, sc*sa*ca, cd**2*cb, sd*cd*cb, sa*cd*cb, sc*cd*cb, sa*sd*cb, sc*sa*cb, cd**3, sd*cd**2, sa*cd**2, sc*cd**2, sa*sd*cd, sc*sa*cd, cc**4, sb*cc**3, ca*cc**3, cb*cc**3, cd*cc**3, sd*cc**3, sa*cc**3, sc*cc**3, sb**2*cc**2, ca*sb*cc**2, cb*sb*cc**2, cd*sb*cc**2, sd*sb*cc**2, sa*sb*cc**2, sc*sb*cc**2, ca**2*cc**2;['sc', 'sa', 'sd', 'cd', 'cb', 'ca', 'sb', 'cc']
131;sb;sb_cb_ca_sc_cc_cd_sa_sd;317.2677067120094;5332;1376.3125;cd**2, cc*cd, sc**2, ca**2, sb**2, sc*cd*sd, cb*cd*sd, sb*cd*sd, cc**2*sd, sc*cc*sd, ca*cc*sd, cb*cc*sd, sb*cc*sd, ca*sc*sd, cb*sc*sd, sb*sc*sd, cb*ca*sd, sb*ca*sd, cb**2*sd, sb*cb*sd, sa**3, cd*sa**2, cc*sa**2, sc*sa**2, ca*sa**2, cb*sa**2, sb*sa**2, sc*cd*sa, ca*cd*sa, cb*cd*sa, sb*cd*sa, cc**2*sa, sc*cc*sa, ca*cc*sa, cb*cc*sa, sb*cc*sa, ca*sc*sa, cb*sc*sa, sb*sc*sa, cb*ca*sa, sb*ca*sa, cb**2*sa, sb*cb*sa, ca*sc*cd, cb*sc*cd, sb*sc*cd, cb*ca*cd, sb*ca*cd, cb**2*cd, sb*cb*cd, cc**3, sc*cc**2, ca*cc**2, cb*cc**2, sb*cc**2, ca*sc*cc, cb*sc*cc, sb*sc*cc, cb*ca*cc, sb*ca*cc, cb**2*cc, sb*cb*cc, cb*ca*sc, sb*ca*sc, cb**2*sc, sb*cb*sc, cb**2*ca, sb*cb*ca, cb**3, sb*cb**2, sd**4, sa*sd**3, cd*sd**3, cc*sd**3, sc*sd**3, ca*sd**3, cb*sd**3, sb*sd**3, sa**2*sd**2, cd*sa*sd**2, cc*sa*sd**2, sc*sa*sd**2, ca*sa*sd**2, cb*sa*sd**2, sb*sa*sd**2, ca*cd*sd**2;['sb', 'cb', 'ca', 'sc', 'cc', 'cd', 'sa', 'sd']
132;cc;cc_sc_sd_sa_cb_ca_cd_sb;669.6628879390191;6126;1312.65625;cb**2, sa**2, sd**2, sc*sd, cc**2, cb*ca*sb, sa*ca*sb, sd*ca*sb, sc*ca*sb, cc*ca*sb, sa*cb*sb, sd*cb*sb, sc*cb*sb, cc*cb*sb, sd*sa*sb, sc*sa*sb, cc*sa*sb, cc*sd*sb, sc**2*sb, cc*sc*sb, cd**3, ca*cd**2, cb*cd**2, sa*cd**2, sd*cd**2, sc*cd**2, cc*cd**2, ca**2*cd, cb*ca*cd, sa*ca*cd, sd*ca*cd, sc*ca*cd, cc*ca*cd, sa*cb*cd, sd*cb*cd, sc*cb*cd, cc*cb*cd, sd*sa*cd, sc*sa*cd, cc*sa*cd, cc*sd*cd, sc**2*cd, cc*sc*cd, ca**3, cb*ca**2, sa*ca**2, sd*ca**2, sc*ca**2, cc*ca**2, sa*cb*ca, sd*cb*ca, sc*cb*ca, cc*cb*ca, sd*sa*ca, sc*sa*ca, cc*sa*ca, cc*sd*ca, sc**2*ca, cc*sc*ca, sd*sa*cb, sc*sa*cb, cc*sa*cb, cc*sd*cb, sc**2*cb, cc*sc*cb, cc*sd*sa, sc**2*sa, cc*sc*sa, sc**3, cc*sc**2, sb**4, cd*sb**3, ca*sb**3, cb*sb**3, sa*sb**3, sd*sb**3, sc*sb**3, cc*sb**3, cd**2*sb**2, ca*cd*sb**2, cb*cd*sb**2, sa*cd*sb**2, sd*cd*sb**2, sc*cd*sb**2, cc*cd*sb**2, ca**2*sb**2;['cc', 'sc', 'sd', 'sa', 'cb', 'ca', 'cd', 'sb']
133;sc;sc_cb_sd_sb_cc_sa_cd_ca;1362.725701638963;6071;1048.18359375;sa**2, sd**2, sc*sd, cb**2, sc**2, sb*sa*ca, sd*sa*ca, cb*sa*ca, sc*sa*ca, cc**2*ca, sb*cc*ca, sd*cc*ca, cb*cc*ca, sc*cc*ca, sb**2*ca, sd*sb*ca, cb*sb*ca, sc*sb*ca, cb*sd*ca, sc*cb*ca, cd**3, sa*cd**2, cc*cd**2, sb*cd**2, sd*cd**2, cb*cd**2, sc*cd**2, cc*sa*cd, sb*sa*cd, sd*sa*cd, cb*sa*cd, sc*sa*cd, cc**2*cd, sb*cc*cd, sd*cc*cd, cb*cc*cd, sc*cc*cd, sb**2*cd, sd*sb*cd, cb*sb*cd, sc*sb*cd, cb*sd*cd, sc*cb*cd, cc**2*sa, sb*cc*sa, sd*cc*sa, cb*cc*sa, sc*cc*sa, sb**2*sa, sd*sb*sa, cb*sb*sa, sc*sb*sa, cb*sd*sa, sc*cb*sa, cc**3, sb*cc**2, sd*cc**2, cb*cc**2, sc*cc**2, sb**2*cc, sd*sb*cc, cb*sb*cc, sc*sb*cc, cb*sd*cc, sc*cb*cc, sb**3, sd*sb**2, cb*sb**2, sc*sb**2, cb*sd*sb, sc*cb*sb, ca**4, cd*ca**3, sa*ca**3, cc*ca**3, sb*ca**3, sd*ca**3, cb*ca**3, sc*ca**3, cd**2*ca**2, sa*cd*ca**2, cc*cd*ca**2, sb*cd*ca**2, sd*cd*ca**2, cb*cd*ca**2, sc*cd*ca**2, cc*sa*ca**2;['sc', 'cb', 'sd', 'sb', 'cc', 'sa', 'cd', 'ca']
134;sd;sd_sc_sa_cc_sb_cd_cb_ca;429.6160984879825;5386;1048.18359375;sb**2, sa**2, sc**2, sd*sc, sd**2, sb*cd*ca, cc*cd*ca, sa*cd*ca, sc*cd*ca, sd*cd*ca, cc*sb*ca, sa*sb*ca, sc*sb*ca, sd*sb*ca, cc**2*ca, sa*cc*ca, sc*cc*ca, sd*cc*ca, sc*sa*ca, sd*sa*ca, cb**3, cd*cb**2, sb*cb**2, cc*cb**2, sa*cb**2, sc*cb**2, sd*cb**2, cd**2*cb, sb*cd*cb, cc*cd*cb, sa*cd*cb, sc*cd*cb, sd*cd*cb, cc*sb*cb, sa*sb*cb, sc*sb*cb, sd*sb*cb, cc**2*cb, sa*cc*cb, sc*cc*cb, sd*cc*cb, sc*sa*cb, sd*sa*cb, cd**3, sb*cd**2, cc*cd**2, sa*cd**2, sc*cd**2, sd*cd**2, cc*sb*cd, sa*sb*cd, sc*sb*cd, sd*sb*cd, cc**2*cd, sa*cc*cd, sc*cc*cd, sd*cc*cd, sc*sa*cd, sd*sa*cd, cc**2*sb, sa*cc*sb, sc*cc*sb, sd*cc*sb, sc*sa*sb, sd*sa*sb, cc**3, sa*cc**2, sc*cc**2, sd*cc**2, sc*sa*cc, sd*sa*cc, ca**4, cb*ca**3, cd*ca**3, sb*ca**3, cc*ca**3, sa*ca**3, sc*ca**3, sd*ca**3, cb**2*ca**2, cd*cb*ca**2, sb*cb*ca**2, cc*cb*ca**2, sa*cb*ca**2, sc*cb*ca**2, sd*cb*ca**2, cd**2*ca**2;['sd', 'sc', 'sa', 'cc', 'sb', 'cd', 'cb', 'ca']
135;sb;sb_sd_ca_cb_sa_cd_cc_sc;1032.5916704139672;4930;1048.18359375;cc**2, cd*cc, ca**2, sd**2, sb**2, sd*cc*sc, cd**2*sc, sd*cd*sc, sa**2*sc, cb*sa*sc, ca*sa*sc, sd*sa*sc, sb*sa*sc, cb**2*sc, ca*cb*sc, sd*cb*sc, sb*cb*sc, sd*ca*sc, sb*ca*sc, sb*sd*sc, sa**2*cc, cb*sa*cc, ca*sa*cc, sd*sa*cc, sb*sa*cc, cb**2*cc, ca*cb*cc, sd*cb*cc, sb*cb*cc, sd*ca*cc, sb*ca*cc, sb*sd*cc, cd**3, sa*cd**2, cb*cd**2, ca*cd**2, sd*cd**2, sb*cd**2, sa**2*cd, cb*sa*cd, ca*sa*cd, sd*sa*cd, sb*sa*cd, cb**2*cd, ca*cb*cd, sd*cb*cd, sb*cb*cd, sd*ca*cd, sb*ca*cd, sb*sd*cd, sa**3, cb*sa**2, ca*sa**2, sd*sa**2, sb*sa**2, cb**2*sa, ca*cb*sa, sd*cb*sa, sb*cb*sa, sd*ca*sa, sb*ca*sa, sb*sd*sa, cb**3, ca*cb**2, sd*cb**2, sb*cb**2, sd*ca*cb, sb*ca*cb, sb*sd*cb, sb*sd*ca, sc**4, cc*sc**3, cd*sc**3, sa*sc**3, cb*sc**3, ca*sc**3, sd*sc**3, sb*sc**3, sa*cc*sc**2, cb*cc*sc**2, ca*cc*sc**2, sb*cc*sc**2, sa*cd*sc**2, cb*cd*sc**2, ca*cd*sc**2, sb*cd*sc**2;['sb', 'sd', 'ca', 'cb', 'sa', 'cd', 'cc', 'sc']
136;ca;ca_sd_cb_sb_cd_cc_sa_sc;405.8754476670874;5852;1048.18359375;cc**2, cd*cc, cb**2, sd**2, ca**2, cb*cc*sc, sd*cc*sc, ca*cc*sc, cd**2*sc, sb*cd*sc, cb*cd*sc, sd*cd*sc, ca*cd*sc, sb**2*sc, cb*sb*sc, sd*sb*sc, ca*sb*sc, sd*cb*sc, ca*cb*sc, ca*sd*sc, sa**3, cc*sa**2, cd*sa**2, sb*sa**2, cb*sa**2, sd*sa**2, ca*sa**2, sb*cc*sa, cb*cc*sa, sd*cc*sa, ca*cc*sa, cd**2*sa, sb*cd*sa, cb*cd*sa, sd*cd*sa, ca*cd*sa, sb**2*sa, cb*sb*sa, sd*sb*sa, ca*sb*sa, sd*cb*sa, ca*cb*sa, ca*sd*sa, sb**2*cc, cb*sb*cc, sd*sb*cc, ca*sb*cc, sd*cb*cc, ca*cb*cc, ca*sd*cc, cd**3, sb*cd**2, cb*cd**2, sd*cd**2, ca*cd**2, sb**2*cd, cb*sb*cd, sd*sb*cd, ca*sb*cd, sd*cb*cd, ca*cb*cd, ca*sd*cd, sb**3, cb*sb**2, sd*sb**2, ca*sb**2, sd*cb*sb, ca*cb*sb, ca*sd*sb, ca*sd*cb, sc**4, sa*sc**3, cc*sc**3, cd*sc**3, sb*sc**3, cb*sc**3, sd*sc**3, ca*sc**3, sa**2*sc**2, cc*sa*sc**2, cd*sa*sc**2, sb*sa*sc**2, cb*sa*sc**2, sd*sa*sc**2, ca*sa*sc**2, sb*cc*sc**2;['ca', 'sd', 'cb', 'sb', 'cd', 'cc', 'sa', 'sc']
137;cc;cc_sa_sd_sc_sb_cd_ca_cb;676.713705808972;5663;1048.18359375;sb**2, sd*sc, sd**2, sa**2, cc**2, sb*cd*cb, sc*cd*cb, sd*cd*cb, sa*cd*cb, cc*cd*cb, sc*sb*cb, sd*sb*cb, sa*sb*cb, cc*sb*cb, sc**2*cb, sa*sc*cb, cc*sc*cb, sa*sd*cb, cc*sd*cb, cc*sa*cb, ca**3, cd*ca**2, sb*ca**2, sc*ca**2, sd*ca**2, sa*ca**2, cc*ca**2, cd**2*ca, sb*cd*ca, sc*cd*ca, sd*cd*ca, sa*cd*ca, cc*cd*ca, sc*sb*ca, sd*sb*ca, sa*sb*ca, cc*sb*ca, sc**2*ca, sa*sc*ca, cc*sc*ca, sa*sd*ca, cc*sd*ca, cc*sa*ca, cd**3, sb*cd**2, sc*cd**2, sd*cd**2, sa*cd**2, cc*cd**2, sc*sb*cd, sd*sb*cd, sa*sb*cd, cc*sb*cd, sc**2*cd, sa*sc*cd, cc*sc*cd, sa*sd*cd, cc*sd*cd, cc*sa*cd, sc**2*sb, sa*sc*sb, cc*sc*sb, sa*sd*sb, cc*sd*sb, cc*sa*sb, sc**3, sa*sc**2, cc*sc**2, cc*sa*sc, cc*sa*sd, cb**4, ca*cb**3, cd*cb**3, sb*cb**3, sc*cb**3, sd*cb**3, sa*cb**3, cc*cb**3, ca**2*cb**2, cd*ca*cb**2, sb*ca*cb**2, sc*ca*cb**2, sd*ca*cb**2, sa*ca*cb**2, cc*ca*cb**2, cd**2*cb**2;['cc', 'sa', 'sd', 'sc', 'sb', 'cd', 'ca', 'cb']
138;sc;sc_cc_ca_cd_cb_sd_sb_sa;713.0839760790113;5213;1047.19921875;cb**2, cd**2, cc*cd, ca**2, sc**2, cb*sd*sa, cd*sd*sa, ca*sd*sa, cc*sd*sa, sc*sd*sa, cd*cb*sa, ca*cb*sa, cc*cb*sa, sc*cb*sa, ca*cd*sa, sc*cd*sa, cc*ca*sa, sc*ca*sa, cc**2*sa, sc*cc*sa, sb**3, sd*sb**2, cb*sb**2, cd*sb**2, ca*sb**2, cc*sb**2, sc*sb**2, sd**2*sb, cb*sd*sb, cd*sd*sb, ca*sd*sb, cc*sd*sb, sc*sd*sb, cd*cb*sb, ca*cb*sb, cc*cb*sb, sc*cb*sb, ca*cd*sb, sc*cd*sb, cc*ca*sb, sc*ca*sb, cc**2*sb, sc*cc*sb, sd**3, cb*sd**2, cd*sd**2, ca*sd**2, cc*sd**2, sc*sd**2, cd*cb*sd, ca*cb*sd, cc*cb*sd, sc*cb*sd, ca*cd*sd, sc*cd*sd, cc*ca*sd, sc*ca*sd, cc**2*sd, sc*cc*sd, ca*cd*cb, sc*cd*cb, cc*ca*cb, sc*ca*cb, cc**2*cb, sc*cc*cb, sc*ca*cd, cc**2*ca, sc*cc*ca, cc**3, sc*cc**2, sa**4, sb*sa**3, sd*sa**3, cb*sa**3, cd*sa**3, ca*sa**3, cc*sa**3, sc*sa**3, sb**2*sa**2, sd*sb*sa**2, cb*sb*sa**2, cd*sb*sa**2, ca*sb*sa**2, cc*sb*sa**2, sc*sb*sa**2, sd**2*sa**2;['sc', 'cc', 'ca', 'cd', 'cb', 'sd', 'sb', 'sa']
139;sc;sc_cd_sd_cc_sa_ca_sb_cb;428.8016109709861;5130;1047.19921875;sb**2, sa**2, sc*sd, cd**2, sc**2, cc*ca*cb, sd*ca*cb, cd*ca*cb, sc*ca*cb, cc*sa*cb, sd*sa*cb, cd*sa*cb, sc*sa*cb, cc**2*cb, sd*cc*cb, cd*cc*cb, sc*cc*cb, sd**2*cb, cd*sd*cb, sc*cd*cb, ca**2*sb, sa*ca*sb, cc*ca*sb, sd*ca*sb, cd*ca*sb, sc*ca*sb, cc*sa*sb, sd*sa*sb, cd*sa*sb, sc*sa*sb, cc**2*sb, sd*cc*sb, cd*cc*sb, sc*cc*sb, sd**2*sb, cd*sd*sb, sc*cd*sb, ca**3, sa*ca**2, cc*ca**2, sd*ca**2, cd*ca**2, sc*ca**2, cc*sa*ca, sd*sa*ca, cd*sa*ca, sc*sa*ca, cc**2*ca, sd*cc*ca, cd*cc*ca, sc*cc*ca, sd**2*ca, cd*sd*ca, sc*cd*ca, cc**2*sa, sd*cc*sa, cd*cc*sa, sc*cc*sa, sd**2*sa, cd*sd*sa, sc*cd*sa, cc**3, sd*cc**2, cd*cc**2, sc*cc**2, sd**2*cc, cd*sd*cc, sc*cd*cc, sd**3, cd*sd**2, cb**4, sb*cb**3, ca*cb**3, sa*cb**3, cc*cb**3, sd*cb**3, cd*cb**3, sc*cb**3, ca*sb*cb**2, sa*sb*cb**2, cc*sb*cb**2, sd*sb*cb**2, cd*sb*cb**2, sc*sb*cb**2, ca**2*cb**2, sa*ca*cb**2;['sc', 'cd', 'sd', 'cc', 'sa', 'ca', 'sb', 'cb']
140;sb;sb_cd_cc_sa_ca_cb_sd_sc;452.5547360739438;5561;1047.19921875;sa**2, cc**2, cd*cc, cd**2, sb**2, sd**2*sc, cc*sd*sc, cd*sd*sc, cd*cb*sc, sb*cb*sc, ca**2*sc, sa*ca*sc, cc*ca*sc, cd*ca*sc, sb*ca*sc, cc*sa*sc, cd*sa*sc, sb*sa*sc, sb*cc*sc, sb*cd*sc, sd**3, cb*sd**2, ca*sd**2, sa*sd**2, cc*sd**2, cd*sd**2, sb*sd**2, cb**2*sd, ca*cb*sd, sa*cb*sd, cc*cb*sd, cd*cb*sd, sb*cb*sd, ca**2*sd, sa*ca*sd, cc*ca*sd, cd*ca*sd, sb*ca*sd, cc*sa*sd, cd*sa*sd, sb*sa*sd, sb*cc*sd, sb*cd*sd, cb**3, ca*cb**2, sa*cb**2, cc*cb**2, cd*cb**2, sb*cb**2, ca**2*cb, sa*ca*cb, cc*ca*cb, cd*ca*cb, sb*ca*cb, cc*sa*cb, cd*sa*cb, sb*sa*cb, sb*cc*cb, sb*cd*cb, ca**3, sa*ca**2, cc*ca**2, cd*ca**2, sb*ca**2, cc*sa*ca, cd*sa*ca, sb*sa*ca, sb*cc*ca, sb*cd*ca, sb*cc*sa, sb*cd*sa, sc**4, sd*sc**3, cb*sc**3, ca*sc**3, sa*sc**3, cc*sc**3, cd*sc**3, sb*sc**3, cb*sd*sc**2, ca*sd*sc**2, sa*sd*sc**2, sb*sd*sc**2, cb**2*sc**2, ca*cb*sc**2, sa*cb*sc**2, cc*cb*sc**2;['sb', 'cd', 'cc', 'sa', 'ca', 'cb', 'sd', 'sc']
141;cd;cd_cb_cc_sc_sb_sa_sd_ca;2490.9127633840544;6602;1047.19921875;sa**2, cc**2, cd*cc, cb**2, cd**2, sc*sa*ca, cc*sa*ca, cb*sa*ca, cd*sa*ca, sb**2*ca, sc*sb*ca, cc*sb*ca, cb*sb*ca, cd*sb*ca, sc**2*ca, cc*sc*ca, cb*sc*ca, cd*sc*ca, cb*cc*ca, cd*cb*ca, sd**3, sa*sd**2, sb*sd**2, sc*sd**2, cc*sd**2, cb*sd**2, cd*sd**2, sb*sa*sd, sc*sa*sd, cc*sa*sd, cb*sa*sd, cd*sa*sd, sb**2*sd, sc*sb*sd, cc*sb*sd, cb*sb*sd, cd*sb*sd, sc**2*sd, cc*sc*sd, cb*sc*sd, cd*sc*sd, cb*cc*sd, cd*cb*sd, sb**2*sa, sc*sb*sa, cc*sb*sa, cb*sb*sa, cd*sb*sa, sc**2*sa, cc*sc*sa, cb*sc*sa, cd*sc*sa, cb*cc*sa, cd*cb*sa, sb**3, sc*sb**2, cc*sb**2, cb*sb**2, cd*sb**2, sc**2*sb, cc*sc*sb, cb*sc*sb, cd*sc*sb, cb*cc*sb, cd*cb*sb, sc**3, cc*sc**2, cb*sc**2, cd*sc**2, cb*cc*sc, cd*cb*sc, ca**4, sd*ca**3, sa*ca**3, sb*ca**3, sc*ca**3, cc*ca**3, cb*ca**3, cd*ca**3, sd**2*ca**2, sa*sd*ca**2, sb*sd*ca**2, sc*sd*ca**2, cc*sd*ca**2, cb*sd*ca**2, cd*sd*ca**2, sb*sa*ca**2;['cd', 'cb', 'cc', 'sc', 'sb', 'sa', 'sd', 'ca']
142;cd;cd_sa_sb_sd_ca_cb_cc_sc;443.9725537969498;6236;1047.19921875;cc**2, cd*cc, sb**2, sa**2, cd**2, sd*cc*sc, sa*cb*sc, cd*cb*sc, ca**2*sc, sd*ca*sc, sb*ca*sc, sa*ca*sc, cd*ca*sc, sd**2*sc, sb*sd*sc, sa*sd*sc, cd*sd*sc, sa*sb*sc, cd*sb*sc, cd*sa*sc, cb**2*cc, ca*cb*cc, sd*cb*cc, sb*cb*cc, sa*cb*cc, ca**2*cc, sd*ca*cc, sb*ca*cc, sa*ca*cc, sd**2*cc, sb*sd*cc, sa*sd*cc, sa*sb*cc, cb**3, ca*cb**2, sd*cb**2, sb*cb**2, sa*cb**2, cd*cb**2, ca**2*cb, sd*ca*cb, sb*ca*cb, sa*ca*cb, cd*ca*cb, sd**2*cb, sb*sd*cb, sa*sd*cb, cd*sd*cb, sa*sb*cb, cd*sb*cb, cd*sa*cb, ca**3, sd*ca**2, sb*ca**2, sa*ca**2, cd*ca**2, sd**2*ca, sb*sd*ca, sa*sd*ca, cd*sd*ca, sa*sb*ca, cd*sb*ca, cd*sa*ca, sd**3, sb*sd**2, sa*sd**2, cd*sd**2, sa*sb*sd, cd*sb*sd, cd*sa*sd, cd*sa*sb, sc**4, cc*sc**3, cb*sc**3, ca*sc**3, sd*sc**3, sb*sc**3, sa*sc**3, cd*sc**3, cb*cc*sc**2, ca*cc*sc**2, sb*cc*sc**2, sa*cc*sc**2, cb**2*sc**2, ca*cb*sc**2, sd*cb*sc**2, sb*cb*sc**2;['cd', 'sa', 'sb', 'sd', 'ca', 'cb', 'cc', 'sc']
143;sd;sd_cd_cc_sa_ca_cb_sb_sc;532.8466059319908;6073;1047.19921875;cb**2, sa**2, cc**2, cd*cc, sd**2, sa*cb*sc, cc*cb*sc, cd*cb*sc, sd*cb*sc, ca**2*sc, sa*ca*sc, cc*ca*sc, cd*ca*sc, sd*ca*sc, cc*sa*sc, cd*sa*sc, sd*sa*sc, sd*cc*sc, cd**2*sc, sd*cd*sc, sb**3, cb*sb**2, ca*sb**2, sa*sb**2, cc*sb**2, cd*sb**2, sd*sb**2, ca*cb*sb, sa*cb*sb, cc*cb*sb, cd*cb*sb, sd*cb*sb, ca**2*sb, sa*ca*sb, cc*ca*sb, cd*ca*sb, sd*ca*sb, cc*sa*sb, cd*sa*sb, sd*sa*sb, sd*cc*sb, cd**2*sb, sd*cd*sb, ca**2*cb, sa*ca*cb, cc*ca*cb, cd*ca*cb, sd*ca*cb, cc*sa*cb, cd*sa*cb, sd*sa*cb, sd*cc*cb, cd**2*cb, sd*cd*cb, ca**3, sa*ca**2, cc*ca**2, cd*ca**2, sd*ca**2, cc*sa*ca, cd*sa*ca, sd*sa*ca, sd*cc*ca, cd**2*ca, sd*cd*ca, sd*cc*sa, cd**2*sa, sd*cd*sa, cd**3, sd*cd**2, sc**4, sb*sc**3, cb*sc**3, ca*sc**3, sa*sc**3, cc*sc**3, cd*sc**3, sd*sc**3, sb**2*sc**2, cb*sb*sc**2, ca*sb*sc**2, sa*sb*sc**2, cc*sb*sc**2, cd*sb*sc**2, sd*sb*sc**2, ca*cb*sc**2;['sd', 'cd', 'cc', 'sa', 'ca', 'cb', 'sb', 'sc']
144;sa;sa_ca_cd_sb_sc_cb_cc_sd;340.63530020194594;5222;1047.19921875;cd*cc, sc**2, sb**2, cd**2, sa**2, cc**2*sd, sc*cc*sd, ca*cb*sd, sa*cb*sd, sb*sc*sd, cd*sc*sd, ca*sc*sd, sa*sc*sd, cd*sb*sd, ca*sb*sd, sa*sb*sd, ca*cd*sd, sa*cd*sd, ca**2*sd, sa*ca*sd, cc**3, cb*cc**2, sc*cc**2, sb*cc**2, ca*cc**2, sa*cc**2, cb**2*cc, sc*cb*cc, sb*cb*cc, ca*cb*cc, sa*cb*cc, sb*sc*cc, ca*sc*cc, sa*sc*cc, ca*sb*cc, sa*sb*cc, ca**2*cc, sa*ca*cc, cb**3, sc*cb**2, sb*cb**2, cd*cb**2, ca*cb**2, sa*cb**2, sb*sc*cb, cd*sc*cb, ca*sc*cb, sa*sc*cb, cd*sb*cb, ca*sb*cb, sa*sb*cb, ca*cd*cb, sa*cd*cb, ca**2*cb, sa*ca*cb, cd*sb*sc, ca*sb*sc, sa*sb*sc, ca*cd*sc, sa*cd*sc, ca**2*sc, sa*ca*sc, ca*cd*sb, sa*cd*sb, ca**2*sb, sa*ca*sb, ca**2*cd, sa*ca*cd, ca**3, sa*ca**2, sd**4, cc*sd**3, cb*sd**3, sc*sd**3, sb*sd**3, cd*sd**3, ca*sd**3, sa*sd**3, cb*cc*sd**2, sb*cc*sd**2, ca*cc*sd**2, sa*cc*sd**2, cb**2*sd**2, sc*cb*sd**2, sb*cb*sd**2, cd*cb*sd**2;['sa', 'ca', 'cd', 'sb', 'sc', 'cb', 'cc', 'sd']
145;sb;sb_ca_sc_cd_cb_sd_cc_sa;1575.7979702739976;6185;1047.19921875;sc*sd, cd**2, sc**2, ca**2, sb**2, cb*sd*sa, cd*sd*sa, ca*sd*sa, sb*sd*sa, cb**2*sa, cd*cb*sa, sc*cb*sa, ca*cb*sa, sb*cb*sa, sc*cd*sa, ca*cd*sa, sb*cd*sa, ca*sc*sa, sb*sc*sa, sb*ca*sa, cc**3, sd*cc**2, cb*cc**2, cd*cc**2, sc*cc**2, ca*cc**2, sb*cc**2, sd**2*cc, cb*sd*cc, cd*sd*cc, ca*sd*cc, sb*sd*cc, cb**2*cc, cd*cb*cc, sc*cb*cc, ca*cb*cc, sb*cb*cc, sc*cd*cc, ca*cd*cc, sb*cd*cc, ca*sc*cc, sb*sc*cc, sb*ca*cc, sd**3, cb*sd**2, cd*sd**2, ca*sd**2, sb*sd**2, cb**2*sd, cd*cb*sd, ca*cb*sd, sb*cb*sd, ca*cd*sd, sb*cd*sd, sb*ca*sd, cb**3, cd*cb**2, sc*cb**2, ca*cb**2, sb*cb**2, sc*cd*cb, ca*cd*cb, sb*cd*cb, ca*sc*cb, sb*sc*cb, sb*ca*cb, ca*sc*cd, sb*sc*cd, sb*ca*cd, sb*ca*sc, sa**4, cc*sa**3, sd*sa**3, cb*sa**3, cd*sa**3, sc*sa**3, ca*sa**3, sb*sa**3, cc**2*sa**2, sd*cc*sa**2, cb*cc*sa**2, cd*cc*sa**2, sc*cc*sa**2, ca*cc*sa**2, sb*cc*sa**2, sd**2*sa**2;['sb', 'ca', 'sc', 'cd', 'cb', 'sd', 'cc', 'sa']
146;sd;sd_sc_ca_sa_cc_cd_sb_cb;993.7993115060963;5975;1047.19921875;sb**2, ca**2, sc**2, sd*sc, sd**2, sa*cd*cb, ca*cd*cb, sc*cd*cb, sd*cd*cb, cc**2*cb, sa*cc*cb, ca*cc*cb, sc*cc*cb, sd*cc*cb, sa**2*cb, ca*sa*cb, sc*sa*cb, sd*sa*cb, sc*ca*cb, sd*ca*cb, cd**2*sb, cc*cd*sb, sa*cd*sb, ca*cd*sb, sc*cd*sb, sd*cd*sb, cc**2*sb, sa*cc*sb, ca*cc*sb, sc*cc*sb, sd*cc*sb, sa**2*sb, ca*sa*sb, sc*sa*sb, sd*sa*sb, sc*ca*sb, sd*ca*sb, cd**3, cc*cd**2, sa*cd**2, ca*cd**2, sc*cd**2, sd*cd**2, cc**2*cd, sa*cc*cd, ca*cc*cd, sc*cc*cd, sd*cc*cd, sa**2*cd, ca*sa*cd, sc*sa*cd, sd*sa*cd, sc*ca*cd, sd*ca*cd, cc**3, sa*cc**2, ca*cc**2, sc*cc**2, sd*cc**2, sa**2*cc, ca*sa*cc, sc*sa*cc, sd*sa*cc, sc*ca*cc, sd*ca*cc, sa**3, ca*sa**2, sc*sa**2, sd*sa**2, sc*ca*sa, sd*ca*sa, cb**4, sb*cb**3, cd*cb**3, cc*cb**3, sa*cb**3, ca*cb**3, sc*cb**3, sd*cb**3, cd*sb*cb**2, cc*sb*cb**2, sa*sb*cb**2, ca*sb*cb**2, sc*sb*cb**2, sd*sb*cb**2, cd**2*cb**2, cc*cd*cb**2;['sd', 'sc', 'ca', 'sa', 'cc', 'cd', 'sb', 'cb']
147;cd;cd_cb_ca_sa_sb_sc_cc_sd;376.3042308180593;5074;1047.19921875;cd*cc, sc**2, ca**2, cb**2, cd**2, cc**2*sd, sc*cc*sd, cd*sc*sd, sb**2*sd, sa*sb*sd, ca*sb*sd, cb*sb*sd, cd*sb*sd, sa**2*sd, ca*sa*sd, cb*sa*sd, cd*sa*sd, cb*ca*sd, cd*ca*sd, cd*cb*sd, cc**3, sc*cc**2, sb*cc**2, sa*cc**2, ca*cc**2, cb*cc**2, sb*sc*cc, sa*sc*cc, ca*sc*cc, cb*sc*cc, sb**2*cc, sa*sb*cc, ca*sb*cc, cb*sb*cc, sa**2*cc, ca*sa*cc, cb*sa*cc, cb*ca*cc, sb**2*sc, sa*sb*sc, ca*sb*sc, cb*sb*sc, cd*sb*sc, sa**2*sc, ca*sa*sc, cb*sa*sc, cd*sa*sc, cb*ca*sc, cd*ca*sc, cd*cb*sc, sb**3, sa*sb**2, ca*sb**2, cb*sb**2, cd*sb**2, sa**2*sb, ca*sa*sb, cb*sa*sb, cd*sa*sb, cb*ca*sb, cd*ca*sb, cd*cb*sb, sa**3, ca*sa**2, cb*sa**2, cd*sa**2, cb*ca*sa, cd*ca*sa, cd*cb*sa, cd*cb*ca, sd**4, cc*sd**3, sc*sd**3, sb*sd**3, sa*sd**3, ca*sd**3, cb*sd**3, cd*sd**3, sb*cc*sd**2, sa*cc*sd**2, ca*cc*sd**2, cb*cc*sd**2, sb*sc*sd**2, sa*sc*sd**2, ca*sc*sd**2, cb*sc*sd**2;['cd', 'cb', 'ca', 'sa', 'sb', 'sc', 'cc', 'sd']
148;cd;cd_sb_sd_sc_sa_cc_ca_cb;1114.8973059240961;6839;1047.19921875;sa**2, sc**2, sd*sc, sb**2, cd**2, sa*cc*cb, sc*cc*cb, sd*cc*cb, sb*cc*cb, cd*cc*cb, sc*sa*cb, sd*sa*cb, sb*sa*cb, cd*sa*cb, sb*sc*cb, cd*sc*cb, sd**2*cb, sb*sd*cb, cd*sd*cb, cd*sb*cb, ca**3, cc*ca**2, sa*ca**2, sc*ca**2, sd*ca**2, sb*ca**2, cd*ca**2, cc**2*ca, sa*cc*ca, sc*cc*ca, sd*cc*ca, sb*cc*ca, cd*cc*ca, sc*sa*ca, sd*sa*ca, sb*sa*ca, cd*sa*ca, sb*sc*ca, cd*sc*ca, sd**2*ca, sb*sd*ca, cd*sd*ca, cd*sb*ca, cc**3, sa*cc**2, sc*cc**2, sd*cc**2, sb*cc**2, cd*cc**2, sc*sa*cc, sd*sa*cc, sb*sa*cc, cd*sa*cc, sb*sc*cc, cd*sc*cc, sd**2*cc, sb*sd*cc, cd*sd*cc, cd*sb*cc, sb*sc*sa, cd*sc*sa, sd**2*sa, sb*sd*sa, cd*sd*sa, cd*sb*sa, cd*sb*sc, sd**3, sb*sd**2, cd*sd**2, cd*sb*sd, cb**4, ca*cb**3, cc*cb**3, sa*cb**3, sc*cb**3, sd*cb**3, sb*cb**3, cd*cb**3, ca**2*cb**2, cc*ca*cb**2, sa*ca*cb**2, sc*ca*cb**2, sd*ca*cb**2, sb*ca*cb**2, cd*ca*cb**2, cc**2*cb**2;['cd', 'sb', 'sd', 'sc', 'sa', 'cc', 'ca', 'cb']
149;ca;ca_sd_cc_sa_cb_cd_sb_sc;573.9802156619262;5659;1047.19921875;cc*cd, cb**2, cc**2, sd**2, ca**2, cd**2*sc, sa*cd*sc, sd*cd*sc, ca*cd*sc, sa*cb*sc, cc*cb*sc, sd*cb*sc, ca*cb*sc, sa**2*sc, cc*sa*sc, sd*sa*sc, ca*sa*sc, sd*cc*sc, ca*cc*sc, ca*sd*sc, sb**3, cd*sb**2, cb*sb**2, sa*sb**2, cc*sb**2, sd*sb**2, ca*sb**2, cd**2*sb, cb*cd*sb, sa*cd*sb, sd*cd*sb, ca*cd*sb, sa*cb*sb, cc*cb*sb, sd*cb*sb, ca*cb*sb, sa**2*sb, cc*sa*sb, sd*sa*sb, ca*sa*sb, sd*cc*sb, ca*cc*sb, ca*sd*sb, cd**3, cb*cd**2, sa*cd**2, sd*cd**2, ca*cd**2, sa*cb*cd, sd*cb*cd, ca*cb*cd, sa**2*cd, sd*sa*cd, ca*sa*cd, ca*sd*cd, sa**2*cb, cc*sa*cb, sd*sa*cb, ca*sa*cb, sd*cc*cb, ca*cc*cb, ca*sd*cb, sa**3, cc*sa**2, sd*sa**2, ca*sa**2, sd*cc*sa, ca*cc*sa, ca*sd*sa, ca*sd*cc, sc**4, sb*sc**3, cd*sc**3, cb*sc**3, sa*sc**3, cc*sc**3, sd*sc**3, ca*sc**3, sb**2*sc**2, cd*sb*sc**2, cb*sb*sc**2, sa*sb*sc**2, cc*sb*sc**2, sd*sb*sc**2, ca*sb*sc**2, cb*cd*sc**2;['ca', 'sd', 'cc', 'sa', 'cb', 'cd', 'sb', 'sc']
150;sb;sb_sa_cd_sc_sd_cb_ca_cc;403.89155271695927;5873;1047.19921875;sc*sd, sc**2, cd**2, sa**2, sb**2, sd*cb*cc, sc*cb*cc, cd*cb*cc, sa*cb*cc, sb*cb*cc, sd**2*cc, cd*sd*cc, sa*sd*cc, sb*sd*cc, cd*sc*cc, sa*sc*cc, sb*sc*cc, sa*cd*cc, sb*cd*cc, sb*sa*cc, ca**3, cb*ca**2, sd*ca**2, sc*ca**2, cd*ca**2, sa*ca**2, sb*ca**2, cb**2*ca, sd*cb*ca, sc*cb*ca, cd*cb*ca, sa*cb*ca, sb*cb*ca, sd**2*ca, cd*sd*ca, sa*sd*ca, sb*sd*ca, cd*sc*ca, sa*sc*ca, sb*sc*ca, sa*cd*ca, sb*cd*ca, sb*sa*ca, cb**3, sd*cb**2, sc*cb**2, cd*cb**2, sa*cb**2, sb*cb**2, sd**2*cb, cd*sd*cb, sa*sd*cb, sb*sd*cb, cd*sc*cb, sa*sc*cb, sb*sc*cb, sa*cd*cb, sb*cd*cb, sb*sa*cb, sd**3, cd*sd**2, sa*sd**2, sb*sd**2, sa*cd*sd, sb*cd*sd, sb*sa*sd, sa*cd*sc, sb*cd*sc, sb*sa*sc, sb*sa*cd, cc**4, ca*cc**3, cb*cc**3, sd*cc**3, sc*cc**3, cd*cc**3, sa*cc**3, sb*cc**3, ca**2*cc**2, cb*ca*cc**2, sd*ca*cc**2, sc*ca*cc**2, cd*ca*cc**2, sa*ca*cc**2, sb*ca*cc**2, cb**2*cc**2;['sb', 'sa', 'cd', 'sc', 'sd', 'cb', 'ca', 'cc']
151;ca;ca_sb_cb_cd_sa_sd_sc_cc;365.90573552204296;4836;1047.19921875;sc**2, sd*sc, cd**2, sb**2, ca**2, cd*sc*cc, sd**2*cc, cd*sd*cc, sa**2*cc, cd*sa*cc, cb*sa*cc, sb*sa*cc, ca*sa*cc, cb*cd*cc, sb*cd*cc, ca*cd*cc, cb**2*cc, sb*cb*cc, ca*cb*cc, ca*sb*cc, sa**2*sc, cd*sa*sc, cb*sa*sc, sb*sa*sc, ca*sa*sc, cb*cd*sc, sb*cd*sc, ca*cd*sc, cb**2*sc, sb*cb*sc, ca*cb*sc, ca*sb*sc, sd**3, sa*sd**2, cd*sd**2, cb*sd**2, sb*sd**2, ca*sd**2, sa**2*sd, cd*sa*sd, cb*sa*sd, sb*sa*sd, ca*sa*sd, cb*cd*sd, sb*cd*sd, ca*cd*sd, cb**2*sd, sb*cb*sd, ca*cb*sd, ca*sb*sd, sa**3, cd*sa**2, cb*sa**2, sb*sa**2, ca*sa**2, cb*cd*sa, sb*cd*sa, ca*cd*sa, cb**2*sa, sb*cb*sa, ca*cb*sa, ca*sb*sa, cb**2*cd, sb*cb*cd, ca*cb*cd, ca*sb*cd, cb**3, sb*cb**2, ca*cb**2, ca*sb*cb, cc**4, sc*cc**3, sd*cc**3, sa*cc**3, cd*cc**3, cb*cc**3, sb*cc**3, ca*cc**3, sa*sc*cc**2, cb*sc*cc**2, sb*sc*cc**2, ca*sc*cc**2, sa*sd*cc**2, cb*sd*cc**2, sb*sd*cc**2, ca*sd*cc**2;['ca', 'sb', 'cb', 'cd', 'sa', 'sd', 'sc', 'cc']
152;cb;cb_cc_sa_sb_sd_cd_sc_ca;756.6602942160098;6122;1047.19921875;cc*cd, sd**2, sa**2, cc**2, cb**2, sd*cd*ca, sb*cd*ca, sa*cd*ca, cb*cd*ca, sb*sd*ca, sa*sd*ca, cc*sd*ca, cb*sd*ca, sb**2*ca, sa*sb*ca, cc*sb*ca, cb*sb*ca, cc*sa*ca, cb*sa*ca, cb*cc*ca, sc**3, cd*sc**2, sd*sc**2, sb*sc**2, sa*sc**2, cc*sc**2, cb*sc**2, cd**2*sc, sd*cd*sc, sb*cd*sc, sa*cd*sc, cb*cd*sc, sb*sd*sc, sa*sd*sc, cc*sd*sc, cb*sd*sc, sb**2*sc, sa*sb*sc, cc*sb*sc, cb*sb*sc, cc*sa*sc, cb*sa*sc, cb*cc*sc, cd**3, sd*cd**2, sb*cd**2, sa*cd**2, cb*cd**2, sb*sd*cd, sa*sd*cd, cb*sd*cd, sb**2*cd, sa*sb*cd, cb*sb*cd, cb*sa*cd, sb**2*sd, sa*sb*sd, cc*sb*sd, cb*sb*sd, cc*sa*sd, cb*sa*sd, cb*cc*sd, sb**3, sa*sb**2, cc*sb**2, cb*sb**2, cc*sa*sb, cb*sa*sb, cb*cc*sb, cb*cc*sa, ca**4, sc*ca**3, cd*ca**3, sd*ca**3, sb*ca**3, sa*ca**3, cc*ca**3, cb*ca**3, sc**2*ca**2, cd*sc*ca**2, sd*sc*ca**2, sb*sc*ca**2, sa*sc*ca**2, cc*sc*ca**2, cb*sc*ca**2, cd**2*ca**2;['cb', 'cc', 'sa', 'sb', 'sd', 'cd', 'sc', 'ca']
153;sc;sc_sb_ca_sa_cc_cd_sd_cb;644.2907980920281;6003;1047.19921875;cd**2, cc*cd, ca**2, sb**2, sc**2, ca*cd*cb, sb*cd*cb, sc*cd*cb, cc**2*cb, sa*cc*cb, ca*cc*cb, sb*cc*cb, sc*cc*cb, sa**2*cb, ca*sa*cb, sb*sa*cb, sc*sa*cb, sb*ca*cb, sc*ca*cb, sc*sb*cb, sd**3, cd*sd**2, cc*sd**2, sa*sd**2, ca*sd**2, sb*sd**2, sc*sd**2, sa*cd*sd, ca*cd*sd, sb*cd*sd, sc*cd*sd, cc**2*sd, sa*cc*sd, ca*cc*sd, sb*cc*sd, sc*cc*sd, sa**2*sd, ca*sa*sd, sb*sa*sd, sc*sa*sd, sb*ca*sd, sc*ca*sd, sc*sb*sd, sa**2*cd, ca*sa*cd, sb*sa*cd, sc*sa*cd, sb*ca*cd, sc*ca*cd, sc*sb*cd, cc**3, sa*cc**2, ca*cc**2, sb*cc**2, sc*cc**2, sa**2*cc, ca*sa*cc, sb*sa*cc, sc*sa*cc, sb*ca*cc, sc*ca*cc, sc*sb*cc, sa**3, ca*sa**2, sb*sa**2, sc*sa**2, sb*ca*sa, sc*ca*sa, sc*sb*sa, sc*sb*ca, cb**4, sd*cb**3, cd*cb**3, cc*cb**3, sa*cb**3, ca*cb**3, sb*cb**3, sc*cb**3, sd**2*cb**2, cd*sd*cb**2, cc*sd*cb**2, sa*sd*cb**2, ca*sd*cb**2, sb*sd*cb**2, sc*sd*cb**2, sa*cd*cb**2;['sc', 'sb', 'ca', 'sa', 'cc', 'cd', 'sd', 'cb']
154;sc;sc_sa_cd_cb_sb_ca_sd_cc;462.15650136990007;5645;1047.19921875;sc*sd, cb**2, cd**2, sa**2, sc**2, sd**2*cc, cd*sd*cc, sa*ca*cc, sc*ca*cc, sb**2*cc, cb*sb*cc, cd*sb*cc, sa*sb*cc, sc*sb*cc, cd*cb*cc, sa*cb*cc, sc*cb*cc, sa*cd*cc, sc*cd*cc, sc*sa*cc, sd**3, ca*sd**2, sb*sd**2, cb*sd**2, cd*sd**2, sa*sd**2, ca**2*sd, sb*ca*sd, cb*ca*sd, cd*ca*sd, sa*ca*sd, sb**2*sd, cb*sb*sd, cd*sb*sd, sa*sb*sd, cd*cb*sd, sa*cb*sd, sa*cd*sd, ca**3, sb*ca**2, cb*ca**2, cd*ca**2, sa*ca**2, sc*ca**2, sb**2*ca, cb*sb*ca, cd*sb*ca, sa*sb*ca, sc*sb*ca, cd*cb*ca, sa*cb*ca, sc*cb*ca, sa*cd*ca, sc*cd*ca, sc*sa*ca, sb**3, cb*sb**2, cd*sb**2, sa*sb**2, sc*sb**2, cd*cb*sb, sa*cb*sb, sc*cb*sb, sa*cd*sb, sc*cd*sb, sc*sa*sb, sa*cd*cb, sc*cd*cb, sc*sa*cb, sc*sa*cd, cc**4, sd*cc**3, ca*cc**3, sb*cc**3, cb*cc**3, cd*cc**3, sa*cc**3, sc*cc**3, ca*sd*cc**2, sb*sd*cc**2, cb*sd*cc**2, sa*sd*cc**2, ca**2*cc**2, sb*ca*cc**2, cb*ca*cc**2, cd*ca*cc**2;['sc', 'sa', 'cd', 'cb', 'sb', 'ca', 'sd', 'cc']
155;sb;sb_sc_cc_ca_sd_cd_cb_sa;604.604575835052;5610;1047.19921875;sd**2, sc*sd, ca**2, sc**2, sb**2, sd*cd*sa, ca*cd*sa, cc*cd*sa, sc*cd*sa, sb*cd*sa, ca*sd*sa, cc*sd*sa, sb*sd*sa, cc*ca*sa, sc*ca*sa, sb*ca*sa, cc**2*sa, sc*cc*sa, sb*cc*sa, sb*sc*sa, cb**3, cd*cb**2, sd*cb**2, ca*cb**2, cc*cb**2, sc*cb**2, sb*cb**2, cd**2*cb, sd*cd*cb, ca*cd*cb, cc*cd*cb, sc*cd*cb, sb*cd*cb, ca*sd*cb, cc*sd*cb, sb*sd*cb, cc*ca*cb, sc*ca*cb, sb*ca*cb, cc**2*cb, sc*cc*cb, sb*cc*cb, sb*sc*cb, cd**3, sd*cd**2, ca*cd**2, cc*cd**2, sc*cd**2, sb*cd**2, ca*sd*cd, cc*sd*cd, sb*sd*cd, cc*ca*cd, sc*ca*cd, sb*ca*cd, cc**2*cd, sc*cc*cd, sb*cc*cd, sb*sc*cd, cc*ca*sd, sb*ca*sd, cc**2*sd, sb*cc*sd, cc**2*ca, sc*cc*ca, sb*cc*ca, sb*sc*ca, cc**3, sc*cc**2, sb*cc**2, sb*sc*cc, sa**4, cb*sa**3, cd*sa**3, sd*sa**3, ca*sa**3, cc*sa**3, sc*sa**3, sb*sa**3, cb**2*sa**2, cd*cb*sa**2, sd*cb*sa**2, ca*cb*sa**2, cc*cb*sa**2, sc*cb*sa**2, sb*cb*sa**2, cd**2*sa**2;['sb', 'sc', 'cc', 'ca', 'sd', 'cd', 'cb', 'sa']
156;ca;ca_cd_sa_sc_sd_cc_sb_cb;457.3512590280734;5667;1047.19921875;sb**2, sc*sd, sc**2, cd**2, ca**2, sc*cc*cb, sa*cc*cb, cd*cc*cb, ca*cc*cb, sd**2*cb, sa*sd*cb, cd*sd*cb, ca*sd*cb, sa*sc*cb, cd*sc*cb, ca*sc*cb, sa**2*cb, cd*sa*cb, ca*sa*cb, ca*cd*cb, cc**2*sb, sd*cc*sb, sc*cc*sb, sa*cc*sb, cd*cc*sb, ca*cc*sb, sd**2*sb, sa*sd*sb, cd*sd*sb, ca*sd*sb, sa*sc*sb, cd*sc*sb, ca*sc*sb, sa**2*sb, cd*sa*sb, ca*sa*sb, ca*cd*sb, cc**3, sd*cc**2, sc*cc**2, sa*cc**2, cd*cc**2, ca*cc**2, sd**2*cc, sa*sd*cc, cd*sd*cc, ca*sd*cc, sa*sc*cc, cd*sc*cc, ca*sc*cc, sa**2*cc, cd*sa*cc, ca*sa*cc, ca*cd*cc, sd**3, sa*sd**2, cd*sd**2, ca*sd**2, sa**2*sd, cd*sa*sd, ca*sa*sd, ca*cd*sd, sa**2*sc, cd*sa*sc, ca*sa*sc, ca*cd*sc, sa**3, cd*sa**2, ca*sa**2, ca*cd*sa, cb**4, sb*cb**3, cc*cb**3, sd*cb**3, sc*cb**3, sa*cb**3, cd*cb**3, ca*cb**3, cc*sb*cb**2, sd*sb*cb**2, sc*sb*cb**2, sa*sb*cb**2, cd*sb*cb**2, ca*sb*cb**2, cc**2*cb**2, sd*cc*cb**2;['ca', 'cd', 'sa', 'sc', 'sd', 'cc', 'sb', 'cb']
157;ca;ca_sc_cc_sa_sb_cd_cb_sd;288.20729520800523;5468;1047.19921875;cd**2, cc*cd, sb**2, sc**2, ca**2, sa*cd*sd, sc*cd*sd, ca*cd*sd, sa*sb*sd, cc*sb*sd, sc*sb*sd, ca*sb*sd, sa**2*sd, cc*sa*sd, sc*sa*sd, ca*sa*sd, cc**2*sd, sc*cc*sd, ca*cc*sd, ca*sc*sd, cb**3, cd*cb**2, sb*cb**2, sa*cb**2, cc*cb**2, sc*cb**2, ca*cb**2, sb*cd*cb, sa*cd*cb, sc*cd*cb, ca*cd*cb, sa*sb*cb, cc*sb*cb, sc*sb*cb, ca*sb*cb, sa**2*cb, cc*sa*cb, sc*sa*cb, ca*sa*cb, cc**2*cb, sc*cc*cb, ca*cc*cb, ca*sc*cb, sa*sb*cd, sc*sb*cd, ca*sb*cd, sa**2*cd, sc*sa*cd, ca*sa*cd, ca*sc*cd, sa**2*sb, cc*sa*sb, sc*sa*sb, ca*sa*sb, cc**2*sb, sc*cc*sb, ca*cc*sb, ca*sc*sb, sa**3, cc*sa**2, sc*sa**2, ca*sa**2, cc**2*sa, sc*cc*sa, ca*cc*sa, ca*sc*sa, cc**3, sc*cc**2, ca*cc**2, ca*sc*cc, sd**4, cb*sd**3, cd*sd**3, sb*sd**3, sa*sd**3, cc*sd**3, sc*sd**3, ca*sd**3, cb**2*sd**2, cd*cb*sd**2, sb*cb*sd**2, sa*cb*sd**2, cc*cb*sd**2, sc*cb*sd**2, ca*cb*sd**2, sb*cd*sd**2;['ca', 'sc', 'cc', 'sa', 'sb', 'cd', 'cb', 'sd']
158;sd;sd_sa_cc_ca_cd_sc_sb_cb;691.0053341239691;6040;1047.19921875;sb**2, cc*cd, cc**2, sa**2, sd**2, ca*sc*cb, cc*sc*cb, sa*sc*cb, sd*sc*cb, cd**2*cb, ca*cd*cb, sa*cd*cb, sd*cd*cb, ca**2*cb, cc*ca*cb, sa*ca*cb, sd*ca*cb, sa*cc*cb, sd*cc*cb, sd*sa*cb, sc**2*sb, cd*sc*sb, ca*sc*sb, cc*sc*sb, sa*sc*sb, sd*sc*sb, cd**2*sb, ca*cd*sb, sa*cd*sb, sd*cd*sb, ca**2*sb, cc*ca*sb, sa*ca*sb, sd*ca*sb, sa*cc*sb, sd*cc*sb, sd*sa*sb, sc**3, cd*sc**2, ca*sc**2, cc*sc**2, sa*sc**2, sd*sc**2, cd**2*sc, ca*cd*sc, sa*cd*sc, sd*cd*sc, ca**2*sc, cc*ca*sc, sa*ca*sc, sd*ca*sc, sa*cc*sc, sd*cc*sc, sd*sa*sc, cd**3, ca*cd**2, sa*cd**2, sd*cd**2, ca**2*cd, sa*ca*cd, sd*ca*cd, sd*sa*cd, ca**3, cc*ca**2, sa*ca**2, sd*ca**2, sa*cc*ca, sd*cc*ca, sd*sa*ca, sd*sa*cc, cb**4, sb*cb**3, sc*cb**3, cd*cb**3, ca*cb**3, cc*cb**3, sa*cb**3, sd*cb**3, sc*sb*cb**2, cd*sb*cb**2, ca*sb*cb**2, cc*sb*cb**2, sa*sb*cb**2, sd*sb*cb**2, sc**2*cb**2, cd*sc*cb**2;['sd', 'sa', 'cc', 'ca', 'cd', 'sc', 'sb', 'cb']
159;cd;cd_ca_cb_sc_sa_sb_sd_cc;396.20775370905176;5186;1047.19921875;sc*sd, sc**2, cb**2, ca**2, cd**2, sd**2*cc, cd*sd*cc, ca*sb*cc, cd*sb*cc, sa**2*cc, sc*sa*cc, cb*sa*cc, ca*sa*cc, cd*sa*cc, cb*sc*cc, ca*sc*cc, cd*sc*cc, ca*cb*cc, cd*cb*cc, cd*ca*cc, sd**3, sb*sd**2, sa*sd**2, cb*sd**2, ca*sd**2, cd*sd**2, sb**2*sd, sa*sb*sd, cb*sb*sd, ca*sb*sd, cd*sb*sd, sa**2*sd, cb*sa*sd, ca*sa*sd, cd*sa*sd, ca*cb*sd, cd*cb*sd, cd*ca*sd, sb**3, sa*sb**2, sc*sb**2, cb*sb**2, ca*sb**2, cd*sb**2, sa**2*sb, sc*sa*sb, cb*sa*sb, ca*sa*sb, cd*sa*sb, cb*sc*sb, ca*sc*sb, cd*sc*sb, ca*cb*sb, cd*cb*sb, cd*ca*sb, sa**3, sc*sa**2, cb*sa**2, ca*sa**2, cd*sa**2, cb*sc*sa, ca*sc*sa, cd*sc*sa, ca*cb*sa, cd*cb*sa, cd*ca*sa, ca*cb*sc, cd*cb*sc, cd*ca*sc, cd*ca*cb, cc**4, sd*cc**3, sb*cc**3, sa*cc**3, sc*cc**3, cb*cc**3, ca*cc**3, cd*cc**3, sb*sd*cc**2, sa*sd*cc**2, cb*sd*cc**2, ca*sd*cc**2, sb**2*cc**2, sa*sb*cc**2, sc*sb*cc**2, cb*sb*cc**2;['cd', 'ca', 'cb', 'sc', 'sa', 'sb', 'sd', 'cc']
160;sa;sa_cc_sb_cd_sd_cb_sc_ca;549.9720447770087;6627;1047.19921875;cd**2, cc*cd, sb**2, cc**2, sa**2, sd*cb*ca, cd*cb*ca, sb*cb*ca, cc*cb*ca, sa*cb*ca, sd**2*ca, cd*sd*ca, sb*sd*ca, cc*sd*ca, sa*sd*ca, sb*cd*ca, sa*cd*ca, cc*sb*ca, sa*sb*ca, sa*cc*ca, sc**3, cb*sc**2, sd*sc**2, cd*sc**2, sb*sc**2, cc*sc**2, sa*sc**2, cb**2*sc, sd*cb*sc, cd*cb*sc, sb*cb*sc, cc*cb*sc, sa*cb*sc, sd**2*sc, cd*sd*sc, sb*sd*sc, cc*sd*sc, sa*sd*sc, sb*cd*sc, sa*cd*sc, cc*sb*sc, sa*sb*sc, sa*cc*sc, cb**3, sd*cb**2, cd*cb**2, sb*cb**2, cc*cb**2, sa*cb**2, sd**2*cb, cd*sd*cb, sb*sd*cb, cc*sd*cb, sa*sd*cb, sb*cd*cb, sa*cd*cb, cc*sb*cb, sa*sb*cb, sa*cc*cb, sd**3, cd*sd**2, sb*sd**2, cc*sd**2, sa*sd**2, sb*cd*sd, sa*cd*sd, cc*sb*sd, sa*sb*sd, sa*cc*sd, sa*sb*cd, sa*cc*sb, ca**4, sc*ca**3, cb*ca**3, sd*ca**3, cd*ca**3, sb*ca**3, cc*ca**3, sa*ca**3, sc**2*ca**2, cb*sc*ca**2, sd*sc*ca**2, cd*sc*ca**2, sb*sc*ca**2, cc*sc*ca**2, sa*sc*ca**2, cb**2*ca**2;['sa', 'cc', 'sb', 'cd', 'sd', 'cb', 'sc', 'ca']
161;cc;cc_sd_cd_sa_sc_ca_cb_sb;846.2350411729421;5525;1047.19921875;cb**2, sa**2, cc*cd, sd**2, cc**2, sa*ca*sb, cd*ca*sb, sd*ca*sb, cc*ca*sb, sc**2*sb, sa*sc*sb, cd*sc*sb, sd*sc*sb, cc*sc*sb, cd*sa*sb, sd*sa*sb, cc*sa*sb, cd**2*sb, sd*cd*sb, cc*sd*sb, ca**2*cb, sc*ca*cb, sa*ca*cb, cd*ca*cb, sd*ca*cb, cc*ca*cb, sc**2*cb, sa*sc*cb, cd*sc*cb, sd*sc*cb, cc*sc*cb, cd*sa*cb, sd*sa*cb, cc*sa*cb, cd**2*cb, sd*cd*cb, cc*sd*cb, ca**3, sc*ca**2, sa*ca**2, cd*ca**2, sd*ca**2, cc*ca**2, sc**2*ca, sa*sc*ca, cd*sc*ca, sd*sc*ca, cc*sc*ca, cd*sa*ca, sd*sa*ca, cc*sa*ca, cd**2*ca, sd*cd*ca, cc*sd*ca, sc**3, sa*sc**2, cd*sc**2, sd*sc**2, cc*sc**2, cd*sa*sc, sd*sa*sc, cc*sa*sc, cd**2*sc, sd*cd*sc, cc*sd*sc, cd**2*sa, sd*cd*sa, cc*sd*sa, cd**3, sd*cd**2, sb**4, cb*sb**3, ca*sb**3, sc*sb**3, sa*sb**3, cd*sb**3, sd*sb**3, cc*sb**3, ca*cb*sb**2, sc*cb*sb**2, sa*cb*sb**2, cd*cb*sb**2, sd*cb*sb**2, cc*cb*sb**2, ca**2*sb**2, sc*ca*sb**2;['cc', 'sd', 'cd', 'sa', 'sc', 'ca', 'cb', 'sb']
162;sa;sa_sb_sc_sd_cc_ca_cb_cd;769.0656333829975;6160;1047.19921875;sd**2, sc*sd, sc**2, sb**2, sa**2, cc*ca*cd, sd*ca*cd, sc*ca*cd, sb*ca*cd, sa*ca*cd, cc**2*cd, sd*cc*cd, sc*cc*cd, sb*cc*cd, sa*cc*cd, sb*sd*cd, sa*sd*cd, sb*sc*cd, sa*sc*cd, sa*sb*cd, cb**3, ca*cb**2, cc*cb**2, sd*cb**2, sc*cb**2, sb*cb**2, sa*cb**2, ca**2*cb, cc*ca*cb, sd*ca*cb, sc*ca*cb, sb*ca*cb, sa*ca*cb, cc**2*cb, sd*cc*cb, sc*cc*cb, sb*cc*cb, sa*cc*cb, sb*sd*cb, sa*sd*cb, sb*sc*cb, sa*sc*cb, sa*sb*cb, ca**3, cc*ca**2, sd*ca**2, sc*ca**2, sb*ca**2, sa*ca**2, cc**2*ca, sd*cc*ca, sc*cc*ca, sb*cc*ca, sa*cc*ca, sb*sd*ca, sa*sd*ca, sb*sc*ca, sa*sc*ca, sa*sb*ca, cc**3, sd*cc**2, sc*cc**2, sb*cc**2, sa*cc**2, sb*sd*cc, sa*sd*cc, sb*sc*cc, sa*sc*cc, sa*sb*cc, sa*sb*sd, sa*sb*sc, cd**4, cb*cd**3, ca*cd**3, cc*cd**3, sd*cd**3, sc*cd**3, sb*cd**3, sa*cd**3, cb**2*cd**2, ca*cb*cd**2, cc*cb*cd**2, sd*cb*cd**2, sc*cb*cd**2, sb*cb*cd**2, sa*cb*cd**2, ca**2*cd**2;['sa', 'sb', 'sc', 'sd', 'cc', 'ca', 'cb', 'cd']
163;cb;cb_cc_ca_sb_sd_cd_sa_sc;1681.187968319049;6162;1047.19921875;cc*cd, sd**2, ca**2, cc**2, cb**2, cd**2*sc, sd*cd*sc, ca*cd*sc, cb*cd*sc, sb*sd*sc, ca*sd*sc, cc*sd*sc, cb*sd*sc, sb**2*sc, ca*sb*sc, cc*sb*sc, cb*sb*sc, cc*ca*sc, cb*ca*sc, cb*cc*sc, sa**3, cd*sa**2, sd*sa**2, sb*sa**2, ca*sa**2, cc*sa**2, cb*sa**2, cd**2*sa, sd*cd*sa, sb*cd*sa, ca*cd*sa, cb*cd*sa, sb*sd*sa, ca*sd*sa, cc*sd*sa, cb*sd*sa, sb**2*sa, ca*sb*sa, cc*sb*sa, cb*sb*sa, cc*ca*sa, cb*ca*sa, cb*cc*sa, cd**3, sd*cd**2, sb*cd**2, ca*cd**2, cb*cd**2, sb*sd*cd, ca*sd*cd, cb*sd*cd, sb**2*cd, ca*sb*cd, cb*sb*cd, cb*ca*cd, sb**2*sd, ca*sb*sd, cc*sb*sd, cb*sb*sd, cc*ca*sd, cb*ca*sd, cb*cc*sd, sb**3, ca*sb**2, cc*sb**2, cb*sb**2, cc*ca*sb, cb*ca*sb, cb*cc*sb, cb*cc*ca, sc**4, sa*sc**3, cd*sc**3, sd*sc**3, sb*sc**3, ca*sc**3, cc*sc**3, cb*sc**3, sa**2*sc**2, cd*sa*sc**2, sd*sa*sc**2, sb*sa*sc**2, ca*sa*sc**2, cc*sa*sc**2, cb*sa*sc**2, sb*cd*sc**2;['cb', 'cc', 'ca', 'sb', 'sd', 'cd', 'sa', 'sc']
164;cc;cc_sa_cb_cd_ca_sc_sd_sb;1368.0236782280263;6586;1047.19921875;cd**2, cc*cd, cb**2, sa**2, cc**2, ca*sc*sb, cd*sc*sb, cb*sc*sb, sa*sc*sb, cc*sc*sb, ca**2*sb, cd*ca*sb, cb*ca*sb, sa*ca*sb, cc*ca*sb, cb*cd*sb, sa*cd*sb, sa*cb*sb, cc*cb*sb, cc*sa*sb, sd**3, sc*sd**2, ca*sd**2, cd*sd**2, cb*sd**2, sa*sd**2, cc*sd**2, sc**2*sd, ca*sc*sd, cd*sc*sd, cb*sc*sd, sa*sc*sd, cc*sc*sd, ca**2*sd, cd*ca*sd, cb*ca*sd, sa*ca*sd, cc*ca*sd, cb*cd*sd, sa*cd*sd, sa*cb*sd, cc*cb*sd, cc*sa*sd, sc**3, ca*sc**2, cd*sc**2, cb*sc**2, sa*sc**2, cc*sc**2, ca**2*sc, cd*ca*sc, cb*ca*sc, sa*ca*sc, cc*ca*sc, cb*cd*sc, sa*cd*sc, sa*cb*sc, cc*cb*sc, cc*sa*sc, ca**3, cd*ca**2, cb*ca**2, sa*ca**2, cc*ca**2, cb*cd*ca, sa*cd*ca, sa*cb*ca, cc*cb*ca, cc*sa*ca, sa*cb*cd, cc*sa*cb, sb**4, sd*sb**3, sc*sb**3, ca*sb**3, cd*sb**3, cb*sb**3, sa*sb**3, cc*sb**3, sd**2*sb**2, sc*sd*sb**2, ca*sd*sb**2, cd*sd*sb**2, cb*sd*sb**2, sa*sd*sb**2, cc*sd*sb**2, sc**2*sb**2;['cc', 'sa', 'cb', 'cd', 'ca', 'sc', 'sd', 'sb']
165;sc;sc_ca_cb_sd_sa_sb_cc_cd;354.60852585802786;5103;1047.19921875;sd**2, sc*sd, cb**2, ca**2, sc**2, cc**2*cd, sd*cc*cd, sc*cc*cd, ca*sb*cd, sc*sb*cd, sa**2*cd, sd*sa*cd, cb*sa*cd, ca*sa*cd, sc*sa*cd, cb*sd*cd, ca*sd*cd, ca*cb*cd, sc*cb*cd, sc*ca*cd, cc**3, sb*cc**2, sa*cc**2, sd*cc**2, cb*cc**2, ca*cc**2, sc*cc**2, sb**2*cc, sa*sb*cc, sd*sb*cc, cb*sb*cc, ca*sb*cc, sc*sb*cc, sa**2*cc, sd*sa*cc, cb*sa*cc, ca*sa*cc, sc*sa*cc, cb*sd*cc, ca*sd*cc, ca*cb*cc, sc*cb*cc, sc*ca*cc, sb**3, sa*sb**2, sd*sb**2, cb*sb**2, ca*sb**2, sc*sb**2, sa**2*sb, sd*sa*sb, cb*sa*sb, ca*sa*sb, sc*sa*sb, cb*sd*sb, ca*sd*sb, ca*cb*sb, sc*cb*sb, sc*ca*sb, sa**3, sd*sa**2, cb*sa**2, ca*sa**2, sc*sa**2, cb*sd*sa, ca*sd*sa, ca*cb*sa, sc*cb*sa, sc*ca*sa, ca*cb*sd, sc*ca*cb, cd**4, cc*cd**3, sb*cd**3, sa*cd**3, sd*cd**3, cb*cd**3, ca*cd**3, sc*cd**3, sb*cc*cd**2, sa*cc*cd**2, cb*cc*cd**2, ca*cc*cd**2, sb**2*cd**2, sa*sb*cd**2, sd*sb*cd**2, cb*sb*cd**2;['sc', 'ca', 'cb', 'sd', 'sa', 'sb', 'cc', 'cd']
166;cd;cd_sa_sc_sb_sd_cb_ca_cc;453.756559524918;5884;1047.19921875;sc*sd, sb**2, sc**2, sa**2, cd**2, sd*cb*cc, sb*cb*cc, sc*cb*cc, sa*cb*cc, cd*cb*cc, sd**2*cc, sb*sd*cc, sa*sd*cc, cd*sd*cc, sc*sb*cc, sa*sb*cc, cd*sb*cc, sa*sc*cc, cd*sc*cc, cd*sa*cc, ca**3, cb*ca**2, sd*ca**2, sb*ca**2, sc*ca**2, sa*ca**2, cd*ca**2, cb**2*ca, sd*cb*ca, sb*cb*ca, sc*cb*ca, sa*cb*ca, cd*cb*ca, sd**2*ca, sb*sd*ca, sa*sd*ca, cd*sd*ca, sc*sb*ca, sa*sb*ca, cd*sb*ca, sa*sc*ca, cd*sc*ca, cd*sa*ca, cb**3, sd*cb**2, sb*cb**2, sc*cb**2, sa*cb**2, cd*cb**2, sd**2*cb, sb*sd*cb, sa*sd*cb, cd*sd*cb, sc*sb*cb, sa*sb*cb, cd*sb*cb, sa*sc*cb, cd*sc*cb, cd*sa*cb, sd**3, sb*sd**2, sa*sd**2, cd*sd**2, sa*sb*sd, cd*sb*sd, cd*sa*sd, sa*sc*sb, cd*sc*sb, cd*sa*sb, cd*sa*sc, cc**4, ca*cc**3, cb*cc**3, sd*cc**3, sb*cc**3, sc*cc**3, sa*cc**3, cd*cc**3, ca**2*cc**2, cb*ca*cc**2, sd*ca*cc**2, sb*ca*cc**2, sc*ca*cc**2, sa*ca*cc**2, cd*ca*cc**2, cb**2*cc**2;['cd', 'sa', 'sc', 'sb', 'sd', 'cb', 'ca', 'cc']
167;sd;sd_cb_cd_cc_sb_sc_ca_sa;494.6390373450704;6154;1047.19921875;ca**2, cc**2, cd*cc, cb**2, sd**2, cc*sc*sa, cd*sc*sa, cb*sc*sa, sd*sc*sa, sb**2*sa, cc*sb*sa, cd*sb*sa, cb*sb*sa, sd*sb*sa, cb*cc*sa, sd*cc*sa, cd**2*sa, cb*cd*sa, sd*cd*sa, sd*cb*sa, sc**2*ca, sb*sc*ca, cc*sc*ca, cd*sc*ca, cb*sc*ca, sd*sc*ca, sb**2*ca, cc*sb*ca, cd*sb*ca, cb*sb*ca, sd*sb*ca, cb*cc*ca, sd*cc*ca, cd**2*ca, cb*cd*ca, sd*cd*ca, sd*cb*ca, sc**3, sb*sc**2, cc*sc**2, cd*sc**2, cb*sc**2, sd*sc**2, sb**2*sc, cc*sb*sc, cd*sb*sc, cb*sb*sc, sd*sb*sc, cb*cc*sc, sd*cc*sc, cd**2*sc, cb*cd*sc, sd*cd*sc, sd*cb*sc, sb**3, cc*sb**2, cd*sb**2, cb*sb**2, sd*sb**2, cb*cc*sb, sd*cc*sb, cd**2*sb, cb*cd*sb, sd*cd*sb, sd*cb*sb, sd*cb*cc, cd**3, cb*cd**2, sd*cd**2, sd*cb*cd, sa**4, ca*sa**3, sc*sa**3, sb*sa**3, cc*sa**3, cd*sa**3, cb*sa**3, sd*sa**3, sc*ca*sa**2, sb*ca*sa**2, cc*ca*sa**2, cd*ca*sa**2, cb*ca*sa**2, sd*ca*sa**2, sc**2*sa**2, sb*sc*sa**2;['sd', 'cb', 'cd', 'cc', 'sb', 'sc', 'ca', 'sa']
168;ca;ca_sc_cb_cd_sb_cc_sd_sa;1965.1832270059967;6025;1047.19921875;cd*cc, cd**2, cb**2, sc**2, ca**2, sb*cc*sa, cb*cc*sa, sc*cc*sa, ca*cc*sa, sb**2*sa, cd*sb*sa, cb*sb*sa, sc*sb*sa, ca*sb*sa, cb*cd*sa, sc*cd*sa, ca*cd*sa, sc*cb*sa, ca*cb*sa, ca*sc*sa, sd**3, cc*sd**2, sb*sd**2, cd*sd**2, cb*sd**2, sc*sd**2, ca*sd**2, cc**2*sd, sb*cc*sd, cb*cc*sd, sc*cc*sd, ca*cc*sd, sb**2*sd, cd*sb*sd, cb*sb*sd, sc*sb*sd, ca*sb*sd, cb*cd*sd, sc*cd*sd, ca*cd*sd, sc*cb*sd, ca*cb*sd, ca*sc*sd, cc**3, sb*cc**2, cb*cc**2, sc*cc**2, ca*cc**2, sb**2*cc, cb*sb*cc, sc*sb*cc, ca*sb*cc, sc*cb*cc, ca*cb*cc, ca*sc*cc, sb**3, cd*sb**2, cb*sb**2, sc*sb**2, ca*sb**2, cb*cd*sb, sc*cd*sb, ca*cd*sb, sc*cb*sb, ca*cb*sb, ca*sc*sb, sc*cb*cd, ca*cb*cd, ca*sc*cd, ca*sc*cb, sa**4, sd*sa**3, cc*sa**3, sb*sa**3, cd*sa**3, cb*sa**3, sc*sa**3, ca*sa**3, sd**2*sa**2, cc*sd*sa**2, sb*sd*sa**2, cd*sd*sa**2, cb*sd*sa**2, sc*sd*sa**2, ca*sd*sa**2, cc**2*sa**2;['ca', 'sc', 'cb', 'cd', 'sb', 'cc', 'sd', 'sa']
169;cc;cc_sd_sc_cd_ca_sa_cb_sb;2066.8661501780152;6200;1047.19921875;cb**2, ca**2, sd*sc, sd**2, cc**2, cd*sa*sb, sc*sa*sb, sd*sa*sb, cc*sa*sb, cd*ca*sb, sc*ca*sb, sd*ca*sb, cc*ca*sb, cd**2*sb, sc*cd*sb, sd*cd*sb, cc*cd*sb, sc**2*sb, cc*sc*sb, cc*sd*sb, sa**2*cb, ca*sa*cb, cd*sa*cb, sc*sa*cb, sd*sa*cb, cc*sa*cb, cd*ca*cb, sc*ca*cb, sd*ca*cb, cc*ca*cb, cd**2*cb, sc*cd*cb, sd*cd*cb, cc*cd*cb, sc**2*cb, cc*sc*cb, cc*sd*cb, sa**3, ca*sa**2, cd*sa**2, sc*sa**2, sd*sa**2, cc*sa**2, cd*ca*sa, sc*ca*sa, sd*ca*sa, cc*ca*sa, cd**2*sa, sc*cd*sa, sd*cd*sa, cc*cd*sa, sc**2*sa, cc*sc*sa, cc*sd*sa, cd**2*ca, sc*cd*ca, sd*cd*ca, cc*cd*ca, sc**2*ca, cc*sc*ca, cc*sd*ca, cd**3, sc*cd**2, sd*cd**2, cc*cd**2, sc**2*cd, cc*sc*cd, cc*sd*cd, sc**3, cc*sc**2, sb**4, cb*sb**3, sa*sb**3, ca*sb**3, cd*sb**3, sc*sb**3, sd*sb**3, cc*sb**3, sa*cb*sb**2, ca*cb*sb**2, cd*cb*sb**2, sc*cb*sb**2, sd*cb*sb**2, cc*cb*sb**2, sa**2*sb**2, ca*sa*sb**2;['cc', 'sd', 'sc', 'cd', 'ca', 'sa', 'cb', 'sb']
170;cc;cc_sd_sa_ca_cd_sc_cb_sb;1227.3544807590079;5858;1047.19921875;cb**2, cc*cd, sa**2, sd**2, cc**2, ca*sc*sb, sa*sc*sb, sd*sc*sb, cc*sc*sb, cd**2*sb, ca*cd*sb, sa*cd*sb, sd*cd*sb, ca**2*sb, sa*ca*sb, sd*ca*sb, cc*ca*sb, sd*sa*sb, cc*sa*sb, cc*sd*sb, sc**2*cb, cd*sc*cb, ca*sc*cb, sa*sc*cb, sd*sc*cb, cc*sc*cb, cd**2*cb, ca*cd*cb, sa*cd*cb, sd*cd*cb, ca**2*cb, sa*ca*cb, sd*ca*cb, cc*ca*cb, sd*sa*cb, cc*sa*cb, cc*sd*cb, sc**3, cd*sc**2, ca*sc**2, sa*sc**2, sd*sc**2, cc*sc**2, cd**2*sc, ca*cd*sc, sa*cd*sc, sd*cd*sc, ca**2*sc, sa*ca*sc, sd*ca*sc, cc*ca*sc, sd*sa*sc, cc*sa*sc, cc*sd*sc, cd**3, ca*cd**2, sa*cd**2, sd*cd**2, ca**2*cd, sa*ca*cd, sd*ca*cd, sd*sa*cd, ca**3, sa*ca**2, sd*ca**2, cc*ca**2, sd*sa*ca, cc*sa*ca, cc*sd*ca, cc*sd*sa, sb**4, cb*sb**3, sc*sb**3, cd*sb**3, ca*sb**3, sa*sb**3, sd*sb**3, cc*sb**3, sc*cb*sb**2, cd*cb*sb**2, ca*cb*sb**2, sa*cb*sb**2, sd*cb*sb**2, cc*cb*sb**2, sc**2*sb**2, cd*sc*sb**2;['cc', 'sd', 'sa', 'ca', 'cd', 'sc', 'cb', 'sb']
171;sd;sd_cd_sa_sc_cb_cc_sb_ca;572.5172723541036;5305;1047.19921875;cb**2, sc**2, sd*sc, sa**2, sd**2, cb*cc*ca, sc*cc*ca, sa*cc*ca, cd*cc*ca, sd*cc*ca, sc*cb*ca, sa*cb*ca, cd*cb*ca, sd*cb*ca, sa*sc*ca, cd*sc*ca, cd*sa*ca, sd*sa*ca, cd**2*ca, sd*cd*ca, sb**3, cc*sb**2, cb*sb**2, sc*sb**2, sa*sb**2, cd*sb**2, sd*sb**2, cc**2*sb, cb*cc*sb, sc*cc*sb, sa*cc*sb, cd*cc*sb, sd*cc*sb, sc*cb*sb, sa*cb*sb, cd*cb*sb, sd*cb*sb, sa*sc*sb, cd*sc*sb, cd*sa*sb, sd*sa*sb, cd**2*sb, sd*cd*sb, cc**3, cb*cc**2, sc*cc**2, sa*cc**2, cd*cc**2, sd*cc**2, sc*cb*cc, sa*cb*cc, cd*cb*cc, sd*cb*cc, sa*sc*cc, cd*sc*cc, cd*sa*cc, sd*sa*cc, cd**2*cc, sd*cd*cc, sa*sc*cb, cd*sc*cb, cd*sa*cb, sd*sa*cb, cd**2*cb, sd*cd*cb, cd*sa*sc, cd**2*sc, cd**2*sa, sd*cd*sa, cd**3, sd*cd**2, ca**4, sb*ca**3, cc*ca**3, cb*ca**3, sc*ca**3, sa*ca**3, cd*ca**3, sd*ca**3, sb**2*ca**2, cc*sb*ca**2, cb*sb*ca**2, sc*sb*ca**2, sa*sb*ca**2, cd*sb*ca**2, sd*sb*ca**2, cc**2*ca**2;['sd', 'cd', 'sa', 'sc', 'cb', 'cc', 'sb', 'ca']
172;cc;cc_ca_cb_cd_sd_sc_sb_sa;429.3698570259148;5704;1047.19921875;cd**2, cc*cd, cb**2, ca**2, cc**2, sd*sc*sa, cd*sc*sa, cb*sc*sa, ca*sc*sa, cc*sc*sa, sd**2*sa, cd*sd*sa, cb*sd*sa, ca*sd*sa, cc*sd*sa, cb*cd*sa, ca*cd*sa, ca*cb*sa, cc*cb*sa, cc*ca*sa, sb**3, sc*sb**2, sd*sb**2, cd*sb**2, cb*sb**2, ca*sb**2, cc*sb**2, sc**2*sb, sd*sc*sb, cd*sc*sb, cb*sc*sb, ca*sc*sb, cc*sc*sb, sd**2*sb, cd*sd*sb, cb*sd*sb, ca*sd*sb, cc*sd*sb, cb*cd*sb, ca*cd*sb, ca*cb*sb, cc*cb*sb, cc*ca*sb, sc**3, sd*sc**2, cd*sc**2, cb*sc**2, ca*sc**2, cc*sc**2, sd**2*sc, cd*sd*sc, cb*sd*sc, ca*sd*sc, cc*sd*sc, cb*cd*sc, ca*cd*sc, ca*cb*sc, cc*cb*sc, cc*ca*sc, sd**3, cd*sd**2, cb*sd**2, ca*sd**2, cc*sd**2, cb*cd*sd, ca*cd*sd, ca*cb*sd, cc*cb*sd, cc*ca*sd, ca*cb*cd, cc*ca*cb, sa**4, sb*sa**3, sc*sa**3, sd*sa**3, cd*sa**3, cb*sa**3, ca*sa**3, cc*sa**3, sb**2*sa**2, sc*sb*sa**2, sd*sb*sa**2, cd*sb*sa**2, cb*sb*sa**2, ca*sb*sa**2, cc*sb*sa**2, sc**2*sa**2;['cc', 'ca', 'cb', 'cd', 'sd', 'sc', 'sb', 'sa']
173;cc;cc_sb_cd_sc_cb_sd_sa_ca;2217.9190755359596;6714;1047.19921875;sa**2, cd**2, cc*cd, sb**2, cc**2, sc*sd*ca, cd*sd*ca, sb*sd*ca, cc*sd*ca, cb**2*ca, sc*cb*ca, cd*cb*ca, sb*cb*ca, cc*cb*ca, sc**2*ca, cd*sc*ca, sb*sc*ca, cc*sc*ca, sb*cd*ca, cc*sb*ca, sd**2*sa, cb*sd*sa, sc*sd*sa, cd*sd*sa, sb*sd*sa, cc*sd*sa, cb**2*sa, sc*cb*sa, cd*cb*sa, sb*cb*sa, cc*cb*sa, sc**2*sa, cd*sc*sa, sb*sc*sa, cc*sc*sa, sb*cd*sa, cc*sb*sa, sd**3, cb*sd**2, sc*sd**2, cd*sd**2, sb*sd**2, cc*sd**2, cb**2*sd, sc*cb*sd, cd*cb*sd, sb*cb*sd, cc*cb*sd, sc**2*sd, cd*sc*sd, sb*sc*sd, cc*sc*sd, sb*cd*sd, cc*sb*sd, cb**3, sc*cb**2, cd*cb**2, sb*cb**2, cc*cb**2, sc**2*cb, cd*sc*cb, sb*sc*cb, cc*sc*cb, sb*cd*cb, cc*sb*cb, sc**3, cd*sc**2, sb*sc**2, cc*sc**2, sb*cd*sc, cc*sb*sc, ca**4, sa*ca**3, sd*ca**3, cb*ca**3, sc*ca**3, cd*ca**3, sb*ca**3, cc*ca**3, sd*sa*ca**2, cb*sa*ca**2, sc*sa*ca**2, cd*sa*ca**2, sb*sa*ca**2, cc*sa*ca**2, sd**2*ca**2, cb*sd*ca**2;['cc', 'sb', 'cd', 'sc', 'cb', 'sd', 'sa', 'ca']
174;cc;cc_sd_cb_sc_sa_sb_cd_ca;537.6092653280357;6438;1047.19921875;sa**2, sd*sc, cb**2, sd**2, cc**2, sa*sb*ca, sc*sb*ca, cb*sb*ca, sd*sb*ca, cc*sb*ca, sc*sa*ca, cb*sa*ca, sd*sa*ca, cc*sa*ca, sc**2*ca, cb*sc*ca, cc*sc*ca, sd*cb*ca, cc*cb*ca, cc*sd*ca, cd**3, sb*cd**2, sa*cd**2, sc*cd**2, cb*cd**2, sd*cd**2, cc*cd**2, sb**2*cd, sa*sb*cd, sc*sb*cd, cb*sb*cd, sd*sb*cd, cc*sb*cd, sc*sa*cd, cb*sa*cd, sd*sa*cd, cc*sa*cd, sc**2*cd, cb*sc*cd, cc*sc*cd, sd*cb*cd, cc*cb*cd, cc*sd*cd, sb**3, sa*sb**2, sc*sb**2, cb*sb**2, sd*sb**2, cc*sb**2, sc*sa*sb, cb*sa*sb, sd*sa*sb, cc*sa*sb, sc**2*sb, cb*sc*sb, cc*sc*sb, sd*cb*sb, cc*cb*sb, cc*sd*sb, sc**2*sa, cb*sc*sa, cc*sc*sa, sd*cb*sa, cc*cb*sa, cc*sd*sa, sc**3, cb*sc**2, cc*sc**2, cc*cb*sc, cc*sd*cb, ca**4, cd*ca**3, sb*ca**3, sa*ca**3, sc*ca**3, cb*ca**3, sd*ca**3, cc*ca**3, cd**2*ca**2, sb*cd*ca**2, sa*cd*ca**2, sc*cd*ca**2, cb*cd*ca**2, sd*cd*ca**2, cc*cd*ca**2, sb**2*ca**2;['cc', 'sd', 'cb', 'sc', 'sa', 'sb', 'cd', 'ca']
175;sb;sb_cd_sa_sd_sc_cb_cc_ca;565.5886941070203;6438;1047.19921875;sc**2, sd*sc, sa**2, cd**2, sb**2, sc*cb*ca, sd*cb*ca, sa*cb*ca, cd*cb*ca, sb*cb*ca, sa*sc*ca, cd*sc*ca, sb*sc*ca, sd**2*ca, sa*sd*ca, cd*sd*ca, sb*sd*ca, cd*sa*ca, sb*sa*ca, sb*cd*ca, cc**3, cb*cc**2, sc*cc**2, sd*cc**2, sa*cc**2, cd*cc**2, sb*cc**2, cb**2*cc, sc*cb*cc, sd*cb*cc, sa*cb*cc, cd*cb*cc, sb*cb*cc, sa*sc*cc, cd*sc*cc, sb*sc*cc, sd**2*cc, sa*sd*cc, cd*sd*cc, sb*sd*cc, cd*sa*cc, sb*sa*cc, sb*cd*cc, cb**3, sc*cb**2, sd*cb**2, sa*cb**2, cd*cb**2, sb*cb**2, sa*sc*cb, cd*sc*cb, sb*sc*cb, sd**2*cb, sa*sd*cb, cd*sd*cb, sb*sd*cb, cd*sa*cb, sb*sa*cb, sb*cd*cb, cd*sa*sc, sb*sa*sc, sb*cd*sc, sd**3, sa*sd**2, cd*sd**2, sb*sd**2, cd*sa*sd, sb*sa*sd, sb*cd*sd, sb*cd*sa, ca**4, cc*ca**3, cb*ca**3, sc*ca**3, sd*ca**3, sa*ca**3, cd*ca**3, sb*ca**3, cc**2*ca**2, cb*cc*ca**2, sc*cc*ca**2, sd*cc*ca**2, sa*cc*ca**2, cd*cc*ca**2, sb*cc*ca**2, cb**2*ca**2;['sb', 'cd', 'sa', 'sd', 'sc', 'cb', 'cc', 'ca']
176;cc;cc_sd_sb_cb_sa_cd_ca_sc;494.2534293399658;6461;1047.19921875;cc*cd, sa**2, sb**2, sd**2, cc**2, cd**2*sc, cb*cd*sc, sb*cd*sc, sd*cd*sc, cb*sa*sc, sb*sa*sc, sd*sa*sc, cc*sa*sc, cb**2*sc, sb*cb*sc, sd*cb*sc, cc*cb*sc, sd*sb*sc, cc*sb*sc, cc*sd*sc, ca**3, cd*ca**2, sa*ca**2, cb*ca**2, sb*ca**2, sd*ca**2, cc*ca**2, cd**2*ca, sa*cd*ca, cb*cd*ca, sb*cd*ca, sd*cd*ca, cb*sa*ca, sb*sa*ca, sd*sa*ca, cc*sa*ca, cb**2*ca, sb*cb*ca, sd*cb*ca, cc*cb*ca, sd*sb*ca, cc*sb*ca, cc*sd*ca, cd**3, sa*cd**2, cb*cd**2, sb*cd**2, sd*cd**2, cb*sa*cd, sb*sa*cd, sd*sa*cd, cb**2*cd, sb*cb*cd, sd*cb*cd, sd*sb*cd, cb**2*sa, sb*cb*sa, sd*cb*sa, cc*cb*sa, sd*sb*sa, cc*sb*sa, cc*sd*sa, cb**3, sb*cb**2, sd*cb**2, cc*cb**2, sd*sb*cb, cc*sb*cb, cc*sd*cb, cc*sd*sb, sc**4, ca*sc**3, cd*sc**3, sa*sc**3, cb*sc**3, sb*sc**3, sd*sc**3, cc*sc**3, ca**2*sc**2, cd*ca*sc**2, sa*ca*sc**2, cb*ca*sc**2, sb*ca*sc**2, sd*ca*sc**2, cc*ca*sc**2, sa*cd*sc**2;['cc', 'sd', 'sb', 'cb', 'sa', 'cd', 'ca', 'sc']
177;ca;ca_sa_cb_sb_cc_cd_sd_sc;334.8901203389978;4843;1047.19921875;cd**2, cc*cd, cc**2, cb**2, ca**2, sd**2*sc, cd*sd*sc, cc*sd*sc, sb*cc*sc, cb*cc*sc, sa*cc*sc, ca*cc*sc, sb**2*sc, cb*sb*sc, sa*sb*sc, ca*sb*sc, sa*cb*sc, ca*cb*sc, sa**2*sc, ca*sa*sc, sd**3, cd*sd**2, cc*sd**2, sb*sd**2, cb*sd**2, sa*sd**2, ca*sd**2, sb*cd*sd, cb*cd*sd, sa*cd*sd, ca*cd*sd, sb*cc*sd, cb*cc*sd, sa*cc*sd, ca*cc*sd, sb**2*sd, cb*sb*sd, sa*sb*sd, ca*sb*sd, sa*cb*sd, ca*cb*sd, sa**2*sd, ca*sa*sd, sb**2*cd, cb*sb*cd, sa*sb*cd, ca*sb*cd, sa*cb*cd, ca*cb*cd, sa**2*cd, ca*sa*cd, sb**2*cc, cb*sb*cc, sa*sb*cc, ca*sb*cc, sa*cb*cc, ca*cb*cc, sa**2*cc, ca*sa*cc, sb**3, cb*sb**2, sa*sb**2, ca*sb**2, sa*cb*sb, ca*cb*sb, sa**2*sb, ca*sa*sb, sa**2*cb, ca*sa*cb, sa**3, ca*sa**2, sc**4, sd*sc**3, cd*sc**3, cc*sc**3, sb*sc**3, cb*sc**3, sa*sc**3, ca*sc**3, sb*sd*sc**2, cb*sd*sc**2, sa*sd*sc**2, ca*sd*sc**2, sb*cd*sc**2, cb*cd*sc**2, sa*cd*sc**2, ca*cd*sc**2;['ca', 'sa', 'cb', 'sb', 'cc', 'cd', 'sd', 'sc']
178;sa;sa_cb_cc_sd_sc_cd_ca_sb;2893.4689770140685;6101;1047.19921875;sd*sc, sd**2, cc**2, cb**2, sa**2, sc*cd*sb, sd*cd*sb, cc*cd*sb, cb*cd*sb, sa*cd*sb, sc**2*sb, cc*sc*sb, cb*sc*sb, sa*sc*sb, cc*sd*sb, cb*sd*sb, sa*sd*sb, cb*cc*sb, sa*cc*sb, sa*cb*sb, ca**3, cd*ca**2, sc*ca**2, sd*ca**2, cc*ca**2, cb*ca**2, sa*ca**2, cd**2*ca, sc*cd*ca, sd*cd*ca, cc*cd*ca, cb*cd*ca, sa*cd*ca, sc**2*ca, cc*sc*ca, cb*sc*ca, sa*sc*ca, cc*sd*ca, cb*sd*ca, sa*sd*ca, cb*cc*ca, sa*cc*ca, sa*cb*ca, cd**3, sc*cd**2, sd*cd**2, cc*cd**2, cb*cd**2, sa*cd**2, sc**2*cd, cc*sc*cd, cb*sc*cd, sa*sc*cd, cc*sd*cd, cb*sd*cd, sa*sd*cd, cb*cc*cd, sa*cc*cd, sa*cb*cd, sc**3, cc*sc**2, cb*sc**2, sa*sc**2, cb*cc*sc, sa*cc*sc, sa*cb*sc, cb*cc*sd, sa*cc*sd, sa*cb*sd, sa*cb*cc, sb**4, ca*sb**3, cd*sb**3, sc*sb**3, sd*sb**3, cc*sb**3, cb*sb**3, sa*sb**3, ca**2*sb**2, cd*ca*sb**2, sc*ca*sb**2, sd*ca*sb**2, cc*ca*sb**2, cb*ca*sb**2, sa*ca*sb**2, cd**2*sb**2;['sa', 'cb', 'cc', 'sd', 'sc', 'cd', 'ca', 'sb']
179;cd;cd_sa_cc_ca_cb_sd_sc_sb;1623.9571412149817;6086;1047.19921875;cb**2, cc**2, cd*cc, sa**2, cd**2, cb*sd*sb, ca*sd*sb, cc*sd*sb, sa*sd*sb, cd*sd*sb, ca*cb*sb, cc*cb*sb, sa*cb*sb, cd*cb*sb, ca**2*sb, cc*ca*sb, sa*ca*sb, cd*ca*sb, sa*cc*sb, cd*sa*sb, sc**3, sd*sc**2, cb*sc**2, ca*sc**2, cc*sc**2, sa*sc**2, cd*sc**2, sd**2*sc, cb*sd*sc, ca*sd*sc, cc*sd*sc, sa*sd*sc, cd*sd*sc, ca*cb*sc, cc*cb*sc, sa*cb*sc, cd*cb*sc, ca**2*sc, cc*ca*sc, sa*ca*sc, cd*ca*sc, sa*cc*sc, cd*sa*sc, sd**3, cb*sd**2, ca*sd**2, cc*sd**2, sa*sd**2, cd*sd**2, ca*cb*sd, cc*cb*sd, sa*cb*sd, cd*cb*sd, ca**2*sd, cc*ca*sd, sa*ca*sd, cd*ca*sd, sa*cc*sd, cd*sa*sd, ca**2*cb, cc*ca*cb, sa*ca*cb, cd*ca*cb, sa*cc*cb, cd*sa*cb, ca**3, cc*ca**2, sa*ca**2, cd*ca**2, sa*cc*ca, cd*sa*ca, sb**4, sc*sb**3, sd*sb**3, cb*sb**3, ca*sb**3, cc*sb**3, sa*sb**3, cd*sb**3, sc**2*sb**2, sd*sc*sb**2, cb*sc*sb**2, ca*sc*sb**2, cc*sc*sb**2, sa*sc*sb**2, cd*sc*sb**2, sd**2*sb**2;['cd', 'sa', 'cc', 'ca', 'cb', 'sd', 'sc', 'sb']
180;sd;sd_cc_sc_sb_cd_cb_sa_ca;453.41741845197976;5366;1047.19921875;sa**2, sb**2, sd*sc, cc**2, sd**2, sb*cb*ca, sc*cb*ca, cc*cb*ca, sd*cb*ca, cd**2*ca, sb*cd*ca, sc*cd*ca, cc*cd*ca, sd*cd*ca, sc*sb*ca, cc*sb*ca, sd*sb*ca, sc**2*ca, cc*sc*ca, sd*cc*ca, cb**2*sa, cd*cb*sa, sb*cb*sa, sc*cb*sa, cc*cb*sa, sd*cb*sa, cd**2*sa, sb*cd*sa, sc*cd*sa, cc*cd*sa, sd*cd*sa, sc*sb*sa, cc*sb*sa, sd*sb*sa, sc**2*sa, cc*sc*sa, sd*cc*sa, cb**3, cd*cb**2, sb*cb**2, sc*cb**2, cc*cb**2, sd*cb**2, cd**2*cb, sb*cd*cb, sc*cd*cb, cc*cd*cb, sd*cd*cb, sc*sb*cb, cc*sb*cb, sd*sb*cb, sc**2*cb, cc*sc*cb, sd*cc*cb, cd**3, sb*cd**2, sc*cd**2, cc*cd**2, sd*cd**2, sc*sb*cd, cc*sb*cd, sd*sb*cd, sc**2*cd, cc*sc*cd, sd*cc*cd, sc**2*sb, cc*sc*sb, sd*cc*sb, sc**3, cc*sc**2, ca**4, sa*ca**3, cb*ca**3, cd*ca**3, sb*ca**3, sc*ca**3, cc*ca**3, sd*ca**3, cb*sa*ca**2, cd*sa*ca**2, sb*sa*ca**2, sc*sa*ca**2, cc*sa*ca**2, sd*sa*ca**2, cb**2*ca**2, cd*cb*ca**2;['sd', 'cc', 'sc', 'sb', 'cd', 'cb', 'sa', 'ca']
181;sd;sd_cd_sb_sc_ca_cc_sa_cb;640.5138899949379;6214;1056.296875;ca**2, sc**2, sd*sc, sb**2, sd**2, ca*cc*cb, sc*cc*cb, sb*cc*cb, cd*cc*cb, sd*cc*cb, sc*ca*cb, sb*ca*cb, cd*ca*cb, sd*ca*cb, sb*sc*cb, cd*sc*cb, cd*sb*cb, sd*sb*cb, cd**2*cb, sd*cd*cb, sa**3, cc*sa**2, ca*sa**2, sc*sa**2, sb*sa**2, cd*sa**2, sd*sa**2, cc**2*sa, ca*cc*sa, sc*cc*sa, sb*cc*sa, cd*cc*sa, sd*cc*sa, sc*ca*sa, sb*ca*sa, cd*ca*sa, sd*ca*sa, sb*sc*sa, cd*sc*sa, cd*sb*sa, sd*sb*sa, cd**2*sa, sd*cd*sa, cc**3, ca*cc**2, sc*cc**2, sb*cc**2, cd*cc**2, sd*cc**2, sc*ca*cc, sb*ca*cc, cd*ca*cc, sd*ca*cc, sb*sc*cc, cd*sc*cc, cd*sb*cc, sd*sb*cc, cd**2*cc, sd*cd*cc, sb*sc*ca, cd*sc*ca, cd*sb*ca, sd*sb*ca, cd**2*ca, sd*cd*ca, cd*sb*sc, cd**2*sc, cd**2*sb, sd*cd*sb, cd**3, sd*cd**2, cb**4, sa*cb**3, cc*cb**3, ca*cb**3, sc*cb**3, sb*cb**3, cd*cb**3, sd*cb**3, sa**2*cb**2, cc*sa*cb**2, ca*sa*cb**2, sc*sa*cb**2, sb*sa*cb**2, cd*sa*cb**2, sd*sa*cb**2, cc**2*cb**2;['sd', 'cd', 'sb', 'sc', 'ca', 'cc', 'sa', 'cb']
182;ca;ca_sb_sd_sc_cc_cb_cd_sa;552.3998371449998;6630;1056.296875;sc**2, sd*sc, sd**2, sb**2, ca**2, cc*cb*sa, sc*cb*sa, sd*cb*sa, sb*cb*sa, ca*cb*sa, cc**2*sa, sc*cc*sa, sd*cc*sa, sb*cc*sa, ca*cc*sa, sb*sc*sa, ca*sc*sa, sb*sd*sa, ca*sd*sa, ca*sb*sa, cd**3, cb*cd**2, cc*cd**2, sc*cd**2, sd*cd**2, sb*cd**2, ca*cd**2, cb**2*cd, cc*cb*cd, sc*cb*cd, sd*cb*cd, sb*cb*cd, ca*cb*cd, cc**2*cd, sc*cc*cd, sd*cc*cd, sb*cc*cd, ca*cc*cd, sb*sc*cd, ca*sc*cd, sb*sd*cd, ca*sd*cd, ca*sb*cd, cb**3, cc*cb**2, sc*cb**2, sd*cb**2, sb*cb**2, ca*cb**2, cc**2*cb, sc*cc*cb, sd*cc*cb, sb*cc*cb, ca*cc*cb, sb*sc*cb, ca*sc*cb, sb*sd*cb, ca*sd*cb, ca*sb*cb, cc**3, sc*cc**2, sd*cc**2, sb*cc**2, ca*cc**2, sb*sc*cc, ca*sc*cc, sb*sd*cc, ca*sd*cc, ca*sb*cc, ca*sb*sc, ca*sb*sd, sa**4, cd*sa**3, cb*sa**3, cc*sa**3, sc*sa**3, sd*sa**3, sb*sa**3, ca*sa**3, cd**2*sa**2, cb*cd*sa**2, cc*cd*sa**2, sc*cd*sa**2, sd*cd*sa**2, sb*cd*sa**2, ca*cd*sa**2, cb**2*sa**2;['ca', 'sb', 'sd', 'sc', 'cc', 'cb', 'cd', 'sa']
183;sc;sc_sd_sb_ca_cc_cd_cb_sa;506.8862976609962;6012;1054.33203125;ca**2, sb**2, sd**2, sc*sd, sc**2, cc*cd*sa, ca*cd*sa, sb*cd*sa, sd*cd*sa, sc*cd*sa, cc**2*sa, ca*cc*sa, sb*cc*sa, sd*cc*sa, sc*cc*sa, sb*ca*sa, sd*ca*sa, sc*ca*sa, sd*sb*sa, sc*sb*sa, cb**3, cd*cb**2, cc*cb**2, ca*cb**2, sb*cb**2, sd*cb**2, sc*cb**2, cd**2*cb, cc*cd*cb, ca*cd*cb, sb*cd*cb, sd*cd*cb, sc*cd*cb, cc**2*cb, ca*cc*cb, sb*cc*cb, sd*cc*cb, sc*cc*cb, sb*ca*cb, sd*ca*cb, sc*ca*cb, sd*sb*cb, sc*sb*cb, cd**3, cc*cd**2, ca*cd**2, sb*cd**2, sd*cd**2, sc*cd**2, cc**2*cd, ca*cc*cd, sb*cc*cd, sd*cc*cd, sc*cc*cd, sb*ca*cd, sd*ca*cd, sc*ca*cd, sd*sb*cd, sc*sb*cd, cc**3, ca*cc**2, sb*cc**2, sd*cc**2, sc*cc**2, sb*ca*cc, sd*ca*cc, sc*ca*cc, sd*sb*cc, sc*sb*cc, sd*sb*ca, sc*sb*ca, sa**4, cb*sa**3, cd*sa**3, cc*sa**3, ca*sa**3, sb*sa**3, sd*sa**3, sc*sa**3, cb**2*sa**2, cd*cb*sa**2, cc*cb*sa**2, ca*cb*sa**2, sb*cb*sa**2, sd*cb*sa**2, sc*cb*sa**2, cd**2*sa**2;['sc', 'sd', 'sb', 'ca', 'cc', 'cd', 'cb', 'sa']
184;sa;sa_cc_cd_sc_sb_ca_cb_sd;571.1120287769008;7121;1051.37890625;sb**2, cd**2, cc*cd, cc**2, sa**2, sb*ca*sd, sc*ca*sd, cd*ca*sd, cc*ca*sd, sa*ca*sd, sc*sb*sd, cd*sb*sd, cc*sb*sd, sa*sb*sd, sc**2*sd, cd*sc*sd, cc*sc*sd, sa*sc*sd, sa*cd*sd, sa*cc*sd, cb**3, ca*cb**2, sb*cb**2, sc*cb**2, cd*cb**2, cc*cb**2, sa*cb**2, ca**2*cb, sb*ca*cb, sc*ca*cb, cd*ca*cb, cc*ca*cb, sa*ca*cb, sc*sb*cb, cd*sb*cb, cc*sb*cb, sa*sb*cb, sc**2*cb, cd*sc*cb, cc*sc*cb, sa*sc*cb, sa*cd*cb, sa*cc*cb, ca**3, sb*ca**2, sc*ca**2, cd*ca**2, cc*ca**2, sa*ca**2, sc*sb*ca, cd*sb*ca, cc*sb*ca, sa*sb*ca, sc**2*ca, cd*sc*ca, cc*sc*ca, sa*sc*ca, sa*cd*ca, sa*cc*ca, sc**2*sb, cd*sc*sb, cc*sc*sb, sa*sc*sb, sa*cd*sb, sa*cc*sb, sc**3, cd*sc**2, cc*sc**2, sa*sc**2, sa*cd*sc, sa*cc*sc, sd**4, cb*sd**3, ca*sd**3, sb*sd**3, sc*sd**3, cd*sd**3, cc*sd**3, sa*sd**3, cb**2*sd**2, ca*cb*sd**2, sb*cb*sd**2, sc*cb*sd**2, cd*cb*sd**2, cc*cb*sd**2, sa*cb*sd**2, ca**2*sd**2;['sa', 'cc', 'cd', 'sc', 'sb', 'ca', 'cb', 'sd']
185;sb;sb_ca_cc_sd_sa_cb_sc_cd;380.59756555303466;5241;1049.41015625;sd*sc, sd**2, cc**2, ca**2, sb**2, sc**2*cd, cc*sc*cd, ca*cb*cd, sb*cb*cd, sa**2*cd, sd*sa*cd, cc*sa*cd, ca*sa*cd, sb*sa*cd, cc*sd*cd, ca*sd*cd, sb*sd*cd, ca*cc*cd, sb*cc*cd, sb*ca*cd, sc**3, cb*sc**2, sa*sc**2, cc*sc**2, ca*sc**2, sb*sc**2, cb**2*sc, sa*cb*sc, cc*cb*sc, ca*cb*sc, sb*cb*sc, sa**2*sc, cc*sa*sc, ca*sa*sc, sb*sa*sc, ca*cc*sc, sb*cc*sc, sb*ca*sc, cb**3, sa*cb**2, sd*cb**2, cc*cb**2, ca*cb**2, sb*cb**2, sa**2*cb, sd*sa*cb, cc*sa*cb, ca*sa*cb, sb*sa*cb, cc*sd*cb, ca*sd*cb, sb*sd*cb, ca*cc*cb, sb*cc*cb, sb*ca*cb, sa**3, sd*sa**2, cc*sa**2, ca*sa**2, sb*sa**2, cc*sd*sa, ca*sd*sa, sb*sd*sa, ca*cc*sa, sb*cc*sa, sb*ca*sa, ca*cc*sd, sb*cc*sd, sb*ca*sd, sb*ca*cc, cd**4, sc*cd**3, cb*cd**3, sa*cd**3, sd*cd**3, cc*cd**3, ca*cd**3, sb*cd**3, cb*sc*cd**2, sa*sc*cd**2, ca*sc*cd**2, sb*sc*cd**2, cb**2*cd**2, sa*cb*cd**2, sd*cb*cd**2, cc*cb*cd**2;['sb', 'ca', 'cc', 'sd', 'sa', 'cb', 'sc', 'cd']
186;cb;cb_sb_ca_sc_sd_cd_cc_sa;1362.1156418710016;6276;1049.41015625;sd**2, sc*sd, sc**2, ca**2, cb**2, sd*cd*sa, sc*cd*sa, ca*cd*sa, sb*cd*sa, cb*cd*sa, ca*sd*sa, sb*sd*sa, cb*sd*sa, ca*sc*sa, sb*sc*sa, cb*sc*sa, sb*ca*sa, cb*ca*sa, sb**2*sa, cb*sb*sa, cc**3, cd*cc**2, sd*cc**2, sc*cc**2, ca*cc**2, sb*cc**2, cb*cc**2, cd**2*cc, sd*cd*cc, sc*cd*cc, ca*cd*cc, sb*cd*cc, cb*cd*cc, ca*sd*cc, sb*sd*cc, cb*sd*cc, ca*sc*cc, sb*sc*cc, cb*sc*cc, sb*ca*cc, cb*ca*cc, sb**2*cc, cb*sb*cc, cd**3, sd*cd**2, sc*cd**2, ca*cd**2, sb*cd**2, cb*cd**2, ca*sd*cd, sb*sd*cd, cb*sd*cd, ca*sc*cd, sb*sc*cd, cb*sc*cd, sb*ca*cd, cb*ca*cd, sb**2*cd, cb*sb*cd, sb*ca*sd, cb*ca*sd, sb**2*sd, cb*sb*sd, sb*ca*sc, cb*ca*sc, sb**2*sc, cb*sb*sc, sb**2*ca, cb*sb*ca, sb**3, cb*sb**2, sa**4, cc*sa**3, cd*sa**3, sd*sa**3, sc*sa**3, ca*sa**3, sb*sa**3, cb*sa**3, cc**2*sa**2, cd*cc*sa**2, sd*cc*sa**2, sc*cc*sa**2, ca*cc*sa**2, sb*cc*sa**2, cb*cc*sa**2, cd**2*sa**2;['cb', 'sb', 'ca', 'sc', 'sd', 'cd', 'cc', 'sa']
187;ca;ca_sa_sb_sd_cc_cb_cd_sc;376.9212235599989;5186;1048.42578125;cc*cd, cc**2, sd**2, sb**2, ca**2, cd**2*sc, sd*cd*sc, sa*cb*sc, ca*cb*sc, sd*cc*sc, sb*cc*sc, sa*cc*sc, ca*cc*sc, sb*sd*sc, sa*sd*sc, ca*sd*sc, sa*sb*sc, ca*sb*sc, sa**2*sc, ca*sa*sc, cd**3, cb*cd**2, sd*cd**2, sb*cd**2, sa*cd**2, ca*cd**2, cb**2*cd, sd*cb*cd, sb*cb*cd, sa*cb*cd, ca*cb*cd, sb*sd*cd, sa*sd*cd, ca*sd*cd, sa*sb*cd, ca*sb*cd, sa**2*cd, ca*sa*cd, cb**3, cc*cb**2, sd*cb**2, sb*cb**2, sa*cb**2, ca*cb**2, sd*cc*cb, sb*cc*cb, sa*cc*cb, ca*cc*cb, sb*sd*cb, sa*sd*cb, ca*sd*cb, sa*sb*cb, ca*sb*cb, sa**2*cb, ca*sa*cb, sb*sd*cc, sa*sd*cc, ca*sd*cc, sa*sb*cc, ca*sb*cc, sa**2*cc, ca*sa*cc, sa*sb*sd, ca*sb*sd, sa**2*sd, ca*sa*sd, sa**2*sb, ca*sa*sb, sa**3, ca*sa**2, sc**4, cd*sc**3, cb*sc**3, cc*sc**3, sd*sc**3, sb*sc**3, sa*sc**3, ca*sc**3, cb*cd*sc**2, sb*cd*sc**2, sa*cd*sc**2, ca*cd*sc**2, cb**2*sc**2, cc*cb*sc**2, sd*cb*sc**2, sb*cb*sc**2;['ca', 'sa', 'sb', 'sd', 'cc', 'cb', 'cd', 'sc']
188;sc;sc_cc_cd_sa_cb_ca_sb_sd;697.0175303070573;6044;1048.42578125;cb**2, sa**2, cd**2, cc*cd, sc**2, cb*ca*sd, sa*ca*sd, cd*ca*sd, cc*ca*sd, sc*ca*sd, sa*cb*sd, cd*cb*sd, cc*cb*sd, sc*cb*sd, cd*sa*sd, cc*sa*sd, sc*sa*sd, sc*cd*sd, cc**2*sd, sc*cc*sd, sb**3, ca*sb**2, cb*sb**2, sa*sb**2, cd*sb**2, cc*sb**2, sc*sb**2, ca**2*sb, cb*ca*sb, sa*ca*sb, cd*ca*sb, cc*ca*sb, sc*ca*sb, sa*cb*sb, cd*cb*sb, cc*cb*sb, sc*cb*sb, cd*sa*sb, cc*sa*sb, sc*sa*sb, sc*cd*sb, cc**2*sb, sc*cc*sb, ca**3, cb*ca**2, sa*ca**2, cd*ca**2, cc*ca**2, sc*ca**2, sa*cb*ca, cd*cb*ca, cc*cb*ca, sc*cb*ca, cd*sa*ca, cc*sa*ca, sc*sa*ca, sc*cd*ca, cc**2*ca, sc*cc*ca, cd*sa*cb, cc*sa*cb, sc*sa*cb, sc*cd*cb, cc**2*cb, sc*cc*cb, sc*cd*sa, cc**2*sa, sc*cc*sa, cc**3, sc*cc**2, sd**4, sb*sd**3, ca*sd**3, cb*sd**3, sa*sd**3, cd*sd**3, cc*sd**3, sc*sd**3, sb**2*sd**2, ca*sb*sd**2, cb*sb*sd**2, sa*sb*sd**2, cd*sb*sd**2, cc*sb*sd**2, sc*sb*sd**2, ca**2*sd**2;['sc', 'cc', 'cd', 'sa', 'cb', 'ca', 'sb', 'sd']
189;cc;cc_cd_sa_sb_ca_sc_sd_cb;1149.923598511028;5927;1048.42578125;sb**2, sa**2, cd**2, cc*cd, cc**2, ca*sc*cb, sb*sc*cb, sa*sc*cb, cd*sc*cb, cc*sc*cb, ca**2*cb, sb*ca*cb, sa*ca*cb, cd*ca*cb, cc*ca*cb, sa*sb*cb, cd*sb*cb, cc*sb*cb, cd*sa*cb, cc*sa*cb, sd**3, sc*sd**2, ca*sd**2, sb*sd**2, sa*sd**2, cd*sd**2, cc*sd**2, sc**2*sd, ca*sc*sd, sb*sc*sd, sa*sc*sd, cd*sc*sd, cc*sc*sd, ca**2*sd, sb*ca*sd, sa*ca*sd, cd*ca*sd, cc*ca*sd, sa*sb*sd, cd*sb*sd, cc*sb*sd, cd*sa*sd, cc*sa*sd, sc**3, ca*sc**2, sb*sc**2, sa*sc**2, cd*sc**2, cc*sc**2, ca**2*sc, sb*ca*sc, sa*ca*sc, cd*ca*sc, cc*ca*sc, sa*sb*sc, cd*sb*sc, cc*sb*sc, cd*sa*sc, cc*sa*sc, ca**3, sb*ca**2, sa*ca**2, cd*ca**2, cc*ca**2, sa*sb*ca, cd*sb*ca, cc*sb*ca, cd*sa*ca, cc*sa*ca, cd*sa*sb, cc*sa*sb, cb**4, sd*cb**3, sc*cb**3, ca*cb**3, sb*cb**3, sa*cb**3, cd*cb**3, cc*cb**3, sd**2*cb**2, sc*sd*cb**2, ca*sd*cb**2, sb*sd*cb**2, sa*sd*cb**2, cd*sd*cb**2, cc*sd*cb**2, sc**2*cb**2;['cc', 'cd', 'sa', 'sb', 'ca', 'sc', 'sd', 'cb']
190;sc;sc_sa_ca_sb_cb_cc_sd_cd;280.2113374110777;5183;1048.42578125;sd**2, sc*sd, sb**2, sa**2, sc**2, cc*sd*cd, cc**2*cd, sc*cc*cd, cb**2*cd, sb*cb*cd, ca*cb*cd, sa*cb*cd, sc*cb*cd, ca*sb*cd, sa*sb*cd, sc*sb*cd, ca**2*cd, sa*ca*cd, sc*ca*cd, sc*sa*cd, cc**2*sd, cb*cc*sd, sb*cc*sd, ca*cc*sd, sa*cc*sd, cb**2*sd, sb*cb*sd, ca*cb*sd, sa*cb*sd, ca*sb*sd, sa*sb*sd, ca**2*sd, sa*ca*sd, cc**3, cb*cc**2, sb*cc**2, ca*cc**2, sa*cc**2, sc*cc**2, cb**2*cc, sb*cb*cc, ca*cb*cc, sa*cb*cc, sc*cb*cc, ca*sb*cc, sa*sb*cc, sc*sb*cc, ca**2*cc, sa*ca*cc, sc*ca*cc, sc*sa*cc, cb**3, sb*cb**2, ca*cb**2, sa*cb**2, sc*cb**2, ca*sb*cb, sa*sb*cb, sc*sb*cb, ca**2*cb, sa*ca*cb, sc*ca*cb, sc*sa*cb, ca**2*sb, sa*ca*sb, sc*ca*sb, sc*sa*sb, ca**3, sa*ca**2, sc*ca**2, sc*sa*ca, cd**4, sd*cd**3, cc*cd**3, cb*cd**3, sb*cd**3, ca*cd**3, sa*cd**3, sc*cd**3, cb*sd*cd**2, sb*sd*cd**2, ca*sd*cd**2, sa*sd*cd**2, cb*cc*cd**2, sb*cc*cd**2, ca*cc*cd**2, sa*cc*cd**2;['sc', 'sa', 'ca', 'sb', 'cb', 'cc', 'sd', 'cd']
191;ca;ca_sd_sc_cb_cd_cc_sb_sa;524.8033427849878;5793;1051.13671875;cb**2, sc**2, sd*sc, sd**2, ca**2, cd*cc*sa, cb*cc*sa, sc*cc*sa, sd*cc*sa, ca*cc*sa, cd**2*sa, cb*cd*sa, sc*cd*sa, sd*cd*sa, ca*cd*sa, sc*cb*sa, sd*cb*sa, ca*cb*sa, ca*sc*sa, ca*sd*sa, sb**3, cc*sb**2, cd*sb**2, cb*sb**2, sc*sb**2, sd*sb**2, ca*sb**2, cc**2*sb, cd*cc*sb, cb*cc*sb, sc*cc*sb, sd*cc*sb, ca*cc*sb, cd**2*sb, cb*cd*sb, sc*cd*sb, sd*cd*sb, ca*cd*sb, sc*cb*sb, sd*cb*sb, ca*cb*sb, ca*sc*sb, ca*sd*sb, cc**3, cd*cc**2, cb*cc**2, sc*cc**2, sd*cc**2, ca*cc**2, cd**2*cc, cb*cd*cc, sc*cd*cc, sd*cd*cc, ca*cd*cc, sc*cb*cc, sd*cb*cc, ca*cb*cc, ca*sc*cc, ca*sd*cc, cd**3, cb*cd**2, sc*cd**2, sd*cd**2, ca*cd**2, sc*cb*cd, sd*cb*cd, ca*cb*cd, ca*sc*cd, ca*sd*cd, ca*sc*cb, ca*sd*cb, sa**4, sb*sa**3, cc*sa**3, cd*sa**3, cb*sa**3, sc*sa**3, sd*sa**3, ca*sa**3, sb**2*sa**2, cc*sb*sa**2, cd*sb*sa**2, cb*sb*sa**2, sc*sb*sa**2, sd*sb*sa**2, ca*sb*sa**2, cc**2*sa**2;['ca', 'sd', 'sc', 'cb', 'cd', 'cc', 'sb', 'sa']
192;cd;cd_cb_cc_sa_sc_ca_sb_sd;635.0890969070606;7660;1052.0078125;sa**2, cc**2, cd*cc, cb**2, cd**2, sc*ca*sd, sa*ca*sd, cc*ca*sd, cb*ca*sd, cd*ca*sd, sc**2*sd, sa*sc*sd, cc*sc*sd, cb*sc*sd, cd*sc*sd, cc*sa*sd, cb*sa*sd, cd*sa*sd, cb*cc*sd, cd*cb*sd, sb**3, ca*sb**2, sc*sb**2, sa*sb**2, cc*sb**2, cb*sb**2, cd*sb**2, ca**2*sb, sc*ca*sb, sa*ca*sb, cc*ca*sb, cb*ca*sb, cd*ca*sb, sc**2*sb, sa*sc*sb, cc*sc*sb, cb*sc*sb, cd*sc*sb, cc*sa*sb, cb*sa*sb, cd*sa*sb, cb*cc*sb, cd*cb*sb, ca**3, sc*ca**2, sa*ca**2, cc*ca**2, cb*ca**2, cd*ca**2, sc**2*ca, sa*sc*ca, cc*sc*ca, cb*sc*ca, cd*sc*ca, cc*sa*ca, cb*sa*ca, cd*sa*ca, cb*cc*ca, cd*cb*ca, sc**3, sa*sc**2, cc*sc**2, cb*sc**2, cd*sc**2, cc*sa*sc, cb*sa*sc, cd*sa*sc, cb*cc*sc, cd*cb*sc, cb*cc*sa, cd*cb*sa, sd**4, sb*sd**3, ca*sd**3, sc*sd**3, sa*sd**3, cc*sd**3, cb*sd**3, cd*sd**3, sb**2*sd**2, ca*sb*sd**2, sc*sb*sd**2, sa*sb*sd**2, cc*sb*sd**2, cb*sb*sd**2, cd*sb*sd**2, ca**2*sd**2;['cd', 'cb', 'cc', 'sa', 'sc', 'ca', 'sb', 'sd']
193;cd;cd_sc_cc_sb_ca_sd_sa_cb;996.089475258952;6293;1052.0078125;ca**2, sb**2, cd*cc, sc**2, cd**2, ca*sd*cb, sb*sd*cb, cc*sd*cb, sc*sd*cb, cd*sd*cb, sb*ca*cb, cc*ca*cb, sc*ca*cb, cd*ca*cb, cc*sb*cb, sc*sb*cb, cd*sb*cb, cc**2*cb, sc*cc*cb, cd*sc*cb, sa**3, sd*sa**2, ca*sa**2, sb*sa**2, cc*sa**2, sc*sa**2, cd*sa**2, sd**2*sa, ca*sd*sa, sb*sd*sa, cc*sd*sa, sc*sd*sa, cd*sd*sa, sb*ca*sa, cc*ca*sa, sc*ca*sa, cd*ca*sa, cc*sb*sa, sc*sb*sa, cd*sb*sa, cc**2*sa, sc*cc*sa, cd*sc*sa, sd**3, ca*sd**2, sb*sd**2, cc*sd**2, sc*sd**2, cd*sd**2, sb*ca*sd, cc*ca*sd, sc*ca*sd, cd*ca*sd, cc*sb*sd, sc*sb*sd, cd*sb*sd, cc**2*sd, sc*cc*sd, cd*sc*sd, cc*sb*ca, sc*sb*ca, cd*sb*ca, cc**2*ca, sc*cc*ca, cd*sc*ca, cc**2*sb, sc*cc*sb, cd*sc*sb, cc**3, sc*cc**2, cb**4, sa*cb**3, sd*cb**3, ca*cb**3, sb*cb**3, cc*cb**3, sc*cb**3, cd*cb**3, sa**2*cb**2, sd*sa*cb**2, ca*sa*cb**2, sb*sa*cb**2, cc*sa*cb**2, sc*sa*cb**2, cd*sa*cb**2, sd**2*cb**2;['cd', 'sc', 'cc', 'sb', 'ca', 'sd', 'sa', 'cb']
194;cc;cc_sd_sb_cd_ca_sa_sc_cb;912.0377596730832;7126;1052.0078125;ca**2, cc*cd, sb**2, sd**2, cc**2, ca*sa*cb, cd*sa*cb, sb*sa*cb, sd*sa*cb, cc*sa*cb, cd*ca*cb, sb*ca*cb, sd*ca*cb, cc*ca*cb, cd**2*cb, sb*cd*cb, sd*cd*cb, sd*sb*cb, cc*sb*cb, cc*sd*cb, sc**3, sa*sc**2, ca*sc**2, cd*sc**2, sb*sc**2, sd*sc**2, cc*sc**2, sa**2*sc, ca*sa*sc, cd*sa*sc, sb*sa*sc, sd*sa*sc, cc*sa*sc, cd*ca*sc, sb*ca*sc, sd*ca*sc, cc*ca*sc, cd**2*sc, sb*cd*sc, sd*cd*sc, sd*sb*sc, cc*sb*sc, cc*sd*sc, sa**3, ca*sa**2, cd*sa**2, sb*sa**2, sd*sa**2, cc*sa**2, cd*ca*sa, sb*ca*sa, sd*ca*sa, cc*ca*sa, cd**2*sa, sb*cd*sa, sd*cd*sa, sd*sb*sa, cc*sb*sa, cc*sd*sa, cd**2*ca, sb*cd*ca, sd*cd*ca, sd*sb*ca, cc*sb*ca, cc*sd*ca, cd**3, sb*cd**2, sd*cd**2, sd*sb*cd, cc*sd*sb, cb**4, sc*cb**3, sa*cb**3, ca*cb**3, cd*cb**3, sb*cb**3, sd*cb**3, cc*cb**3, sc**2*cb**2, sa*sc*cb**2, ca*sc*cb**2, cd*sc*cb**2, sb*sc*cb**2, sd*sc*cb**2, cc*sc*cb**2, sa**2*cb**2;['cc', 'sd', 'sb', 'cd', 'ca', 'sa', 'sc', 'cb']
195;cb;cb_cc_cd_sc_sb_sa_sd_ca;1492.6028002660023;6459;1051.0234375;sa**2, cd**2, cc*cd, cc**2, cb**2, sc*sa*ca, cd*sa*ca, cc*sa*ca, cb*sa*ca, sb**2*ca, sc*sb*ca, cd*sb*ca, cc*sb*ca, cb*sb*ca, sc**2*ca, cd*sc*ca, cc*sc*ca, cb*sc*ca, cb*cd*ca, cb*cc*ca, sd**3, sa*sd**2, sb*sd**2, sc*sd**2, cd*sd**2, cc*sd**2, cb*sd**2, sb*sa*sd, sc*sa*sd, cd*sa*sd, cc*sa*sd, cb*sa*sd, sb**2*sd, sc*sb*sd, cd*sb*sd, cc*sb*sd, cb*sb*sd, sc**2*sd, cd*sc*sd, cc*sc*sd, cb*sc*sd, cb*cd*sd, cb*cc*sd, sb**2*sa, sc*sb*sa, cd*sb*sa, cc*sb*sa, cb*sb*sa, sc**2*sa, cd*sc*sa, cc*sc*sa, cb*sc*sa, cb*cd*sa, cb*cc*sa, sb**3, sc*sb**2, cd*sb**2, cc*sb**2, cb*sb**2, sc**2*sb, cd*sc*sb, cc*sc*sb, cb*sc*sb, cb*cd*sb, cb*cc*sb, sc**3, cd*sc**2, cc*sc**2, cb*sc**2, cb*cd*sc, cb*cc*sc, ca**4, sd*ca**3, sa*ca**3, sb*ca**3, sc*ca**3, cd*ca**3, cc*ca**3, cb*ca**3, sd**2*ca**2, sa*sd*ca**2, sb*sd*ca**2, sc*sd*ca**2, cd*sd*ca**2, cc*sd*ca**2, cb*sd*ca**2, sb*sa*ca**2;['cb', 'cc', 'cd', 'sc', 'sb', 'sa', 'sd', 'ca']
196;cd;cd_cc_cb_sd_ca_sc_sa_sb;1058.096751842997;6319;1051.0234375;ca**2, cb**2, cc**2, cd*cc, cd**2, ca*sc*sb, sd*sc*sb, cb*sc*sb, cc*sc*sb, cd*sc*sb, sd*ca*sb, cb*ca*sb, cc*ca*sb, cd*ca*sb, sd**2*sb, cb*sd*sb, cc*sd*sb, cd*sd*sb, cc*cb*sb, cd*cb*sb, sa**3, sc*sa**2, ca*sa**2, sd*sa**2, cb*sa**2, cc*sa**2, cd*sa**2, sc**2*sa, ca*sc*sa, sd*sc*sa, cb*sc*sa, cc*sc*sa, cd*sc*sa, sd*ca*sa, cb*ca*sa, cc*ca*sa, cd*ca*sa, sd**2*sa, cb*sd*sa, cc*sd*sa, cd*sd*sa, cc*cb*sa, cd*cb*sa, sc**3, ca*sc**2, sd*sc**2, cb*sc**2, cc*sc**2, cd*sc**2, sd*ca*sc, cb*ca*sc, cc*ca*sc, cd*ca*sc, sd**2*sc, cb*sd*sc, cc*sd*sc, cd*sd*sc, cc*cb*sc, cd*cb*sc, sd**2*ca, cb*sd*ca, cc*sd*ca, cd*sd*ca, cc*cb*ca, cd*cb*ca, sd**3, cb*sd**2, cc*sd**2, cd*sd**2, cc*cb*sd, cd*cb*sd, sb**4, sa*sb**3, sc*sb**3, ca*sb**3, sd*sb**3, cb*sb**3, cc*sb**3, cd*sb**3, sa**2*sb**2, sc*sa*sb**2, ca*sa*sb**2, sd*sa*sb**2, cb*sa*sb**2, cc*sa*sb**2, cd*sa*sb**2, sc**2*sb**2;['cd', 'cc', 'cb', 'sd', 'ca', 'sc', 'sa', 'sb']
197;cd;cd_ca_sb_sc_cb_sa_sd_cc;861.3319879380288;5507;1050.0390625;sc*sd, sc**2, sb**2, ca**2, cd**2, sd**2*cc, cd*sd*cc, ca*sa*cc, cd*sa*cc, cb**2*cc, sc*cb*cc, sb*cb*cc, ca*cb*cc, cd*cb*cc, sb*sc*cc, ca*sc*cc, cd*sc*cc, ca*sb*cc, cd*sb*cc, cd*ca*cc, sd**3, sa*sd**2, cb*sd**2, sb*sd**2, ca*sd**2, cd*sd**2, sa**2*sd, cb*sa*sd, sb*sa*sd, ca*sa*sd, cd*sa*sd, cb**2*sd, sb*cb*sd, ca*cb*sd, cd*cb*sd, ca*sb*sd, cd*sb*sd, cd*ca*sd, sa**3, cb*sa**2, sc*sa**2, sb*sa**2, ca*sa**2, cd*sa**2, cb**2*sa, sc*cb*sa, sb*cb*sa, ca*cb*sa, cd*cb*sa, sb*sc*sa, ca*sc*sa, cd*sc*sa, ca*sb*sa, cd*sb*sa, cd*ca*sa, cb**3, sc*cb**2, sb*cb**2, ca*cb**2, cd*cb**2, sb*sc*cb, ca*sc*cb, cd*sc*cb, ca*sb*cb, cd*sb*cb, cd*ca*cb, ca*sb*sc, cd*sb*sc, cd*ca*sc, cd*ca*sb, cc**4, sd*cc**3, sa*cc**3, cb*cc**3, sc*cc**3, sb*cc**3, ca*cc**3, cd*cc**3, sa*sd*cc**2, cb*sd*cc**2, sb*sd*cc**2, ca*sd*cc**2, sa**2*cc**2, cb*sa*cc**2, sc*sa*cc**2, sb*sa*cc**2;['cd', 'ca', 'sb', 'sc', 'cb', 'sa', 'sd', 'cc']
198;sd;sd_cd_sb_sc_cb_sa_cc_ca;10067.828492393019;6622;1589.171875;sa**2, sc**2, sd*sc, sb**2, sd**2, sc*sa*ca, sb*sa*ca, cd*sa*ca, sd*sa*ca, cb**2*ca, sc*cb*ca, sb*cb*ca, cd*cb*ca, sd*cb*ca, sb*sc*ca, cd*sc*ca, cd*sb*ca, sd*sb*ca, cd**2*ca, sd*cd*ca, cc**3, sa*cc**2, cb*cc**2, sc*cc**2, sb*cc**2, cd*cc**2, sd*cc**2, cb*sa*cc, sc*sa*cc, sb*sa*cc, cd*sa*cc, sd*sa*cc, cb**2*cc, sc*cb*cc, sb*cb*cc, cd*cb*cc, sd*cb*cc, sb*sc*cc, cd*sc*cc, cd*sb*cc, sd*sb*cc, cd**2*cc, sd*cd*cc, cb**2*sa, sc*cb*sa, sb*cb*sa, cd*cb*sa, sd*cb*sa, sb*sc*sa, cd*sc*sa, cd*sb*sa, sd*sb*sa, cd**2*sa, sd*cd*sa, cb**3, sc*cb**2, sb*cb**2, cd*cb**2, sd*cb**2, sb*sc*cb, cd*sc*cb, cd*sb*cb, sd*sb*cb, cd**2*cb, sd*cd*cb, cd*sb*sc, cd**2*sc, cd**2*sb, sd*cd*sb, cd**3, sd*cd**2, ca**4, cc*ca**3, sa*ca**3, cb*ca**3, sc*ca**3, sb*ca**3, cd*ca**3, sd*ca**3, cc**2*ca**2, sa*cc*ca**2, cb*cc*ca**2, sc*cc*ca**2, sb*cc*ca**2, cd*cc*ca**2, sd*cc*ca**2, cb*sa*ca**2;['sd', 'cd', 'sb', 'sc', 'cb', 'sa', 'cc', 'ca']
199;sa;sa_sc_cd_cc_sb_ca_cb_sd;716.9070974569768;6210;1589.171875;sb**2, cd*cc, cd**2, sc**2, sa**2, sb*ca*sd, cc*ca*sd, cd*ca*sd, sc*ca*sd, sa*ca*sd, cc*sb*sd, cd*sb*sd, sc*sb*sd, sa*sb*sd, cc**2*sd, sc*cc*sd, sa*cc*sd, sc*cd*sd, sa*cd*sd, sa*sc*sd, cb**3, ca*cb**2, sb*cb**2, cc*cb**2, cd*cb**2, sc*cb**2, sa*cb**2, ca**2*cb, sb*ca*cb, cc*ca*cb, cd*ca*cb, sc*ca*cb, sa*ca*cb, cc*sb*cb, cd*sb*cb, sc*sb*cb, sa*sb*cb, cc**2*cb, sc*cc*cb, sa*cc*cb, sc*cd*cb, sa*cd*cb, sa*sc*cb, ca**3, sb*ca**2, cc*ca**2, cd*ca**2, sc*ca**2, sa*ca**2, cc*sb*ca, cd*sb*ca, sc*sb*ca, sa*sb*ca, cc**2*ca, sc*cc*ca, sa*cc*ca, sc*cd*ca, sa*cd*ca, sa*sc*ca, cc**2*sb, sc*cc*sb, sa*cc*sb, sc*cd*sb, sa*cd*sb, sa*sc*sb, cc**3, sc*cc**2, sa*cc**2, sa*sc*cc, sa*sc*cd, sd**4, cb*sd**3, ca*sd**3, sb*sd**3, cc*sd**3, cd*sd**3, sc*sd**3, sa*sd**3, cb**2*sd**2, ca*cb*sd**2, sb*cb*sd**2, cc*cb*sd**2, cd*cb*sd**2, sc*cb*sd**2, sa*cb*sd**2, ca**2*sd**2;['sa', 'sc', 'cd', 'cc', 'sb', 'ca', 'cb', 'sd']
200;cc;cc_sd_sa_sc_sb_cd_cb_ca;589.1295243269997;5564;1221.3203125;sb**2, sd*sc, sa**2, sd**2, cc**2, sb*cd*ca, sc*cd*ca, sa*cd*ca, sd*cd*ca, cc*cd*ca, sc*sb*ca, sa*sb*ca, sd*sb*ca, cc*sb*ca, sc**2*ca, sa*sc*ca, cc*sc*ca, sd*sa*ca, cc*sa*ca, cc*sd*ca, cb**3, cd*cb**2, sb*cb**2, sc*cb**2, sa*cb**2, sd*cb**2, cc*cb**2, cd**2*cb, sb*cd*cb, sc*cd*cb, sa*cd*cb, sd*cd*cb, cc*cd*cb, sc*sb*cb, sa*sb*cb, sd*sb*cb, cc*sb*cb, sc**2*cb, sa*sc*cb, cc*sc*cb, sd*sa*cb, cc*sa*cb, cc*sd*cb, cd**3, sb*cd**2, sc*cd**2, sa*cd**2, sd*cd**2, cc*cd**2, sc*sb*cd, sa*sb*cd, sd*sb*cd, cc*sb*cd, sc**2*cd, sa*sc*cd, cc*sc*cd, sd*sa*cd, cc*sa*cd, cc*sd*cd, sc**2*sb, sa*sc*sb, cc*sc*sb, sd*sa*sb, cc*sa*sb, cc*sd*sb, sc**3, sa*sc**2, cc*sc**2, cc*sa*sc, cc*sd*sa, ca**4, cb*ca**3, cd*ca**3, sb*ca**3, sc*ca**3, sa*ca**3, sd*ca**3, cc*ca**3, cb**2*ca**2, cd*cb*ca**2, sb*cb*ca**2, sc*cb*ca**2, sa*cb*ca**2, sd*cb*ca**2, cc*cb*ca**2, cd**2*ca**2;['cc', 'sd', 'sa', 'sc', 'sb', 'cd', 'cb', 'ca']
201;sa;sa_cc_ca_sd_cb_sc_sb_cd;577.4610717879841;5791;1050.15234375;sd*sc, cb**2, sd**2, cc**2, sa**2, sc**2*cd, ca*sc*cd, cc*sc*cd, sa*sc*cd, sd*cb*cd, ca*cb*cd, cc*cb*cd, sa*cb*cd, ca*sd*cd, cc*sd*cd, sa*sd*cd, ca**2*cd, cc*ca*cd, sa*ca*cd, sa*cc*cd, sb**3, sc*sb**2, cb*sb**2, sd*sb**2, ca*sb**2, cc*sb**2, sa*sb**2, sc**2*sb, cb*sc*sb, ca*sc*sb, cc*sc*sb, sa*sc*sb, sd*cb*sb, ca*cb*sb, cc*cb*sb, sa*cb*sb, ca*sd*sb, cc*sd*sb, sa*sd*sb, ca**2*sb, cc*ca*sb, sa*ca*sb, sa*cc*sb, sc**3, cb*sc**2, ca*sc**2, cc*sc**2, sa*sc**2, ca*cb*sc, cc*cb*sc, sa*cb*sc, ca**2*sc, cc*ca*sc, sa*ca*sc, sa*cc*sc, ca*sd*cb, cc*sd*cb, sa*sd*cb, ca**2*cb, cc*ca*cb, sa*ca*cb, sa*cc*cb, ca**2*sd, cc*ca*sd, sa*ca*sd, sa*cc*sd, ca**3, cc*ca**2, sa*ca**2, sa*cc*ca, cd**4, sb*cd**3, sc*cd**3, cb*cd**3, sd*cd**3, ca*cd**3, cc*cd**3, sa*cd**3, sb**2*cd**2, sc*sb*cd**2, cb*sb*cd**2, sd*sb*cd**2, ca*sb*cd**2, cc*sb*cd**2, sa*sb*cd**2, cb*sc*cd**2;['sa', 'cc', 'ca', 'sd', 'cb', 'sc', 'sb', 'cd']
202;cd;cd_cb_cc_sc_ca_sa_sd_sb;889.8304154559737;6502;1050.15234375;ca**2, cc**2, cd*cc, cb**2, cd**2, ca*sa*sb, sc*sa*sb, cc*sa*sb, cb*sa*sb, cd*sa*sb, sc*ca*sb, cc*ca*sb, cb*ca*sb, cd*ca*sb, sc**2*sb, cc*sc*sb, cb*sc*sb, cd*sc*sb, cb*cc*sb, cd*cb*sb, sd**3, sa*sd**2, ca*sd**2, sc*sd**2, cc*sd**2, cb*sd**2, cd*sd**2, sa**2*sd, ca*sa*sd, sc*sa*sd, cc*sa*sd, cb*sa*sd, cd*sa*sd, sc*ca*sd, cc*ca*sd, cb*ca*sd, cd*ca*sd, sc**2*sd, cc*sc*sd, cb*sc*sd, cd*sc*sd, cb*cc*sd, cd*cb*sd, sa**3, ca*sa**2, sc*sa**2, cc*sa**2, cb*sa**2, cd*sa**2, sc*ca*sa, cc*ca*sa, cb*ca*sa, cd*ca*sa, sc**2*sa, cc*sc*sa, cb*sc*sa, cd*sc*sa, cb*cc*sa, cd*cb*sa, sc**2*ca, cc*sc*ca, cb*sc*ca, cd*sc*ca, cb*cc*ca, cd*cb*ca, sc**3, cc*sc**2, cb*sc**2, cd*sc**2, cb*cc*sc, cd*cb*sc, sb**4, sd*sb**3, sa*sb**3, ca*sb**3, sc*sb**3, cc*sb**3, cb*sb**3, cd*sb**3, sd**2*sb**2, sa*sd*sb**2, ca*sd*sb**2, sc*sd*sb**2, cc*sd*sb**2, cb*sd*sb**2, cd*sd*sb**2, sa**2*sb**2;['cd', 'cb', 'cc', 'sc', 'ca', 'sa', 'sd', 'sb']
203;sb;sb_sa_cd_ca_cb_sd_cc_sc;2958.1898409549613;4921;1050.15234375;cc**2, cd*cc, cd**2, sa**2, sb**2, sd*cc*sc, sd**2*sc, cd*sd*sc, cb**2*sc, ca*cb*sc, cd*cb*sc, sa*cb*sc, sb*cb*sc, ca**2*sc, cd*ca*sc, sa*ca*sc, sb*ca*sc, sa*cd*sc, sb*cd*sc, sb*sa*sc, sd**2*cc, cb*sd*cc, ca*sd*cc, sa*sd*cc, sb*sd*cc, cb**2*cc, ca*cb*cc, sa*cb*cc, sb*cb*cc, ca**2*cc, sa*ca*cc, sb*ca*cc, sb*sa*cc, sd**3, cb*sd**2, ca*sd**2, cd*sd**2, sa*sd**2, sb*sd**2, cb**2*sd, ca*cb*sd, cd*cb*sd, sa*cb*sd, sb*cb*sd, ca**2*sd, cd*ca*sd, sa*ca*sd, sb*ca*sd, sa*cd*sd, sb*cd*sd, sb*sa*sd, cb**3, ca*cb**2, cd*cb**2, sa*cb**2, sb*cb**2, ca**2*cb, cd*ca*cb, sa*ca*cb, sb*ca*cb, sa*cd*cb, sb*cd*cb, sb*sa*cb, ca**3, cd*ca**2, sa*ca**2, sb*ca**2, sa*cd*ca, sb*cd*ca, sb*sa*ca, sb*sa*cd, sc**4, cc*sc**3, sd*sc**3, cb*sc**3, ca*sc**3, cd*sc**3, sa*sc**3, sb*sc**3, cb*cc*sc**2, ca*cc*sc**2, sa*cc*sc**2, sb*cc*sc**2, cb*sd*sc**2, ca*sd*sc**2, sa*sd*sc**2, sb*sd*sc**2;['sb', 'sa', 'cd', 'ca', 'cb', 'sd', 'cc', 'sc']
204;cd;cd_sb_ca_sd_cc_sa_sc_cb;566.6128031599801;6367;1050.15234375;cc**2, cd*cc, ca**2, sb**2, cd**2, cc*sa*cb, sd*sa*cb, ca*sa*cb, sb*sa*cb, cd*sa*cb, sd*cc*cb, ca*cc*cb, sb*cc*cb, sd**2*cb, ca*sd*cb, sb*sd*cb, cd*sd*cb, sb*ca*cb, cd*ca*cb, cd*sb*cb, sc**3, sa*sc**2, cc*sc**2, sd*sc**2, ca*sc**2, sb*sc**2, cd*sc**2, sa**2*sc, cc*sa*sc, sd*sa*sc, ca*sa*sc, sb*sa*sc, cd*sa*sc, sd*cc*sc, ca*cc*sc, sb*cc*sc, sd**2*sc, ca*sd*sc, sb*sd*sc, cd*sd*sc, sb*ca*sc, cd*ca*sc, cd*sb*sc, sa**3, cc*sa**2, sd*sa**2, ca*sa**2, sb*sa**2, cd*sa**2, sd*cc*sa, ca*cc*sa, sb*cc*sa, sd**2*sa, ca*sd*sa, sb*sd*sa, cd*sd*sa, sb*ca*sa, cd*ca*sa, cd*sb*sa, sd**2*cc, ca*sd*cc, sb*sd*cc, sb*ca*cc, sd**3, ca*sd**2, sb*sd**2, cd*sd**2, sb*ca*sd, cd*ca*sd, cd*sb*sd, cd*sb*ca, cb**4, sc*cb**3, sa*cb**3, cc*cb**3, sd*cb**3, ca*cb**3, sb*cb**3, cd*cb**3, sc**2*cb**2, sa*sc*cb**2, cc*sc*cb**2, sd*sc*cb**2, ca*sc*cb**2, sb*sc*cb**2, cd*sc*cb**2, sa**2*cb**2;['cd', 'sb', 'ca', 'sd', 'cc', 'sa', 'sc', 'cb']
205;sd;sd_cc_sc_ca_sb_sa_cb_cd;577.5534253929509;7060;1050.15234375;sb**2, ca**2, sd*sc, cc**2, sd**2, sb*sa*cd, ca*sa*cd, sc*sa*cd, cc*sa*cd, sd*sa*cd, ca*sb*cd, sc*sb*cd, cc*sb*cd, sd*sb*cd, sc*ca*cd, cc*ca*cd, sd*ca*cd, sc**2*cd, cc*sc*cd, sd*cc*cd, cb**3, sa*cb**2, sb*cb**2, ca*cb**2, sc*cb**2, cc*cb**2, sd*cb**2, sa**2*cb, sb*sa*cb, ca*sa*cb, sc*sa*cb, cc*sa*cb, sd*sa*cb, ca*sb*cb, sc*sb*cb, cc*sb*cb, sd*sb*cb, sc*ca*cb, cc*ca*cb, sd*ca*cb, sc**2*cb, cc*sc*cb, sd*cc*cb, sa**3, sb*sa**2, ca*sa**2, sc*sa**2, cc*sa**2, sd*sa**2, ca*sb*sa, sc*sb*sa, cc*sb*sa, sd*sb*sa, sc*ca*sa, cc*ca*sa, sd*ca*sa, sc**2*sa, cc*sc*sa, sd*cc*sa, sc*ca*sb, cc*ca*sb, sd*ca*sb, sc**2*sb, cc*sc*sb, sd*cc*sb, sc**2*ca, cc*sc*ca, sd*cc*ca, sc**3, cc*sc**2, cd**4, cb*cd**3, sa*cd**3, sb*cd**3, ca*cd**3, sc*cd**3, cc*cd**3, sd*cd**3, cb**2*cd**2, sa*cb*cd**2, sb*cb*cd**2, ca*cb*cd**2, sc*cb*cd**2, cc*cb*cd**2, sd*cb*cd**2, sa**2*cd**2;['sd', 'cc', 'sc', 'ca', 'sb', 'sa', 'cb', 'cd']
206;sd;sd_cd_sa_sc_cc_cb_ca_sb;3881.4653071759967;5829;1050.15234375;cb**2, sc**2, sd*sc, sa**2, sd**2, sc*cb*sb, sa*cb*sb, cd*cb*sb, sd*cb*sb, cc**2*sb, sc*cc*sb, sa*cc*sb, cd*cc*sb, sd*cc*sb, sa*sc*sb, cd*sc*sb, cd*sa*sb, sd*sa*sb, cd**2*sb, sd*cd*sb, ca**3, cb*ca**2, cc*ca**2, sc*ca**2, sa*ca**2, cd*ca**2, sd*ca**2, cc*cb*ca, sc*cb*ca, sa*cb*ca, cd*cb*ca, sd*cb*ca, cc**2*ca, sc*cc*ca, sa*cc*ca, cd*cc*ca, sd*cc*ca, sa*sc*ca, cd*sc*ca, cd*sa*ca, sd*sa*ca, cd**2*ca, sd*cd*ca, cc**2*cb, sc*cc*cb, sa*cc*cb, cd*cc*cb, sd*cc*cb, sa*sc*cb, cd*sc*cb, cd*sa*cb, sd*sa*cb, cd**2*cb, sd*cd*cb, cc**3, sc*cc**2, sa*cc**2, cd*cc**2, sd*cc**2, sa*sc*cc, cd*sc*cc, cd*sa*cc, sd*sa*cc, cd**2*cc, sd*cd*cc, cd*sa*sc, cd**2*sc, cd**2*sa, sd*cd*sa, cd**3, sd*cd**2, sb**4, ca*sb**3, cb*sb**3, cc*sb**3, sc*sb**3, sa*sb**3, cd*sb**3, sd*sb**3, ca**2*sb**2, cb*ca*sb**2, cc*ca*sb**2, sc*ca*sb**2, sa*ca*sb**2, cd*ca*sb**2, sd*ca*sb**2, cc*cb*sb**2;['sd', 'cd', 'sa', 'sc', 'cc', 'cb', 'ca', 'sb']
207;sc;sc_sd_cb_cd_cc_sb_ca_sa;486.68111194705125;5244;1050.15234375;ca**2, cb**2, sd**2, sc*sd, sc**2, cd*sb*sa, cb*sb*sa, sd*sb*sa, sc*sb*sa, cc**2*sa, cd*cc*sa, cb*cc*sa, sd*cc*sa, sc*cc*sa, cd**2*sa, cb*cd*sa, sd*cd*sa, sc*cd*sa, sd*cb*sa, sc*cb*sa, sb**2*ca, cc*sb*ca, cd*sb*ca, cb*sb*ca, sd*sb*ca, sc*sb*ca, cc**2*ca, cd*cc*ca, cb*cc*ca, sd*cc*ca, sc*cc*ca, cd**2*ca, cb*cd*ca, sd*cd*ca, sc*cd*ca, sd*cb*ca, sc*cb*ca, sb**3, cc*sb**2, cd*sb**2, cb*sb**2, sd*sb**2, sc*sb**2, cc**2*sb, cd*cc*sb, cb*cc*sb, sd*cc*sb, sc*cc*sb, cd**2*sb, cb*cd*sb, sd*cd*sb, sc*cd*sb, sd*cb*sb, sc*cb*sb, cc**3, cd*cc**2, cb*cc**2, sd*cc**2, sc*cc**2, cd**2*cc, cb*cd*cc, sd*cd*cc, sc*cd*cc, sd*cb*cc, sc*cb*cc, cd**3, cb*cd**2, sd*cd**2, sc*cd**2, sd*cb*cd, sc*cb*cd, sa**4, ca*sa**3, sb*sa**3, cc*sa**3, cd*sa**3, cb*sa**3, sd*sa**3, sc*sa**3, sb*ca*sa**2, cc*ca*sa**2, cd*ca*sa**2, cb*ca*sa**2, sd*ca*sa**2, sc*ca*sa**2, sb**2*sa**2, cc*sb*sa**2;['sc', 'sd', 'cb', 'cd', 'cc', 'sb', 'ca', 'sa']
208;ca;ca_sd_sc_cd_cc_sb_cb_sa;740.8165126990061;5437;1050.15234375;sb**2, sc**2, sd*sc, sd**2, ca**2, cd*sb*sa, sc*sb*sa, sd*sb*sa, ca*sb*sa, cc**2*sa, cd*cc*sa, sc*cc*sa, sd*cc*sa, ca*cc*sa, cd**2*sa, sc*cd*sa, sd*cd*sa, ca*cd*sa, ca*sc*sa, ca*sd*sa, cb**3, sb*cb**2, cc*cb**2, cd*cb**2, sc*cb**2, sd*cb**2, ca*cb**2, cc*sb*cb, cd*sb*cb, sc*sb*cb, sd*sb*cb, ca*sb*cb, cc**2*cb, cd*cc*cb, sc*cc*cb, sd*cc*cb, ca*cc*cb, cd**2*cb, sc*cd*cb, sd*cd*cb, ca*cd*cb, ca*sc*cb, ca*sd*cb, cc**2*sb, cd*cc*sb, sc*cc*sb, sd*cc*sb, ca*cc*sb, cd**2*sb, sc*cd*sb, sd*cd*sb, ca*cd*sb, ca*sc*sb, ca*sd*sb, cc**3, cd*cc**2, sc*cc**2, sd*cc**2, ca*cc**2, cd**2*cc, sc*cd*cc, sd*cd*cc, ca*cd*cc, ca*sc*cc, ca*sd*cc, cd**3, sc*cd**2, sd*cd**2, ca*cd**2, ca*sc*cd, ca*sd*cd, sa**4, cb*sa**3, sb*sa**3, cc*sa**3, cd*sa**3, sc*sa**3, sd*sa**3, ca*sa**3, cb**2*sa**2, sb*cb*sa**2, cc*cb*sa**2, cd*cb*sa**2, sc*cb*sa**2, sd*cb*sa**2, ca*cb*sa**2, cc*sb*sa**2;['ca', 'sd', 'sc', 'cd', 'cc', 'sb', 'cb', 'sa']
209;sa;sa_sb_sc_sd_cd_ca_cc_cb;611.7279496659758;6335;1050.15234375;sd**2, sc*sd, sc**2, sb**2, sa**2, cd*ca*cb, sd*ca*cb, sc*ca*cb, sb*ca*cb, sa*ca*cb, cd**2*cb, sd*cd*cb, sc*cd*cb, sb*cd*cb, sa*cd*cb, sb*sd*cb, sa*sd*cb, sb*sc*cb, sa*sc*cb, sa*sb*cb, cc**3, ca*cc**2, cd*cc**2, sd*cc**2, sc*cc**2, sb*cc**2, sa*cc**2, ca**2*cc, cd*ca*cc, sd*ca*cc, sc*ca*cc, sb*ca*cc, sa*ca*cc, cd**2*cc, sd*cd*cc, sc*cd*cc, sb*cd*cc, sa*cd*cc, sb*sd*cc, sa*sd*cc, sb*sc*cc, sa*sc*cc, sa*sb*cc, ca**3, cd*ca**2, sd*ca**2, sc*ca**2, sb*ca**2, sa*ca**2, cd**2*ca, sd*cd*ca, sc*cd*ca, sb*cd*ca, sa*cd*ca, sb*sd*ca, sa*sd*ca, sb*sc*ca, sa*sc*ca, sa*sb*ca, cd**3, sd*cd**2, sc*cd**2, sb*cd**2, sa*cd**2, sb*sd*cd, sa*sd*cd, sb*sc*cd, sa*sc*cd, sa*sb*cd, sa*sb*sd, sa*sb*sc, cb**4, cc*cb**3, ca*cb**3, cd*cb**3, sd*cb**3, sc*cb**3, sb*cb**3, sa*cb**3, cc**2*cb**2, ca*cc*cb**2, cd*cc*cb**2, sd*cc*cb**2, sc*cc*cb**2, sb*cc*cb**2, sa*cc*cb**2, ca**2*cb**2;['sa', 'sb', 'sc', 'sd', 'cd', 'ca', 'cc', 'cb']
210;cb;cb_sb_cd_sd_cc_ca_sc_sa;2304.064340314013;6178;1050.15234375;ca**2, cc**2, cd*cc, cd**2, cb**2, sd*ca*sa, cd*ca*sa, sb*ca*sa, cb*ca*sa, sd*cc*sa, sb*cc*sa, cb*cc*sa, sd**2*sa, cd*sd*sa, sb*sd*sa, cb*sd*sa, sb*cd*sa, cb*cd*sa, sb**2*sa, cb*sb*sa, sc**3, ca*sc**2, cc*sc**2, sd*sc**2, cd*sc**2, sb*sc**2, cb*sc**2, cc*ca*sc, sd*ca*sc, cd*ca*sc, sb*ca*sc, cb*ca*sc, sd*cc*sc, sb*cc*sc, cb*cc*sc, sd**2*sc, cd*sd*sc, sb*sd*sc, cb*sd*sc, sb*cd*sc, cb*cd*sc, sb**2*sc, cb*sb*sc, sd*cc*ca, sb*cc*ca, cb*cc*ca, sd**2*ca, cd*sd*ca, sb*sd*ca, cb*sd*ca, sb*cd*ca, cb*cd*ca, sb**2*ca, cb*sb*ca, sd**2*cc, sb*sd*cc, cb*sd*cc, sb**2*cc, cb*sb*cc, sd**3, cd*sd**2, sb*sd**2, cb*sd**2, sb*cd*sd, cb*cd*sd, sb**2*sd, cb*sb*sd, sb**2*cd, cb*sb*cd, sb**3, cb*sb**2, sa**4, sc*sa**3, ca*sa**3, cc*sa**3, sd*sa**3, cd*sa**3, sb*sa**3, cb*sa**3, sc**2*sa**2, ca*sc*sa**2, cc*sc*sa**2, sd*sc*sa**2, cd*sc*sa**2, sb*sc*sa**2, cb*sc*sa**2, cc*ca*sa**2;['cb', 'sb', 'cd', 'sd', 'cc', 'ca', 'sc', 'sa']
211;sc;sc_cd_ca_cc_sd_sa_sb_cb;1146.6626719519263;6015;1050.15234375;sb**2, cd*cc, ca**2, cd**2, sc**2, cc*sa*cb, ca*sa*cb, cd*sa*cb, sc*sa*cb, sd**2*cb, cc*sd*cb, ca*sd*cb, cd*sd*cb, sc*sd*cb, cc**2*cb, ca*cc*cb, sc*cc*cb, cd*ca*cb, sc*ca*cb, sc*cd*cb, sa**2*sb, sd*sa*sb, cc*sa*sb, ca*sa*sb, cd*sa*sb, sc*sa*sb, sd**2*sb, cc*sd*sb, ca*sd*sb, cd*sd*sb, sc*sd*sb, cc**2*sb, ca*cc*sb, sc*cc*sb, cd*ca*sb, sc*ca*sb, sc*cd*sb, sa**3, sd*sa**2, cc*sa**2, ca*sa**2, cd*sa**2, sc*sa**2, sd**2*sa, cc*sd*sa, ca*sd*sa, cd*sd*sa, sc*sd*sa, cc**2*sa, ca*cc*sa, sc*cc*sa, cd*ca*sa, sc*ca*sa, sc*cd*sa, sd**3, cc*sd**2, ca*sd**2, cd*sd**2, sc*sd**2, cc**2*sd, ca*cc*sd, sc*cc*sd, cd*ca*sd, sc*ca*sd, sc*cd*sd, cc**3, ca*cc**2, sc*cc**2, sc*ca*cc, sc*cd*ca, cb**4, sb*cb**3, sa*cb**3, sd*cb**3, cc*cb**3, ca*cb**3, cd*cb**3, sc*cb**3, sa*sb*cb**2, sd*sb*cb**2, cc*sb*cb**2, ca*sb*cb**2, cd*sb*cb**2, sc*sb*cb**2, sa**2*cb**2, sd*sa*cb**2;['sc', 'cd', 'ca', 'cc', 'sd', 'sa', 'sb', 'cb']
212;sb;sb_cb_sa_sd_cd_ca_cc_sc;436.7872960460372;5240;1050.15234375;cc**2, cd*cc, sd**2, sa**2, sb**2, sd*cc*sc, cb*ca*sc, sb*ca*sc, cd**2*sc, sd*cd*sc, sa*cd*sc, cb*cd*sc, sb*cd*sc, sa*sd*sc, cb*sd*sc, sb*sd*sc, cb*sa*sc, sb*sa*sc, cb**2*sc, sb*cb*sc, ca**2*cc, sd*ca*cc, sa*ca*cc, cb*ca*cc, sb*ca*cc, sa*sd*cc, cb*sd*cc, sb*sd*cc, cb*sa*cc, sb*sa*cc, cb**2*cc, sb*cb*cc, ca**3, cd*ca**2, sd*ca**2, sa*ca**2, cb*ca**2, sb*ca**2, cd**2*ca, sd*cd*ca, sa*cd*ca, cb*cd*ca, sb*cd*ca, sa*sd*ca, cb*sd*ca, sb*sd*ca, cb*sa*ca, sb*sa*ca, cb**2*ca, sb*cb*ca, cd**3, sd*cd**2, sa*cd**2, cb*cd**2, sb*cd**2, sa*sd*cd, cb*sd*cd, sb*sd*cd, cb*sa*cd, sb*sa*cd, cb**2*cd, sb*cb*cd, cb*sa*sd, sb*sa*sd, cb**2*sd, sb*cb*sd, cb**2*sa, sb*cb*sa, cb**3, sb*cb**2, sc**4, cc*sc**3, ca*sc**3, cd*sc**3, sd*sc**3, sa*sc**3, cb*sc**3, sb*sc**3, ca*cc*sc**2, sa*cc*sc**2, cb*cc*sc**2, sb*cc*sc**2, ca**2*sc**2, cd*ca*sc**2, sd*ca*sc**2, sa*ca*sc**2;['sb', 'cb', 'sa', 'sd', 'cd', 'ca', 'cc', 'sc']
213;sa;sa_cd_cc_sc_sd_cb_ca_sb;640.85420647508;5600;1050.15234375;cb**2, cc**2, cd*cc, cd**2, sa**2, sc*cb*sb, cc*cb*sb, cd*cb*sb, sa*cb*sb, sd**2*sb, sc*sd*sb, cc*sd*sb, cd*sd*sb, sa*sd*sb, sc**2*sb, cc*sc*sb, cd*sc*sb, sa*sc*sb, sa*cc*sb, sa*cd*sb, ca**3, cb*ca**2, sd*ca**2, sc*ca**2, cc*ca**2, cd*ca**2, sa*ca**2, sd*cb*ca, sc*cb*ca, cc*cb*ca, cd*cb*ca, sa*cb*ca, sd**2*ca, sc*sd*ca, cc*sd*ca, cd*sd*ca, sa*sd*ca, sc**2*ca, cc*sc*ca, cd*sc*ca, sa*sc*ca, sa*cc*ca, sa*cd*ca, sd**2*cb, sc*sd*cb, cc*sd*cb, cd*sd*cb, sa*sd*cb, sc**2*cb, cc*sc*cb, cd*sc*cb, sa*sc*cb, sa*cc*cb, sa*cd*cb, sd**3, sc*sd**2, cc*sd**2, cd*sd**2, sa*sd**2, sc**2*sd, cc*sc*sd, cd*sc*sd, sa*sc*sd, sa*cc*sd, sa*cd*sd, sc**3, cc*sc**2, cd*sc**2, sa*sc**2, sa*cc*sc, sa*cd*sc, sb**4, ca*sb**3, cb*sb**3, sd*sb**3, sc*sb**3, cc*sb**3, cd*sb**3, sa*sb**3, ca**2*sb**2, cb*ca*sb**2, sd*ca*sb**2, sc*ca*sb**2, cc*ca*sb**2, cd*ca*sb**2, sa*ca*sb**2, sd*cb*sb**2;['sa', 'cd', 'cc', 'sc', 'sd', 'cb', 'ca', 'sb']
214;ca;ca_sd_sc_sb_sa_cb_cc_cd;311.594077429967;5056;1050.15234375;sb**2, sc**2, sd*sc, sd**2, ca**2, cc**2*cd, sc*cc*cd, sd*cc*cd, sd*cb*cd, ca*cb*cd, sa**2*cd, sb*sa*cd, sc*sa*cd, sd*sa*cd, ca*sa*cd, sc*sb*cd, sd*sb*cd, ca*sb*cd, ca*sc*cd, ca*sd*cd, cc**3, cb*cc**2, sa*cc**2, sb*cc**2, sc*cc**2, sd*cc**2, ca*cc**2, cb**2*cc, sa*cb*cc, sb*cb*cc, sc*cb*cc, sd*cb*cc, ca*cb*cc, sa**2*cc, sb*sa*cc, sc*sa*cc, sd*sa*cc, ca*sa*cc, sc*sb*cc, sd*sb*cc, ca*sb*cc, ca*sc*cc, ca*sd*cc, cb**3, sa*cb**2, sb*cb**2, sc*cb**2, sd*cb**2, ca*cb**2, sa**2*cb, sb*sa*cb, sc*sa*cb, sd*sa*cb, ca*sa*cb, sc*sb*cb, sd*sb*cb, ca*sb*cb, ca*sc*cb, ca*sd*cb, sa**3, sb*sa**2, sc*sa**2, sd*sa**2, ca*sa**2, sc*sb*sa, sd*sb*sa, ca*sb*sa, ca*sc*sa, ca*sd*sa, ca*sc*sb, ca*sd*sb, cd**4, cc*cd**3, cb*cd**3, sa*cd**3, sb*cd**3, sc*cd**3, sd*cd**3, ca*cd**3, cb*cc*cd**2, sa*cc*cd**2, sb*cc*cd**2, ca*cc*cd**2, cb**2*cd**2, sa*cb*cd**2, sb*cb*cd**2, sc*cb*cd**2;['ca', 'sd', 'sc', 'sb', 'sa', 'cb', 'cc', 'cd']
215;sc;sc_sd_cb_sa_cd_ca_sb_cc;4228.147101451992;7498;1050.15234375;sa**2, cb**2, sd**2, sc*sd, sc**2, cd*ca*cc, sa*ca*cc, cb*ca*cc, sd*ca*cc, sc*ca*cc, cd**2*cc, sa*cd*cc, cb*cd*cc, sd*cd*cc, sc*cd*cc, cb*sa*cc, sd*sa*cc, sc*sa*cc, sd*cb*cc, sc*cb*cc, sb**3, ca*sb**2, cd*sb**2, sa*sb**2, cb*sb**2, sd*sb**2, sc*sb**2, ca**2*sb, cd*ca*sb, sa*ca*sb, cb*ca*sb, sd*ca*sb, sc*ca*sb, cd**2*sb, sa*cd*sb, cb*cd*sb, sd*cd*sb, sc*cd*sb, cb*sa*sb, sd*sa*sb, sc*sa*sb, sd*cb*sb, sc*cb*sb, ca**3, cd*ca**2, sa*ca**2, cb*ca**2, sd*ca**2, sc*ca**2, cd**2*ca, sa*cd*ca, cb*cd*ca, sd*cd*ca, sc*cd*ca, cb*sa*ca, sd*sa*ca, sc*sa*ca, sd*cb*ca, sc*cb*ca, cd**3, sa*cd**2, cb*cd**2, sd*cd**2, sc*cd**2, cb*sa*cd, sd*sa*cd, sc*sa*cd, sd*cb*cd, sc*cb*cd, sd*cb*sa, sc*cb*sa, cc**4, sb*cc**3, ca*cc**3, cd*cc**3, sa*cc**3, cb*cc**3, sd*cc**3, sc*cc**3, sb**2*cc**2, ca*sb*cc**2, cd*sb*cc**2, sa*sb*cc**2, cb*sb*cc**2, sd*sb*cc**2, sc*sb*cc**2, ca**2*cc**2;['sc', 'sd', 'cb', 'sa', 'cd', 'ca', 'sb', 'cc']
216;cc;cc_sb_sa_sc_ca_sd_cd_cb;653.5489244629862;6373;1051.13671875;sd**2, sc*sd, sa**2, sb**2, cc**2, sa*sd*cb, sb*sd*cb, cc*sd*cb, ca**2*cb, sc*ca*cb, sa*ca*cb, sb*ca*cb, cc*ca*cb, sc**2*cb, sa*sc*cb, sb*sc*cb, cc*sc*cb, sb*sa*cb, cc*sa*cb, cc*sb*cb, cd**3, sd*cd**2, ca*cd**2, sc*cd**2, sa*cd**2, sb*cd**2, cc*cd**2, ca*sd*cd, sa*sd*cd, sb*sd*cd, cc*sd*cd, ca**2*cd, sc*ca*cd, sa*ca*cd, sb*ca*cd, cc*ca*cd, sc**2*cd, sa*sc*cd, sb*sc*cd, cc*sc*cd, sb*sa*cd, cc*sa*cd, cc*sb*cd, ca**2*sd, sa*ca*sd, sb*ca*sd, cc*ca*sd, sb*sa*sd, cc*sa*sd, cc*sb*sd, ca**3, sc*ca**2, sa*ca**2, sb*ca**2, cc*ca**2, sc**2*ca, sa*sc*ca, sb*sc*ca, cc*sc*ca, sb*sa*ca, cc*sa*ca, cc*sb*ca, sc**3, sa*sc**2, sb*sc**2, cc*sc**2, sb*sa*sc, cc*sa*sc, cc*sb*sc, cc*sb*sa, cb**4, cd*cb**3, sd*cb**3, ca*cb**3, sc*cb**3, sa*cb**3, sb*cb**3, cc*cb**3, cd**2*cb**2, sd*cd*cb**2, ca*cd*cb**2, sc*cd*cb**2, sa*cd*cb**2, sb*cd*cb**2, cc*cd*cb**2, ca*sd*cb**2;['cc', 'sb', 'sa', 'sc', 'ca', 'sd', 'cd', 'cb']
217;sb;sb_ca_sd_cc_cd_cb_sa_sc;348.4975738740759;5606;1051.13671875;cc*cd, cc**2, sd**2, ca**2, sb**2, cd*cb*sc, cc*cb*sc, sd*cb*sc, ca*cb*sc, sb*cb*sc, cd**2*sc, sd*cd*sc, ca*cd*sc, sb*cd*sc, sd*cc*sc, ca*cc*sc, sb*cc*sc, ca*sd*sc, sb*sd*sc, sb*ca*sc, sa**3, cb*sa**2, cd*sa**2, cc*sa**2, sd*sa**2, ca*sa**2, sb*sa**2, cb**2*sa, cd*cb*sa, cc*cb*sa, sd*cb*sa, ca*cb*sa, sb*cb*sa, cd**2*sa, sd*cd*sa, ca*cd*sa, sb*cd*sa, sd*cc*sa, ca*cc*sa, sb*cc*sa, ca*sd*sa, sb*sd*sa, sb*ca*sa, cb**3, cd*cb**2, cc*cb**2, sd*cb**2, ca*cb**2, sb*cb**2, cd**2*cb, sd*cd*cb, ca*cd*cb, sb*cd*cb, sd*cc*cb, ca*cc*cb, sb*cc*cb, ca*sd*cb, sb*sd*cb, sb*ca*cb, cd**3, sd*cd**2, ca*cd**2, sb*cd**2, ca*sd*cd, sb*sd*cd, sb*ca*cd, ca*sd*cc, sb*sd*cc, sb*ca*cc, sb*ca*sd, sc**4, sa*sc**3, cb*sc**3, cd*sc**3, cc*sc**3, sd*sc**3, ca*sc**3, sb*sc**3, sa**2*sc**2, cb*sa*sc**2, cd*sa*sc**2, cc*sa*sc**2, sd*sa*sc**2, ca*sa*sc**2, sb*sa*sc**2, cb**2*sc**2;['sb', 'ca', 'sd', 'cc', 'cd', 'cb', 'sa', 'sc']
218;ca;ca_sb_sa_sd_cd_cc_cb_sc;341.96945190394763;5509;1051.13671875;cc**2, cd*cc, sd**2, sb**2, ca**2, sd*cc*sc, sb*cc*sc, ca*cc*sc, cd**2*sc, sd*cd*sc, sa*cd*sc, sb*cd*sc, ca*cd*sc, sa*sd*sc, sb*sd*sc, ca*sd*sc, sa**2*sc, sb*sa*sc, ca*sa*sc, ca*sb*sc, cb**3, cc*cb**2, cd*cb**2, sd*cb**2, sa*cb**2, sb*cb**2, ca*cb**2, sd*cc*cb, sa*cc*cb, sb*cc*cb, ca*cc*cb, cd**2*cb, sd*cd*cb, sa*cd*cb, sb*cd*cb, ca*cd*cb, sa*sd*cb, sb*sd*cb, ca*sd*cb, sa**2*cb, sb*sa*cb, ca*sa*cb, ca*sb*cb, sa*sd*cc, sb*sd*cc, ca*sd*cc, sa**2*cc, sb*sa*cc, ca*sa*cc, ca*sb*cc, cd**3, sd*cd**2, sa*cd**2, sb*cd**2, ca*cd**2, sa*sd*cd, sb*sd*cd, ca*sd*cd, sa**2*cd, sb*sa*cd, ca*sa*cd, ca*sb*cd, sa**2*sd, sb*sa*sd, ca*sa*sd, ca*sb*sd, sa**3, sb*sa**2, ca*sa**2, ca*sb*sa, sc**4, cb*sc**3, cc*sc**3, cd*sc**3, sd*sc**3, sa*sc**3, sb*sc**3, ca*sc**3, cb**2*sc**2, cc*cb*sc**2, cd*cb*sc**2, sd*cb*sc**2, sa*cb*sc**2, sb*cb*sc**2, ca*cb*sc**2, sa*cc*sc**2;['ca', 'sb', 'sa', 'sd', 'cd', 'cc', 'cb', 'sc']
219;cd;cd_ca_sa_sb_sd_sc_cc_cb;1017.0835528840544;5967;1050.15234375;sc**2, sd*sc, sb**2, ca**2, cd**2, sa*sc*cb, ca*sc*cb, cd*sc*cb, sd**2*cb, sb*sd*cb, sa*sd*cb, ca*sd*cb, cd*sd*cb, sa*sb*cb, ca*sb*cb, cd*sb*cb, sa**2*cb, ca*sa*cb, cd*sa*cb, cd*ca*cb, cc**3, sc*cc**2, sd*cc**2, sb*cc**2, sa*cc**2, ca*cc**2, cd*cc**2, sb*sc*cc, sa*sc*cc, ca*sc*cc, cd*sc*cc, sd**2*cc, sb*sd*cc, sa*sd*cc, ca*sd*cc, cd*sd*cc, sa*sb*cc, ca*sb*cc, cd*sb*cc, sa**2*cc, ca*sa*cc, cd*sa*cc, cd*ca*cc, sa*sb*sc, ca*sb*sc, cd*sb*sc, sa**2*sc, ca*sa*sc, cd*sa*sc, cd*ca*sc, sd**3, sb*sd**2, sa*sd**2, ca*sd**2, cd*sd**2, sa*sb*sd, ca*sb*sd, cd*sb*sd, sa**2*sd, ca*sa*sd, cd*sa*sd, cd*ca*sd, sa**2*sb, ca*sa*sb, cd*sa*sb, cd*ca*sb, sa**3, ca*sa**2, cd*sa**2, cd*ca*sa, cb**4, cc*cb**3, sc*cb**3, sd*cb**3, sb*cb**3, sa*cb**3, ca*cb**3, cd*cb**3, cc**2*cb**2, sc*cc*cb**2, sd*cc*cb**2, sb*cc*cb**2, sa*cc*cb**2, ca*cc*cb**2, cd*cc*cb**2, sb*sc*cb**2;['cd', 'ca', 'sa', 'sb', 'sd', 'sc', 'cc', 'cb']
220;sa;sa_sb_cb_sc_sd_ca_cc_cd;389.65267811203375;5645;1050.15234375;sd**2, sc*sd, sc**2, sb**2, sa**2, cc**2*cd, sd*cc*cd, sc*cc*cd, sb*ca*cd, sa*ca*cd, cb*sd*cd, sb*sd*cd, sa*sd*cd, cb*sc*cd, sb*sc*cd, sa*sc*cd, cb**2*cd, sb*cb*cd, sa*cb*cd, sa*sb*cd, cc**3, ca*cc**2, sd*cc**2, sc*cc**2, cb*cc**2, sb*cc**2, sa*cc**2, ca**2*cc, sd*ca*cc, sc*ca*cc, cb*ca*cc, sb*ca*cc, sa*ca*cc, cb*sd*cc, sb*sd*cc, sa*sd*cc, cb*sc*cc, sb*sc*cc, sa*sc*cc, cb**2*cc, sb*cb*cc, sa*cb*cc, sa*sb*cc, ca**3, sd*ca**2, sc*ca**2, cb*ca**2, sb*ca**2, sa*ca**2, cb*sd*ca, sb*sd*ca, sa*sd*ca, cb*sc*ca, sb*sc*ca, sa*sc*ca, cb**2*ca, sb*cb*ca, sa*cb*ca, sa*sb*ca, cb**2*sd, sb*cb*sd, sa*cb*sd, sa*sb*sd, cb**2*sc, sb*cb*sc, sa*cb*sc, sa*sb*sc, cb**3, sb*cb**2, sa*cb**2, sa*sb*cb, cd**4, cc*cd**3, ca*cd**3, sd*cd**3, sc*cd**3, cb*cd**3, sb*cd**3, sa*cd**3, ca*cc*cd**2, cb*cc*cd**2, sb*cc*cd**2, sa*cc*cd**2, ca**2*cd**2, sd*ca*cd**2, sc*ca*cd**2, cb*ca*cd**2;['sa', 'sb', 'cb', 'sc', 'sd', 'ca', 'cc', 'cd']
221;ca;ca_sa_cd_cb_sc_cc_sd_sb;1278.087489754078;6284;1050.15234375;cd*cc, sc**2, cb**2, cd**2, ca**2, sc*cc*sb, cb*cc*sb, sa*cc*sb, ca*cc*sb, cb*sc*sb, cd*sc*sb, sa*sc*sb, ca*sc*sb, cd*cb*sb, sa*cb*sb, ca*cb*sb, sa*cd*sb, ca*cd*sb, sa**2*sb, ca*sa*sb, sd**3, cc*sd**2, sc*sd**2, cb*sd**2, cd*sd**2, sa*sd**2, ca*sd**2, cc**2*sd, sc*cc*sd, cb*cc*sd, sa*cc*sd, ca*cc*sd, cb*sc*sd, cd*sc*sd, sa*sc*sd, ca*sc*sd, cd*cb*sd, sa*cb*sd, ca*cb*sd, sa*cd*sd, ca*cd*sd, sa**2*sd, ca*sa*sd, cc**3, sc*cc**2, cb*cc**2, sa*cc**2, ca*cc**2, cb*sc*cc, sa*sc*cc, ca*sc*cc, sa*cb*cc, ca*cb*cc, sa**2*cc, ca*sa*cc, cd*cb*sc, sa*cb*sc, ca*cb*sc, sa*cd*sc, ca*cd*sc, sa**2*sc, ca*sa*sc, sa*cd*cb, ca*cd*cb, sa**2*cb, ca*sa*cb, sa**2*cd, ca*sa*cd, sa**3, ca*sa**2, sb**4, sd*sb**3, cc*sb**3, sc*sb**3, cb*sb**3, cd*sb**3, sa*sb**3, ca*sb**3, sd**2*sb**2, cc*sd*sb**2, sc*sd*sb**2, cb*sd*sb**2, cd*sd*sb**2, sa*sd*sb**2, ca*sd*sb**2, cc**2*sb**2;['ca', 'sa', 'cd', 'cb', 'sc', 'cc', 'sd', 'sb']
222;cd;cd_sa_sc_cc_ca_sb_cb_sd;838.5115177419502;6548;1050.15234375;sb**2, cd*cc, sc**2, sa**2, cd**2, cc*sb*sd, sc*sb*sd, sa*sb*sd, cd*sb*sd, ca**2*sd, cc*ca*sd, sc*ca*sd, sa*ca*sd, cd*ca*sd, cc**2*sd, sc*cc*sd, sa*cc*sd, sa*sc*sd, cd*sc*sd, cd*sa*sd, cb**3, sb*cb**2, ca*cb**2, cc*cb**2, sc*cb**2, sa*cb**2, cd*cb**2, ca*sb*cb, cc*sb*cb, sc*sb*cb, sa*sb*cb, cd*sb*cb, ca**2*cb, cc*ca*cb, sc*ca*cb, sa*ca*cb, cd*ca*cb, cc**2*cb, sc*cc*cb, sa*cc*cb, sa*sc*cb, cd*sc*cb, cd*sa*cb, ca**2*sb, cc*ca*sb, sc*ca*sb, sa*ca*sb, cd*ca*sb, cc**2*sb, sc*cc*sb, sa*cc*sb, sa*sc*sb, cd*sc*sb, cd*sa*sb, ca**3, cc*ca**2, sc*ca**2, sa*ca**2, cd*ca**2, cc**2*ca, sc*cc*ca, sa*cc*ca, sa*sc*ca, cd*sc*ca, cd*sa*ca, cc**3, sc*cc**2, sa*cc**2, sa*sc*cc, cd*sa*sc, sd**4, cb*sd**3, sb*sd**3, ca*sd**3, cc*sd**3, sc*sd**3, sa*sd**3, cd*sd**3, cb**2*sd**2, sb*cb*sd**2, ca*cb*sd**2, cc*cb*sd**2, sc*cb*sd**2, sa*cb*sd**2, cd*cb*sd**2, ca*sb*sd**2;['cd', 'sa', 'sc', 'cc', 'ca', 'sb', 'cb', 'sd']
223;sc;sc_sa_sd_cd_ca_cc_cb_sb;5541.941580302082;5949;1609.94921875;cb**2, sd**2, sc*sd, sa**2, sc**2, cd*cc*sb, sd*cc*sb, sa*cc*sb, sc*cc*sb, ca**2*sb, cd*ca*sb, sd*ca*sb, sa*ca*sb, sc*ca*sb, cd**2*sb, sd*cd*sb, sa*cd*sb, sc*cd*sb, sa*sd*sb, sc*sa*sb, cc**2*cb, ca*cc*cb, cd*cc*cb, sd*cc*cb, sa*cc*cb, sc*cc*cb, ca**2*cb, cd*ca*cb, sd*ca*cb, sa*ca*cb, sc*ca*cb, cd**2*cb, sd*cd*cb, sa*cd*cb, sc*cd*cb, sa*sd*cb, sc*sa*cb, cc**3, ca*cc**2, cd*cc**2, sd*cc**2, sa*cc**2, sc*cc**2, ca**2*cc, cd*ca*cc, sd*ca*cc, sa*ca*cc, sc*ca*cc, cd**2*cc, sd*cd*cc, sa*cd*cc, sc*cd*cc, sa*sd*cc, sc*sa*cc, ca**3, cd*ca**2, sd*ca**2, sa*ca**2, sc*ca**2, cd**2*ca, sd*cd*ca, sa*cd*ca, sc*cd*ca, sa*sd*ca, sc*sa*ca, cd**3, sd*cd**2, sa*cd**2, sc*cd**2, sa*sd*cd, sc*sa*cd, sb**4, cb*sb**3, cc*sb**3, ca*sb**3, cd*sb**3, sd*sb**3, sa*sb**3, sc*sb**3, cc*cb*sb**2, ca*cb*sb**2, cd*cb*sb**2, sd*cb*sb**2, sa*cb*sb**2, sc*cb*sb**2, cc**2*sb**2, ca*cc*sb**2;['sc', 'sa', 'sd', 'cd', 'ca', 'cc', 'cb', 'sb']
224;sc;sc_cd_sb_sd_cb_cc_ca_sa;732.6308392509818;6109;1609.96484375;ca**2, sc*sd, sb**2, cd**2, sc**2, sd*cc*sa, sb*cc*sa, cd*cc*sa, sc*cc*sa, cb**2*sa, sd*cb*sa, sb*cb*sa, cd*cb*sa, sc*cb*sa, sd**2*sa, sb*sd*sa, cd*sd*sa, cd*sb*sa, sc*sb*sa, sc*cd*sa, cc**2*ca, cb*cc*ca, sd*cc*ca, sb*cc*ca, cd*cc*ca, sc*cc*ca, cb**2*ca, sd*cb*ca, sb*cb*ca, cd*cb*ca, sc*cb*ca, sd**2*ca, sb*sd*ca, cd*sd*ca, cd*sb*ca, sc*sb*ca, sc*cd*ca, cc**3, cb*cc**2, sd*cc**2, sb*cc**2, cd*cc**2, sc*cc**2, cb**2*cc, sd*cb*cc, sb*cb*cc, cd*cb*cc, sc*cb*cc, sd**2*cc, sb*sd*cc, cd*sd*cc, cd*sb*cc, sc*sb*cc, sc*cd*cc, cb**3, sd*cb**2, sb*cb**2, cd*cb**2, sc*cb**2, sd**2*cb, sb*sd*cb, cd*sd*cb, cd*sb*cb, sc*sb*cb, sc*cd*cb, sd**3, sb*sd**2, cd*sd**2, cd*sb*sd, sc*cd*sb, sa**4, ca*sa**3, cc*sa**3, cb*sa**3, sd*sa**3, sb*sa**3, cd*sa**3, sc*sa**3, cc*ca*sa**2, cb*ca*sa**2, sd*ca*sa**2, sb*ca*sa**2, cd*ca*sa**2, sc*ca*sa**2, cc**2*sa**2, cb*cc*sa**2;['sc', 'cd', 'sb', 'sd', 'cb', 'cc', 'ca', 'sa']
225;sd;sd_ca_sb_sa_cc_cd_cb_sc;540.7967917589704;5709;1538.28515625;cc*cd, cc**2, sb**2, ca**2, sd**2, cd**2*sc, sb*cd*sc, ca*cd*sc, sd*cd*sc, sa*cc*sc, sb*cc*sc, ca*cc*sc, sd*cc*sc, sa**2*sc, sb*sa*sc, ca*sa*sc, sd*sa*sc, ca*sb*sc, sd*sb*sc, sd*ca*sc, cb**3, cd*cb**2, cc*cb**2, sa*cb**2, sb*cb**2, ca*cb**2, sd*cb**2, cd**2*cb, sa*cd*cb, sb*cd*cb, ca*cd*cb, sd*cd*cb, sa*cc*cb, sb*cc*cb, ca*cc*cb, sd*cc*cb, sa**2*cb, sb*sa*cb, ca*sa*cb, sd*sa*cb, ca*sb*cb, sd*sb*cb, sd*ca*cb, cd**3, sa*cd**2, sb*cd**2, ca*cd**2, sd*cd**2, sa**2*cd, sb*sa*cd, ca*sa*cd, sd*sa*cd, ca*sb*cd, sd*sb*cd, sd*ca*cd, sa**2*cc, sb*sa*cc, ca*sa*cc, sd*sa*cc, ca*sb*cc, sd*sb*cc, sd*ca*cc, sa**3, sb*sa**2, ca*sa**2, sd*sa**2, ca*sb*sa, sd*sb*sa, sd*ca*sa, sd*ca*sb, sc**4, cb*sc**3, cd*sc**3, cc*sc**3, sa*sc**3, sb*sc**3, ca*sc**3, sd*sc**3, cb**2*sc**2, cd*cb*sc**2, cc*cb*sc**2, sa*cb*sc**2, sb*cb*sc**2, ca*cb*sc**2, sd*cb*sc**2, sa*cd*sc**2;['sd', 'ca', 'sb', 'sa', 'cc', 'cd', 'cb', 'sc']
226;sd;sd_sc_sa_sb_cb_cc_cd_ca;969.8339295800542;6328;1412.51171875;sb**2, sa**2, sc**2, sd*sc, sd**2, cb*cc*ca, sb*cc*ca, sa*cc*ca, sc*cc*ca, sd*cc*ca, cb**2*ca, sb*cb*ca, sa*cb*ca, sc*cb*ca, sd*cb*ca, sa*sb*ca, sc*sb*ca, sd*sb*ca, sc*sa*ca, sd*sa*ca, cd**3, cc*cd**2, cb*cd**2, sb*cd**2, sa*cd**2, sc*cd**2, sd*cd**2, cc**2*cd, cb*cc*cd, sb*cc*cd, sa*cc*cd, sc*cc*cd, sd*cc*cd, cb**2*cd, sb*cb*cd, sa*cb*cd, sc*cb*cd, sd*cb*cd, sa*sb*cd, sc*sb*cd, sd*sb*cd, sc*sa*cd, sd*sa*cd, cc**3, cb*cc**2, sb*cc**2, sa*cc**2, sc*cc**2, sd*cc**2, cb**2*cc, sb*cb*cc, sa*cb*cc, sc*cb*cc, sd*cb*cc, sa*sb*cc, sc*sb*cc, sd*sb*cc, sc*sa*cc, sd*sa*cc, cb**3, sb*cb**2, sa*cb**2, sc*cb**2, sd*cb**2, sa*sb*cb, sc*sb*cb, sd*sb*cb, sc*sa*cb, sd*sa*cb, sc*sa*sb, sd*sa*sb, ca**4, cd*ca**3, cc*ca**3, cb*ca**3, sb*ca**3, sa*ca**3, sc*ca**3, sd*ca**3, cd**2*ca**2, cc*cd*ca**2, cb*cd*ca**2, sb*cd*ca**2, sa*cd*ca**2, sc*cd*ca**2, sd*cd*ca**2, cc**2*ca**2;['sd', 'sc', 'sa', 'sb', 'cb', 'cc', 'cd', 'ca']
227;sc;sc_cd_cc_ca_sa_sb_sd_cb;1015.1443039780715;6214;1412.51171875;sb**2, ca**2, cd*cc, cd**2, sc**2, ca*sb*cb, cc*sb*cb, cd*sb*cb, sc*sb*cb, sa**2*cb, ca*sa*cb, cc*sa*cb, cd*sa*cb, sc*sa*cb, cc*ca*cb, cd*ca*cb, sc*ca*cb, cc**2*cb, sc*cc*cb, sc*cd*cb, sd**3, sb*sd**2, sa*sd**2, ca*sd**2, cc*sd**2, cd*sd**2, sc*sd**2, sa*sb*sd, ca*sb*sd, cc*sb*sd, cd*sb*sd, sc*sb*sd, sa**2*sd, ca*sa*sd, cc*sa*sd, cd*sa*sd, sc*sa*sd, cc*ca*sd, cd*ca*sd, sc*ca*sd, cc**2*sd, sc*cc*sd, sc*cd*sd, sa**2*sb, ca*sa*sb, cc*sa*sb, cd*sa*sb, sc*sa*sb, cc*ca*sb, cd*ca*sb, sc*ca*sb, cc**2*sb, sc*cc*sb, sc*cd*sb, sa**3, ca*sa**2, cc*sa**2, cd*sa**2, sc*sa**2, cc*ca*sa, cd*ca*sa, sc*ca*sa, cc**2*sa, sc*cc*sa, sc*cd*sa, cc**2*ca, sc*cc*ca, sc*cd*ca, cc**3, sc*cc**2, cb**4, sd*cb**3, sb*cb**3, sa*cb**3, ca*cb**3, cc*cb**3, cd*cb**3, sc*cb**3, sd**2*cb**2, sb*sd*cb**2, sa*sd*cb**2, ca*sd*cb**2, cc*sd*cb**2, cd*sd*cb**2, sc*sd*cb**2, sa*sb*cb**2;['sc', 'cd', 'cc', 'ca', 'sa', 'sb', 'sd', 'cb']
228;cc;cc_sa_cd_sd_sc_ca_sb_cb;560.8902828790015;6193;1412.51171875;sb**2, cd**2, cc*cd, sa**2, cc**2, sd*ca*cb, cd*ca*cb, sa*ca*cb, cc*ca*cb, sc**2*cb, sd*sc*cb, cd*sc*cb, sa*sc*cb, cc*sc*cb, sd**2*cb, cd*sd*cb, sa*sd*cb, cc*sd*cb, sa*cd*cb, cc*sa*cb, ca**2*sb, sc*ca*sb, sd*ca*sb, cd*ca*sb, sa*ca*sb, cc*ca*sb, sc**2*sb, sd*sc*sb, cd*sc*sb, sa*sc*sb, cc*sc*sb, sd**2*sb, cd*sd*sb, sa*sd*sb, cc*sd*sb, sa*cd*sb, cc*sa*sb, ca**3, sc*ca**2, sd*ca**2, cd*ca**2, sa*ca**2, cc*ca**2, sc**2*ca, sd*sc*ca, cd*sc*ca, sa*sc*ca, cc*sc*ca, sd**2*ca, cd*sd*ca, sa*sd*ca, cc*sd*ca, sa*cd*ca, cc*sa*ca, sc**3, sd*sc**2, cd*sc**2, sa*sc**2, cc*sc**2, sd**2*sc, cd*sd*sc, sa*sd*sc, cc*sd*sc, sa*cd*sc, cc*sa*sc, sd**3, cd*sd**2, sa*sd**2, cc*sd**2, sa*cd*sd, cc*sa*sd, cb**4, sb*cb**3, ca*cb**3, sc*cb**3, sd*cb**3, cd*cb**3, sa*cb**3, cc*cb**3, ca*sb*cb**2, sc*sb*cb**2, sd*sb*cb**2, cd*sb*cb**2, sa*sb*cb**2, cc*sb*cb**2, ca**2*cb**2, sc*ca*cb**2;['cc', 'sa', 'cd', 'sd', 'sc', 'ca', 'sb', 'cb']
229;sb;sb_sc_cb_cd_sa_ca_cc_sd;549.9807292310288;5548;1412.51171875;cd*cc, sa**2, cd**2, sc**2, sb**2, cc**2*sd, sc*cc*sd, sc*ca*sd, sb*ca*sd, cd*sa*sd, cb*sa*sd, sc*sa*sd, sb*sa*sd, cb*cd*sd, sc*cd*sd, sb*cd*sd, cb**2*sd, sc*cb*sd, sb*cb*sd, sb*sc*sd, cc**3, ca*cc**2, sa*cc**2, cb*cc**2, sc*cc**2, sb*cc**2, ca**2*cc, sa*ca*cc, cb*ca*cc, sc*ca*cc, sb*ca*cc, cb*sa*cc, sc*sa*cc, sb*sa*cc, cb**2*cc, sc*cb*cc, sb*cb*cc, sb*sc*cc, ca**3, sa*ca**2, cd*ca**2, cb*ca**2, sc*ca**2, sb*ca**2, cd*sa*ca, cb*sa*ca, sc*sa*ca, sb*sa*ca, cb*cd*ca, sc*cd*ca, sb*cd*ca, cb**2*ca, sc*cb*ca, sb*cb*ca, sb*sc*ca, cb*cd*sa, sc*cd*sa, sb*cd*sa, cb**2*sa, sc*cb*sa, sb*cb*sa, sb*sc*sa, cb**2*cd, sc*cb*cd, sb*cb*cd, sb*sc*cd, cb**3, sc*cb**2, sb*cb**2, sb*sc*cb, sd**4, cc*sd**3, ca*sd**3, sa*sd**3, cd*sd**3, cb*sd**3, sc*sd**3, sb*sd**3, ca*cc*sd**2, sa*cc*sd**2, cb*cc*sd**2, sb*cc*sd**2, ca**2*sd**2, sa*ca*sd**2, cd*ca*sd**2, cb*ca*sd**2;['sb', 'sc', 'cb', 'cd', 'sa', 'ca', 'cc', 'sd']
230;sb;sb_sa_sd_sc_cc_ca_cd_cb;561.2801174850902;6372;1412.51171875;sc**2, sd*sc, sd**2, sa**2, sb**2, cc*ca*cb, sc*ca*cb, sd*ca*cb, sa*ca*cb, sb*ca*cb, cc**2*cb, sc*cc*cb, sd*cc*cb, sa*cc*cb, sb*cc*cb, sa*sc*cb, sb*sc*cb, sa*sd*cb, sb*sd*cb, sb*sa*cb, cd**3, ca*cd**2, cc*cd**2, sc*cd**2, sd*cd**2, sa*cd**2, sb*cd**2, ca**2*cd, cc*ca*cd, sc*ca*cd, sd*ca*cd, sa*ca*cd, sb*ca*cd, cc**2*cd, sc*cc*cd, sd*cc*cd, sa*cc*cd, sb*cc*cd, sa*sc*cd, sb*sc*cd, sa*sd*cd, sb*sd*cd, sb*sa*cd, ca**3, cc*ca**2, sc*ca**2, sd*ca**2, sa*ca**2, sb*ca**2, cc**2*ca, sc*cc*ca, sd*cc*ca, sa*cc*ca, sb*cc*ca, sa*sc*ca, sb*sc*ca, sa*sd*ca, sb*sd*ca, sb*sa*ca, cc**3, sc*cc**2, sd*cc**2, sa*cc**2, sb*cc**2, sa*sc*cc, sb*sc*cc, sa*sd*cc, sb*sd*cc, sb*sa*cc, sb*sa*sc, sb*sa*sd, cb**4, cd*cb**3, ca*cb**3, cc*cb**3, sc*cb**3, sd*cb**3, sa*cb**3, sb*cb**3, cd**2*cb**2, ca*cd*cb**2, cc*cd*cb**2, sc*cd*cb**2, sd*cd*cb**2, sa*cd*cb**2, sb*cd*cb**2, ca**2*cb**2;['sb', 'sa', 'sd', 'sc', 'cc', 'ca', 'cd', 'cb']
231;sd;sd_sa_sb_ca_cb_sc_cd_cc;467.15504264098126;5119;1412.51171875;sc**2, sd*sc, sb**2, sa**2, sd**2, cd**2*cc, sc*cd*cc, sd*cd*cc, cb**2*cc, ca*cb*cc, sb*cb*cc, sa*cb*cc, sd*cb*cc, ca**2*cc, sb*ca*cc, sa*ca*cc, sd*ca*cc, sa*sb*cc, sd*sb*cc, sd*sa*cc, cd**3, sc*cd**2, cb*cd**2, ca*cd**2, sb*cd**2, sa*cd**2, sd*cd**2, cb*sc*cd, ca*sc*cd, sb*sc*cd, sa*sc*cd, cb**2*cd, ca*cb*cd, sb*cb*cd, sa*cb*cd, sd*cb*cd, ca**2*cd, sb*ca*cd, sa*ca*cd, sd*ca*cd, sa*sb*cd, sd*sb*cd, sd*sa*cd, cb**2*sc, ca*cb*sc, sb*cb*sc, sa*cb*sc, ca**2*sc, sb*ca*sc, sa*ca*sc, sa*sb*sc, cb**3, ca*cb**2, sb*cb**2, sa*cb**2, sd*cb**2, ca**2*cb, sb*ca*cb, sa*ca*cb, sd*ca*cb, sa*sb*cb, sd*sb*cb, sd*sa*cb, ca**3, sb*ca**2, sa*ca**2, sd*ca**2, sa*sb*ca, sd*sb*ca, sd*sa*ca, sd*sa*sb, cc**4, cd*cc**3, sc*cc**3, cb*cc**3, ca*cc**3, sb*cc**3, sa*cc**3, sd*cc**3, cb*cd*cc**2, ca*cd*cc**2, sb*cd*cc**2, sa*cd*cc**2, cb*sc*cc**2, ca*sc*cc**2, sb*sc*cc**2, sa*sc*cc**2;['sd', 'sa', 'sb', 'ca', 'cb', 'sc', 'cd', 'cc']
232;cb;cb_cc_sb_cd_sc_sa_ca_sd;457.6309982530074;6362;1412.51171875;sa**2, cd**2, cc*cd, cc**2, cb**2, cd*sa*sd, sb*sa*sd, cc*sa*sd, cb*sa*sd, sc**2*sd, cd*sc*sd, sb*sc*sd, cc*sc*sd, cb*sc*sd, sb*cd*sd, cb*cd*sd, sb**2*sd, cc*sb*sd, cb*sb*sd, cb*cc*sd, ca**3, sa*ca**2, sc*ca**2, cd*ca**2, sb*ca**2, cc*ca**2, cb*ca**2, sc*sa*ca, cd*sa*ca, sb*sa*ca, cc*sa*ca, cb*sa*ca, sc**2*ca, cd*sc*ca, sb*sc*ca, cc*sc*ca, cb*sc*ca, sb*cd*ca, cb*cd*ca, sb**2*ca, cc*sb*ca, cb*sb*ca, cb*cc*ca, sc**2*sa, cd*sc*sa, sb*sc*sa, cc*sc*sa, cb*sc*sa, sb*cd*sa, cb*cd*sa, sb**2*sa, cc*sb*sa, cb*sb*sa, cb*cc*sa, sc**3, cd*sc**2, sb*sc**2, cc*sc**2, cb*sc**2, sb*cd*sc, cb*cd*sc, sb**2*sc, cc*sb*sc, cb*sb*sc, cb*cc*sc, sb**2*cd, cb*sb*cd, sb**3, cc*sb**2, cb*sb**2, cb*cc*sb, sd**4, ca*sd**3, sa*sd**3, sc*sd**3, cd*sd**3, sb*sd**3, cc*sd**3, cb*sd**3, ca**2*sd**2, sa*ca*sd**2, sc*ca*sd**2, cd*ca*sd**2, sb*ca*sd**2, cc*ca*sd**2, cb*ca*sd**2, sc*sa*sd**2;['cb', 'cc', 'sb', 'cd', 'sc', 'sa', 'ca', 'sd']
233;sa;sa_sc_cb_cc_sd_ca_sb_cd;1667.5400329399854;6441;1412.51171875;sd**2, sc*sd, cb**2, sc**2, sa**2, sd*ca*cd, cc*ca*cd, cb*ca*cd, sc*ca*cd, sa*ca*cd, cc*sd*cd, cb*sd*cd, sa*sd*cd, cc**2*cd, cb*cc*cd, sc*cc*cd, sa*cc*cd, sc*cb*cd, sa*cb*cd, sa*sc*cd, sb**3, ca*sb**2, sd*sb**2, cc*sb**2, cb*sb**2, sc*sb**2, sa*sb**2, ca**2*sb, sd*ca*sb, cc*ca*sb, cb*ca*sb, sc*ca*sb, sa*ca*sb, cc*sd*sb, cb*sd*sb, sa*sd*sb, cc**2*sb, cb*cc*sb, sc*cc*sb, sa*cc*sb, sc*cb*sb, sa*cb*sb, sa*sc*sb, ca**3, sd*ca**2, cc*ca**2, cb*ca**2, sc*ca**2, sa*ca**2, cc*sd*ca, cb*sd*ca, sa*sd*ca, cc**2*ca, cb*cc*ca, sc*cc*ca, sa*cc*ca, sc*cb*ca, sa*cb*ca, sa*sc*ca, cc**2*sd, cb*cc*sd, sa*cc*sd, sa*cb*sd, cc**3, cb*cc**2, sc*cc**2, sa*cc**2, sc*cb*cc, sa*cb*cc, sa*sc*cc, sa*sc*cb, cd**4, sb*cd**3, ca*cd**3, sd*cd**3, cc*cd**3, cb*cd**3, sc*cd**3, sa*cd**3, sb**2*cd**2, ca*sb*cd**2, sd*sb*cd**2, cc*sb*cd**2, cb*sb*cd**2, sc*sb*cd**2, sa*sb*cd**2, ca**2*cd**2;['sa', 'sc', 'cb', 'cc', 'sd', 'ca', 'sb', 'cd']
234;cb;cb_sc_sd_sa_sb_ca_cc_cd;967.5029774560826;5610;1412.51171875;sa**2, sd**2, sc*sd, sc**2, cb**2, cc**2*cd, sd*cc*cd, sc*cc*cd, sc*ca*cd, cb*ca*cd, sb**2*cd, sa*sb*cd, sd*sb*cd, sc*sb*cd, cb*sb*cd, sd*sa*cd, sc*sa*cd, cb*sa*cd, cb*sd*cd, cb*sc*cd, cc**3, ca*cc**2, sb*cc**2, sa*cc**2, sd*cc**2, sc*cc**2, cb*cc**2, ca**2*cc, sb*ca*cc, sa*ca*cc, sd*ca*cc, sc*ca*cc, cb*ca*cc, sb**2*cc, sa*sb*cc, sd*sb*cc, sc*sb*cc, cb*sb*cc, sd*sa*cc, sc*sa*cc, cb*sa*cc, cb*sd*cc, cb*sc*cc, ca**3, sb*ca**2, sa*ca**2, sd*ca**2, sc*ca**2, cb*ca**2, sb**2*ca, sa*sb*ca, sd*sb*ca, sc*sb*ca, cb*sb*ca, sd*sa*ca, sc*sa*ca, cb*sa*ca, cb*sd*ca, cb*sc*ca, sb**3, sa*sb**2, sd*sb**2, sc*sb**2, cb*sb**2, sd*sa*sb, sc*sa*sb, cb*sa*sb, cb*sd*sb, cb*sc*sb, cb*sd*sa, cb*sc*sa, cd**4, cc*cd**3, ca*cd**3, sb*cd**3, sa*cd**3, sd*cd**3, sc*cd**3, cb*cd**3, ca*cc*cd**2, sb*cc*cd**2, sa*cc*cd**2, cb*cc*cd**2, ca**2*cd**2, sb*ca*cd**2, sa*ca*cd**2, sd*ca*cd**2;['cb', 'sc', 'sd', 'sa', 'sb', 'ca', 'cc', 'cd']
235;sb;sb_sa_cc_sc_sd_cb_ca_cd;398.72439290897455;5639;1412.51171875;sd**2, sc*sd, cc**2, sa**2, sb**2, sd*cb*cd, sc*cb*cd, cc*cb*cd, sa*cb*cd, sb*cb*cd, cc*sd*cd, sa*sd*cd, sb*sd*cd, sc**2*cd, cc*sc*cd, sa*sc*cd, sb*sc*cd, sa*cc*cd, sb*cc*cd, sb*sa*cd, ca**3, cb*ca**2, sd*ca**2, sc*ca**2, cc*ca**2, sa*ca**2, sb*ca**2, cb**2*ca, sd*cb*ca, sc*cb*ca, cc*cb*ca, sa*cb*ca, sb*cb*ca, cc*sd*ca, sa*sd*ca, sb*sd*ca, sc**2*ca, cc*sc*ca, sa*sc*ca, sb*sc*ca, sa*cc*ca, sb*cc*ca, sb*sa*ca, cb**3, sd*cb**2, sc*cb**2, cc*cb**2, sa*cb**2, sb*cb**2, cc*sd*cb, sa*sd*cb, sb*sd*cb, sc**2*cb, cc*sc*cb, sa*sc*cb, sb*sc*cb, sa*cc*cb, sb*cc*cb, sb*sa*cb, sa*cc*sd, sb*cc*sd, sb*sa*sd, sc**3, cc*sc**2, sa*sc**2, sb*sc**2, sa*cc*sc, sb*cc*sc, sb*sa*sc, sb*sa*cc, cd**4, ca*cd**3, cb*cd**3, sd*cd**3, sc*cd**3, cc*cd**3, sa*cd**3, sb*cd**3, ca**2*cd**2, cb*ca*cd**2, sd*ca*cd**2, sc*ca*cd**2, cc*ca*cd**2, sa*ca*cd**2, sb*ca*cd**2, cb**2*cd**2;['sb', 'sa', 'cc', 'sc', 'sd', 'cb', 'ca', 'cd']
236;sa;sa_ca_cb_cc_sd_sb_sc_cd;407.23882236902136;5182;1412.51171875;sd*sc, sd**2, cc**2, cb**2, sa**2, sc**2*cd, cc*sc*cd, ca*sb*cd, sa*sb*cd, cc*sd*cd, cb*sd*cd, ca*sd*cd, sa*sd*cd, cb*cc*cd, ca*cc*cd, sa*cc*cd, ca*cb*cd, sa*cb*cd, ca**2*cd, sa*ca*cd, sc**3, sb*sc**2, cc*sc**2, cb*sc**2, ca*sc**2, sa*sc**2, sb**2*sc, cc*sb*sc, cb*sb*sc, ca*sb*sc, sa*sb*sc, cb*cc*sc, ca*cc*sc, sa*cc*sc, ca*cb*sc, sa*cb*sc, ca**2*sc, sa*ca*sc, sb**3, sd*sb**2, cc*sb**2, cb*sb**2, ca*sb**2, sa*sb**2, cc*sd*sb, cb*sd*sb, ca*sd*sb, sa*sd*sb, cb*cc*sb, ca*cc*sb, sa*cc*sb, ca*cb*sb, sa*cb*sb, ca**2*sb, sa*ca*sb, cb*cc*sd, ca*cc*sd, sa*cc*sd, ca*cb*sd, sa*cb*sd, ca**2*sd, sa*ca*sd, ca*cb*cc, sa*cb*cc, ca**2*cc, sa*ca*cc, ca**2*cb, sa*ca*cb, ca**3, sa*ca**2, cd**4, sc*cd**3, sb*cd**3, sd*cd**3, cc*cd**3, cb*cd**3, ca*cd**3, sa*cd**3, sb*sc*cd**2, cb*sc*cd**2, ca*sc*cd**2, sa*sc*cd**2, sb**2*cd**2, sd*sb*cd**2, cc*sb*cd**2, cb*sb*cd**2;['sa', 'ca', 'cb', 'cc', 'sd', 'sb', 'sc', 'cd']
237;cd;cd_sd_ca_cc_sb_sa_cb_sc;441.38909991201945;6332;1412.51171875;sb**2, cc**2, cd*cc, ca**2, cd**2, sb*sa*sc, cc*sa*sc, ca*sa*sc, sd*sa*sc, cd*sa*sc, cc*sb*sc, ca*sb*sc, sd*sb*sc, cd*sb*sc, ca*cc*sc, sd*cc*sc, sd*ca*sc, cd*ca*sc, sd**2*sc, cd*sd*sc, cb**3, sa*cb**2, sb*cb**2, cc*cb**2, ca*cb**2, sd*cb**2, cd*cb**2, sa**2*cb, sb*sa*cb, cc*sa*cb, ca*sa*cb, sd*sa*cb, cd*sa*cb, cc*sb*cb, ca*sb*cb, sd*sb*cb, cd*sb*cb, ca*cc*cb, sd*cc*cb, sd*ca*cb, cd*ca*cb, sd**2*cb, cd*sd*cb, sa**3, sb*sa**2, cc*sa**2, ca*sa**2, sd*sa**2, cd*sa**2, cc*sb*sa, ca*sb*sa, sd*sb*sa, cd*sb*sa, ca*cc*sa, sd*cc*sa, sd*ca*sa, cd*ca*sa, sd**2*sa, cd*sd*sa, ca*cc*sb, sd*cc*sb, sd*ca*sb, cd*ca*sb, sd**2*sb, cd*sd*sb, sd*ca*cc, sd**2*cc, sd**2*ca, cd*sd*ca, sd**3, cd*sd**2, sc**4, cb*sc**3, sa*sc**3, sb*sc**3, cc*sc**3, ca*sc**3, sd*sc**3, cd*sc**3, cb**2*sc**2, sa*cb*sc**2, sb*cb*sc**2, cc*cb*sc**2, ca*cb*sc**2, sd*cb*sc**2, cd*cb*sc**2, sa**2*sc**2;['cd', 'sd', 'ca', 'cc', 'sb', 'sa', 'cb', 'sc']
238;sb;sb_sa_sd_cd_ca_cc_sc_cb;938.1869438380236;6498;1413.01171875;cc**2, cd*cc, sd**2, sa**2, sb**2, sd*cc*cb, sa*cc*cb, sb*cc*cb, ca**2*cb, cd*ca*cb, sd*ca*cb, sa*ca*cb, sb*ca*cb, cd**2*cb, sd*cd*cb, sa*cd*cb, sb*cd*cb, sa*sd*cb, sb*sd*cb, sb*sa*cb, sc**3, cc*sc**2, ca*sc**2, cd*sc**2, sd*sc**2, sa*sc**2, sb*sc**2, ca*cc*sc, sd*cc*sc, sa*cc*sc, sb*cc*sc, ca**2*sc, cd*ca*sc, sd*ca*sc, sa*ca*sc, sb*ca*sc, cd**2*sc, sd*cd*sc, sa*cd*sc, sb*cd*sc, sa*sd*sc, sb*sd*sc, sb*sa*sc, ca**2*cc, sd*ca*cc, sa*ca*cc, sb*ca*cc, sa*sd*cc, sb*sd*cc, sb*sa*cc, ca**3, cd*ca**2, sd*ca**2, sa*ca**2, sb*ca**2, cd**2*ca, sd*cd*ca, sa*cd*ca, sb*cd*ca, sa*sd*ca, sb*sd*ca, sb*sa*ca, cd**3, sd*cd**2, sa*cd**2, sb*cd**2, sa*sd*cd, sb*sd*cd, sb*sa*cd, sb*sa*sd, cb**4, sc*cb**3, cc*cb**3, ca*cb**3, cd*cb**3, sd*cb**3, sa*cb**3, sb*cb**3, sc**2*cb**2, cc*sc*cb**2, ca*sc*cb**2, cd*sc*cb**2, sd*sc*cb**2, sa*sc*cb**2, sb*sc*cb**2, ca*cc*cb**2;['sb', 'sa', 'sd', 'cd', 'ca', 'cc', 'sc', 'cb']
239;sc;sc_cd_sa_cc_cb_sb_sd_ca;536.201495582005;5743;1413.01171875;cb**2, cd*cc, sa**2, cd**2, sc**2, cb*sb*ca, cc*sb*ca, sa*sb*ca, cd*sb*ca, sc*sb*ca, cc*cb*ca, sa*cb*ca, cd*cb*ca, sc*cb*ca, cc**2*ca, sa*cc*ca, sc*cc*ca, cd*sa*ca, sc*sa*ca, sc*cd*ca, sd**3, sb*sd**2, cb*sd**2, cc*sd**2, sa*sd**2, cd*sd**2, sc*sd**2, sb**2*sd, cb*sb*sd, cc*sb*sd, sa*sb*sd, cd*sb*sd, sc*sb*sd, cc*cb*sd, sa*cb*sd, cd*cb*sd, sc*cb*sd, cc**2*sd, sa*cc*sd, sc*cc*sd, cd*sa*sd, sc*sa*sd, sc*cd*sd, sb**3, cb*sb**2, cc*sb**2, sa*sb**2, cd*sb**2, sc*sb**2, cc*cb*sb, sa*cb*sb, cd*cb*sb, sc*cb*sb, cc**2*sb, sa*cc*sb, sc*cc*sb, cd*sa*sb, sc*sa*sb, sc*cd*sb, cc**2*cb, sa*cc*cb, sc*cc*cb, cd*sa*cb, sc*sa*cb, sc*cd*cb, cc**3, sa*cc**2, sc*cc**2, sc*sa*cc, sc*cd*sa, ca**4, sd*ca**3, sb*ca**3, cb*ca**3, cc*ca**3, sa*ca**3, cd*ca**3, sc*ca**3, sd**2*ca**2, sb*sd*ca**2, cb*sd*ca**2, cc*sd*ca**2, sa*sd*ca**2, cd*sd*ca**2, sc*sd*ca**2, sb**2*ca**2;['sc', 'cd', 'sa', 'cc', 'cb', 'sb', 'sd', 'ca']
240;cc;cc_sa_sc_sb_cb_sd_ca_cd;594.1173796730582;5592;1413.01171875;sd**2, sc*sd, sb**2, sa**2, cc**2, sb*sd*cd, sa*sd*cd, cc*sd*cd, cb**2*cd, sb*cb*cd, sc*cb*cd, sa*cb*cd, cc*cb*cd, sc*sb*cd, sa*sb*cd, cc*sb*cd, sc**2*cd, sa*sc*cd, cc*sc*cd, cc*sa*cd, ca**3, sd*ca**2, cb*ca**2, sb*ca**2, sc*ca**2, sa*ca**2, cc*ca**2, cb*sd*ca, sb*sd*ca, sa*sd*ca, cc*sd*ca, cb**2*ca, sb*cb*ca, sc*cb*ca, sa*cb*ca, cc*cb*ca, sc*sb*ca, sa*sb*ca, cc*sb*ca, sc**2*ca, sa*sc*ca, cc*sc*ca, cc*sa*ca, cb**2*sd, sb*cb*sd, sa*cb*sd, cc*cb*sd, sa*sb*sd, cc*sb*sd, cc*sa*sd, cb**3, sb*cb**2, sc*cb**2, sa*cb**2, cc*cb**2, sc*sb*cb, sa*sb*cb, cc*sb*cb, sc**2*cb, sa*sc*cb, cc*sc*cb, cc*sa*cb, sc**2*sb, sa*sc*sb, cc*sc*sb, cc*sa*sb, sc**3, sa*sc**2, cc*sc**2, cc*sa*sc, cd**4, ca*cd**3, sd*cd**3, cb*cd**3, sb*cd**3, sc*cd**3, sa*cd**3, cc*cd**3, ca**2*cd**2, sd*ca*cd**2, cb*ca*cd**2, sb*ca*cd**2, sc*ca*cd**2, sa*ca*cd**2, cc*ca*cd**2, cb*sd*cd**2;['cc', 'sa', 'sc', 'sb', 'cb', 'sd', 'ca', 'cd']
241;sd;sd_sa_ca_cd_cc_sc_cb_sb;538.3782322679181;5891;1412.02734375;cb**2, cc**2, cd*cc, sa**2, sd**2, cd*sc*sb, ca*sc*sb, sa*sc*sb, sd*sc*sb, ca*cc*sb, sa*cc*sb, sd*cc*sb, cd**2*sb, ca*cd*sb, sa*cd*sb, sd*cd*sb, ca**2*sb, sa*ca*sb, sd*ca*sb, sd*sa*sb, sc**2*cb, cc*sc*cb, cd*sc*cb, ca*sc*cb, sa*sc*cb, sd*sc*cb, ca*cc*cb, sa*cc*cb, sd*cc*cb, cd**2*cb, ca*cd*cb, sa*cd*cb, sd*cd*cb, ca**2*cb, sa*ca*cb, sd*ca*cb, sd*sa*cb, sc**3, cc*sc**2, cd*sc**2, ca*sc**2, sa*sc**2, sd*sc**2, ca*cc*sc, sa*cc*sc, sd*cc*sc, cd**2*sc, ca*cd*sc, sa*cd*sc, sd*cd*sc, ca**2*sc, sa*ca*sc, sd*ca*sc, sd*sa*sc, ca**2*cc, sa*ca*cc, sd*ca*cc, sd*sa*cc, cd**3, ca*cd**2, sa*cd**2, sd*cd**2, ca**2*cd, sa*ca*cd, sd*ca*cd, sd*sa*cd, ca**3, sa*ca**2, sd*ca**2, sd*sa*ca, sb**4, cb*sb**3, sc*sb**3, cc*sb**3, cd*sb**3, ca*sb**3, sa*sb**3, sd*sb**3, sc*cb*sb**2, cc*cb*sb**2, cd*cb*sb**2, ca*cb*sb**2, sa*cb*sb**2, sd*cb*sb**2, sc**2*sb**2, cc*sc*sb**2;['sd', 'sa', 'ca', 'cd', 'cc', 'sc', 'cb', 'sb']
242;sa;sa_sb_cb_cd_sd_cc_sc_ca;587.1856586479116;6406;1412.02734375;cc**2, cd*cc, cd**2, sb**2, sa**2, cb*cc*ca, sb*cc*ca, sa*cc*ca, sd**2*ca, cd*sd*ca, cb*sd*ca, sb*sd*ca, sa*sd*ca, cb*cd*ca, sb*cd*ca, sa*cd*ca, cb**2*ca, sb*cb*ca, sa*cb*ca, sa*sb*ca, sc**3, cc*sc**2, sd*sc**2, cd*sc**2, cb*sc**2, sb*sc**2, sa*sc**2, sd*cc*sc, cb*cc*sc, sb*cc*sc, sa*cc*sc, sd**2*sc, cd*sd*sc, cb*sd*sc, sb*sd*sc, sa*sd*sc, cb*cd*sc, sb*cd*sc, sa*cd*sc, cb**2*sc, sb*cb*sc, sa*cb*sc, sa*sb*sc, sd**2*cc, cb*sd*cc, sb*sd*cc, sa*sd*cc, cb**2*cc, sb*cb*cc, sa*cb*cc, sa*sb*cc, sd**3, cd*sd**2, cb*sd**2, sb*sd**2, sa*sd**2, cb*cd*sd, sb*cd*sd, sa*cd*sd, cb**2*sd, sb*cb*sd, sa*cb*sd, sa*sb*sd, cb**2*cd, sb*cb*cd, sa*cb*cd, sa*sb*cd, cb**3, sb*cb**2, sa*cb**2, sa*sb*cb, ca**4, sc*ca**3, cc*ca**3, sd*ca**3, cd*ca**3, cb*ca**3, sb*ca**3, sa*ca**3, sc**2*ca**2, cc*sc*ca**2, sd*sc*ca**2, cd*sc*ca**2, cb*sc*ca**2, sb*sc*ca**2, sa*sc*ca**2, sd*cc*ca**2;['sa', 'sb', 'cb', 'cd', 'sd', 'cc', 'sc', 'ca']
243;ca;ca_sa_cd_cb_sd_cc_sc_sb;848.9954739169916;6276;1412.02734375;cc**2, cd*cc, cb**2, cd**2, ca**2, cb*cc*sb, sa*cc*sb, ca*cc*sb, sd**2*sb, cb*sd*sb, cd*sd*sb, sa*sd*sb, ca*sd*sb, cd*cb*sb, sa*cb*sb, ca*cb*sb, sa*cd*sb, ca*cd*sb, sa**2*sb, ca*sa*sb, sc**3, cc*sc**2, sd*sc**2, cb*sc**2, cd*sc**2, sa*sc**2, ca*sc**2, sd*cc*sc, cb*cc*sc, sa*cc*sc, ca*cc*sc, sd**2*sc, cb*sd*sc, cd*sd*sc, sa*sd*sc, ca*sd*sc, cd*cb*sc, sa*cb*sc, ca*cb*sc, sa*cd*sc, ca*cd*sc, sa**2*sc, ca*sa*sc, sd**2*cc, cb*sd*cc, sa*sd*cc, ca*sd*cc, sa*cb*cc, ca*cb*cc, sa**2*cc, ca*sa*cc, sd**3, cb*sd**2, cd*sd**2, sa*sd**2, ca*sd**2, cd*cb*sd, sa*cb*sd, ca*cb*sd, sa*cd*sd, ca*cd*sd, sa**2*sd, ca*sa*sd, sa*cd*cb, ca*cd*cb, sa**2*cb, ca*sa*cb, sa**2*cd, ca*sa*cd, sa**3, ca*sa**2, sb**4, sc*sb**3, cc*sb**3, sd*sb**3, cb*sb**3, cd*sb**3, sa*sb**3, ca*sb**3, sc**2*sb**2, cc*sc*sb**2, sd*sc*sb**2, cb*sc*sb**2, cd*sc*sb**2, sa*sc*sb**2, ca*sc*sb**2, sd*cc*sb**2;['ca', 'sa', 'cd', 'cb', 'sd', 'cc', 'sc', 'sb']
244;cc;cc_sd_sb_sc_cb_cd_sa_ca;576.3251212339383;6182;1412.02734375;sa**2, sd*sc, sb**2, sd**2, cc**2, sc*cd*ca, sb*cd*ca, sd*cd*ca, cc*cd*ca, cb**2*ca, sc*cb*ca, sb*cb*ca, sd*cb*ca, cc*cb*ca, sc**2*ca, sb*sc*ca, cc*sc*ca, sd*sb*ca, cc*sb*ca, cc*sd*ca, cd**2*sa, cb*cd*sa, sc*cd*sa, sb*cd*sa, sd*cd*sa, cc*cd*sa, cb**2*sa, sc*cb*sa, sb*cb*sa, sd*cb*sa, cc*cb*sa, sc**2*sa, sb*sc*sa, cc*sc*sa, sd*sb*sa, cc*sb*sa, cc*sd*sa, cd**3, cb*cd**2, sc*cd**2, sb*cd**2, sd*cd**2, cc*cd**2, cb**2*cd, sc*cb*cd, sb*cb*cd, sd*cb*cd, cc*cb*cd, sc**2*cd, sb*sc*cd, cc*sc*cd, sd*sb*cd, cc*sb*cd, cc*sd*cd, cb**3, sc*cb**2, sb*cb**2, sd*cb**2, cc*cb**2, sc**2*cb, sb*sc*cb, cc*sc*cb, sd*sb*cb, cc*sb*cb, cc*sd*cb, sc**3, sb*sc**2, cc*sc**2, cc*sb*sc, cc*sd*sb, ca**4, sa*ca**3, cd*ca**3, cb*ca**3, sc*ca**3, sb*ca**3, sd*ca**3, cc*ca**3, cd*sa*ca**2, cb*sa*ca**2, sc*sa*ca**2, sb*sa*ca**2, sd*sa*ca**2, cc*sa*ca**2, cd**2*ca**2, cb*cd*ca**2;['cc', 'sd', 'sb', 'sc', 'cb', 'cd', 'sa', 'ca']
245;sd;sd_cb_cd_cc_sa_sc_ca_sb;1158.6838569690008;6809;1412.02734375;sa**2, cc**2, cd*cc, cb**2, sd**2, sa*sc*sb, cc*sc*sb, cd*sc*sb, cb*sc*sb, sd*sc*sb, cc*sa*sb, cd*sa*sb, cb*sa*sb, sd*sa*sb, cb*cc*sb, sd*cc*sb, cd**2*sb, cb*cd*sb, sd*cd*sb, sd*cb*sb, ca**3, sc*ca**2, sa*ca**2, cc*ca**2, cd*ca**2, cb*ca**2, sd*ca**2, sc**2*ca, sa*sc*ca, cc*sc*ca, cd*sc*ca, cb*sc*ca, sd*sc*ca, cc*sa*ca, cd*sa*ca, cb*sa*ca, sd*sa*ca, cb*cc*ca, sd*cc*ca, cd**2*ca, cb*cd*ca, sd*cd*ca, sd*cb*ca, sc**3, sa*sc**2, cc*sc**2, cd*sc**2, cb*sc**2, sd*sc**2, cc*sa*sc, cd*sa*sc, cb*sa*sc, sd*sa*sc, cb*cc*sc, sd*cc*sc, cd**2*sc, cb*cd*sc, sd*cd*sc, sd*cb*sc, cb*cc*sa, sd*cc*sa, cd**2*sa, cb*cd*sa, sd*cd*sa, sd*cb*sa, sd*cb*cc, cd**3, cb*cd**2, sd*cd**2, sd*cb*cd, sb**4, ca*sb**3, sc*sb**3, sa*sb**3, cc*sb**3, cd*sb**3, cb*sb**3, sd*sb**3, ca**2*sb**2, sc*ca*sb**2, sa*ca*sb**2, cc*ca*sb**2, cd*ca*sb**2, cb*ca*sb**2, sd*ca*sb**2, sc**2*sb**2;['sd', 'cb', 'cd', 'cc', 'sa', 'sc', 'ca', 'sb']
246;ca;ca_sa_sd_sb_cb_sc_cc_cd;410.4646235749824;5292;1412.02734375;sc**2, sd*sc, sb**2, sd**2, ca**2, cc**2*cd, sc*cc*cd, sd*cc*cd, cb**2*cd, sb*cb*cd, sd*cb*cd, sa*cb*cd, ca*cb*cd, sd*sb*cd, sa*sb*cd, ca*sb*cd, sa*sd*cd, ca*sd*cd, sa**2*cd, ca*sa*cd, cc**3, sc*cc**2, cb*cc**2, sb*cc**2, sd*cc**2, sa*cc**2, ca*cc**2, cb*sc*cc, sb*sc*cc, sa*sc*cc, ca*sc*cc, cb**2*cc, sb*cb*cc, sd*cb*cc, sa*cb*cc, ca*cb*cc, sd*sb*cc, sa*sb*cc, ca*sb*cc, sa*sd*cc, ca*sd*cc, sa**2*cc, ca*sa*cc, cb**2*sc, sb*cb*sc, sa*cb*sc, ca*cb*sc, sa*sb*sc, ca*sb*sc, sa**2*sc, ca*sa*sc, cb**3, sb*cb**2, sd*cb**2, sa*cb**2, ca*cb**2, sd*sb*cb, sa*sb*cb, ca*sb*cb, sa*sd*cb, ca*sd*cb, sa**2*cb, ca*sa*cb, sa*sd*sb, ca*sd*sb, sa**2*sb, ca*sa*sb, sa**2*sd, ca*sa*sd, sa**3, ca*sa**2, cd**4, cc*cd**3, sc*cd**3, cb*cd**3, sb*cd**3, sd*cd**3, sa*cd**3, ca*cd**3, cb*cc*cd**2, sb*cc*cd**2, sa*cc*cd**2, ca*cc*cd**2, cb*sc*cd**2, sb*sc*cd**2, sa*sc*cd**2, ca*sc*cd**2;['ca', 'sa', 'sd', 'sb', 'cb', 'sc', 'cc', 'cd']
247;cc;cc_ca_sd_cb_cd_sc_sb_sa;452.5074833870167;5427;1412.02734375;cc*cd, cb**2, sd**2, ca**2, cc**2, cd*sc*sa, cb*sc*sa, sd*sc*sa, ca*sc*sa, cc*sc*sa, cd**2*sa, cb*cd*sa, sd*cd*sa, ca*cd*sa, sd*cb*sa, ca*cb*sa, cc*cb*sa, ca*sd*sa, cc*sd*sa, cc*ca*sa, sb**3, sc*sb**2, cd*sb**2, cb*sb**2, sd*sb**2, ca*sb**2, cc*sb**2, sc**2*sb, cd*sc*sb, cb*sc*sb, sd*sc*sb, ca*sc*sb, cc*sc*sb, cd**2*sb, cb*cd*sb, sd*cd*sb, ca*cd*sb, sd*cb*sb, ca*cb*sb, cc*cb*sb, ca*sd*sb, cc*sd*sb, cc*ca*sb, sc**3, cd*sc**2, cb*sc**2, sd*sc**2, ca*sc**2, cc*sc**2, cd**2*sc, cb*cd*sc, sd*cd*sc, ca*cd*sc, sd*cb*sc, ca*cb*sc, cc*cb*sc, ca*sd*sc, cc*sd*sc, cc*ca*sc, cd**3, cb*cd**2, sd*cd**2, ca*cd**2, sd*cb*cd, ca*cb*cd, ca*sd*cd, ca*sd*cb, cc*sd*cb, cc*ca*cb, cc*ca*sd, sa**4, sb*sa**3, sc*sa**3, cd*sa**3, cb*sa**3, sd*sa**3, ca*sa**3, cc*sa**3, sb**2*sa**2, sc*sb*sa**2, cd*sb*sa**2, cb*sb*sa**2, sd*sb*sa**2, ca*sb*sa**2, cc*sb*sa**2, sc**2*sa**2;['cc', 'ca', 'sd', 'cb', 'cd', 'sc', 'sb', 'sa']
248;sd;sd_cb_cd_sa_sc_sb_cc_ca;658.788243877003;6732;1412.02734375;sc**2, sd*sc, sa**2, cb**2, sd**2, sc*sb*ca, sa*sb*ca, cd*sb*ca, cb*sb*ca, sd*sb*ca, sa*sc*ca, cd*sc*ca, cb*sc*ca, cd*sa*ca, cb*sa*ca, sd*sa*ca, cd**2*ca, cb*cd*ca, sd*cd*ca, sd*cb*ca, cc**3, sb*cc**2, sc*cc**2, sa*cc**2, cd*cc**2, cb*cc**2, sd*cc**2, sb**2*cc, sc*sb*cc, sa*sb*cc, cd*sb*cc, cb*sb*cc, sd*sb*cc, sa*sc*cc, cd*sc*cc, cb*sc*cc, cd*sa*cc, cb*sa*cc, sd*sa*cc, cd**2*cc, cb*cd*cc, sd*cd*cc, sd*cb*cc, sb**3, sc*sb**2, sa*sb**2, cd*sb**2, cb*sb**2, sd*sb**2, sa*sc*sb, cd*sc*sb, cb*sc*sb, cd*sa*sb, cb*sa*sb, sd*sa*sb, cd**2*sb, cb*cd*sb, sd*cd*sb, sd*cb*sb, cd*sa*sc, cb*sa*sc, cd**2*sc, cb*cd*sc, cd**2*sa, cb*cd*sa, sd*cd*sa, sd*cb*sa, cd**3, cb*cd**2, sd*cd**2, sd*cb*cd, ca**4, cc*ca**3, sb*ca**3, sc*ca**3, sa*ca**3, cd*ca**3, cb*ca**3, sd*ca**3, cc**2*ca**2, sb*cc*ca**2, sc*cc*ca**2, sa*cc*ca**2, cd*cc*ca**2, cb*cc*ca**2, sd*cc*ca**2, sb**2*ca**2;['sd', 'cb', 'cd', 'sa', 'sc', 'sb', 'cc', 'ca']
249;sc;sc_sa_cc_cd_ca_sb_sd_cb;766.8439604140585;6268;1412.02734375;sb**2, cd**2, cc*cd, sa**2, sc**2, cd*sb*cb, cc*sb*cb, sa*sb*cb, sc*sb*cb, ca**2*cb, cd*ca*cb, cc*ca*cb, sa*ca*cb, sc*ca*cb, sa*cd*cb, sc*cd*cb, cc**2*cb, sa*cc*cb, sc*cc*cb, sc*sa*cb, sd**3, sb*sd**2, ca*sd**2, cd*sd**2, cc*sd**2, sa*sd**2, sc*sd**2, ca*sb*sd, cd*sb*sd, cc*sb*sd, sa*sb*sd, sc*sb*sd, ca**2*sd, cd*ca*sd, cc*ca*sd, sa*ca*sd, sc*ca*sd, sa*cd*sd, sc*cd*sd, cc**2*sd, sa*cc*sd, sc*cc*sd, sc*sa*sd, ca**2*sb, cd*ca*sb, cc*ca*sb, sa*ca*sb, sc*ca*sb, sa*cd*sb, sc*cd*sb, cc**2*sb, sa*cc*sb, sc*cc*sb, sc*sa*sb, ca**3, cd*ca**2, cc*ca**2, sa*ca**2, sc*ca**2, sa*cd*ca, sc*cd*ca, cc**2*ca, sa*cc*ca, sc*cc*ca, sc*sa*ca, sc*sa*cd, cc**3, sa*cc**2, sc*cc**2, sc*sa*cc, cb**4, sd*cb**3, sb*cb**3, ca*cb**3, cd*cb**3, cc*cb**3, sa*cb**3, sc*cb**3, sd**2*cb**2, sb*sd*cb**2, ca*sd*cb**2, cd*sd*cb**2, cc*sd*cb**2, sa*sd*cb**2, sc*sd*cb**2, ca*sb*cb**2;['sc', 'sa', 'cc', 'cd', 'ca', 'sb', 'sd', 'cb']
250;sd;sd_sa_sb_sc_cd_ca_cb_cc;660.2729502280708;6612;1412.02734375;sc**2, sd*sc, sb**2, sa**2, sd**2, cd*ca*cc, sc*ca*cc, sb*ca*cc, sa*ca*cc, sd*ca*cc, cd**2*cc, sc*cd*cc, sb*cd*cc, sa*cd*cc, sd*cd*cc, sb*sc*cc, sa*sc*cc, sa*sb*cc, sd*sb*cc, sd*sa*cc, cb**3, ca*cb**2, cd*cb**2, sc*cb**2, sb*cb**2, sa*cb**2, sd*cb**2, ca**2*cb, cd*ca*cb, sc*ca*cb, sb*ca*cb, sa*ca*cb, sd*ca*cb, cd**2*cb, sc*cd*cb, sb*cd*cb, sa*cd*cb, sd*cd*cb, sb*sc*cb, sa*sc*cb, sa*sb*cb, sd*sb*cb, sd*sa*cb, ca**3, cd*ca**2, sc*ca**2, sb*ca**2, sa*ca**2, sd*ca**2, cd**2*ca, sc*cd*ca, sb*cd*ca, sa*cd*ca, sd*cd*ca, sb*sc*ca, sa*sc*ca, sa*sb*ca, sd*sb*ca, sd*sa*ca, cd**3, sc*cd**2, sb*cd**2, sa*cd**2, sd*cd**2, sb*sc*cd, sa*sc*cd, sa*sb*cd, sd*sb*cd, sd*sa*cd, sa*sb*sc, sd*sa*sb, cc**4, cb*cc**3, ca*cc**3, cd*cc**3, sc*cc**3, sb*cc**3, sa*cc**3, sd*cc**3, cb**2*cc**2, ca*cb*cc**2, cd*cb*cc**2, sc*cb*cc**2, sb*cb*cc**2, sa*cb*cc**2, sd*cb*cc**2, ca**2*cc**2;['sd', 'sa', 'sb', 'sc', 'cd', 'ca', 'cb', 'cc']
251;ca;ca_sb_sa_cb_cc_cd_sc_sd;1053.6074362130603;5034;1412.02734375;cd**2, cc*cd, cc**2, sb**2, ca**2, sc**2*sd, cd*sc*sd, cc*sc*sd, cb*cc*sd, sa*cc*sd, sb*cc*sd, ca*cc*sd, cb**2*sd, sa*cb*sd, sb*cb*sd, ca*cb*sd, sa**2*sd, sb*sa*sd, ca*sa*sd, ca*sb*sd, sc**3, cd*sc**2, cc*sc**2, cb*sc**2, sa*sc**2, sb*sc**2, ca*sc**2, cb*cd*sc, sa*cd*sc, sb*cd*sc, ca*cd*sc, cb*cc*sc, sa*cc*sc, sb*cc*sc, ca*cc*sc, cb**2*sc, sa*cb*sc, sb*cb*sc, ca*cb*sc, sa**2*sc, sb*sa*sc, ca*sa*sc, ca*sb*sc, cb**2*cd, sa*cb*cd, sb*cb*cd, ca*cb*cd, sa**2*cd, sb*sa*cd, ca*sa*cd, ca*sb*cd, cb**2*cc, sa*cb*cc, sb*cb*cc, ca*cb*cc, sa**2*cc, sb*sa*cc, ca*sa*cc, ca*sb*cc, cb**3, sa*cb**2, sb*cb**2, ca*cb**2, sa**2*cb, sb*sa*cb, ca*sa*cb, ca*sb*cb, sa**3, sb*sa**2, ca*sa**2, ca*sb*sa, sd**4, sc*sd**3, cd*sd**3, cc*sd**3, cb*sd**3, sa*sd**3, sb*sd**3, ca*sd**3, cb*sc*sd**2, sa*sc*sd**2, sb*sc*sd**2, ca*sc*sd**2, cb*cd*sd**2, sa*cd*sd**2, sb*cd*sd**2, ca*cd*sd**2;['ca', 'sb', 'sa', 'cb', 'cc', 'cd', 'sc', 'sd']
252;cb;cb_ca_sb_cc_sd_cd_sc_sa;651.0057123739971;6094;1412.02734375;cc*cd, sd**2, cc**2, ca**2, cb**2, sd*cd*sa, sb*cd*sa, ca*cd*sa, cb*cd*sa, cc*sd*sa, sb*sd*sa, ca*sd*sa, cb*sd*sa, sb*cc*sa, ca*cc*sa, cb*cc*sa, sb**2*sa, ca*sb*sa, cb*sb*sa, cb*ca*sa, sc**3, cd*sc**2, sd*sc**2, cc*sc**2, sb*sc**2, ca*sc**2, cb*sc**2, cd**2*sc, sd*cd*sc, sb*cd*sc, ca*cd*sc, cb*cd*sc, cc*sd*sc, sb*sd*sc, ca*sd*sc, cb*sd*sc, sb*cc*sc, ca*cc*sc, cb*cc*sc, sb**2*sc, ca*sb*sc, cb*sb*sc, cb*ca*sc, cd**3, sd*cd**2, sb*cd**2, ca*cd**2, cb*cd**2, sb*sd*cd, ca*sd*cd, cb*sd*cd, sb**2*cd, ca*sb*cd, cb*sb*cd, cb*ca*cd, sb*cc*sd, ca*cc*sd, cb*cc*sd, sb**2*sd, ca*sb*sd, cb*sb*sd, cb*ca*sd, sb**2*cc, ca*sb*cc, cb*sb*cc, cb*ca*cc, sb**3, ca*sb**2, cb*sb**2, cb*ca*sb, sa**4, sc*sa**3, cd*sa**3, sd*sa**3, cc*sa**3, sb*sa**3, ca*sa**3, cb*sa**3, sc**2*sa**2, cd*sc*sa**2, sd*sc*sa**2, cc*sc*sa**2, sb*sc*sa**2, ca*sc*sa**2, cb*sc*sa**2, cd**2*sa**2;['cb', 'ca', 'sb', 'cc', 'sd', 'cd', 'sc', 'sa']
253;sc;sc_ca_cb_sd_cc_cd_sa_sb;1681.2715059480397;6141;1412.02734375;sd**2, sc*sd, cb**2, ca**2, sc**2, cc*cd*sb, sd*cd*sb, cb*cd*sb, ca*cd*sb, sc*cd*sb, cc**2*sb, sd*cc*sb, cb*cc*sb, ca*cc*sb, sc*cc*sb, cb*sd*sb, ca*sd*sb, ca*cb*sb, sc*cb*sb, sc*ca*sb, sa**3, cd*sa**2, cc*sa**2, sd*sa**2, cb*sa**2, ca*sa**2, sc*sa**2, cd**2*sa, cc*cd*sa, sd*cd*sa, cb*cd*sa, ca*cd*sa, sc*cd*sa, cc**2*sa, sd*cc*sa, cb*cc*sa, ca*cc*sa, sc*cc*sa, cb*sd*sa, ca*sd*sa, ca*cb*sa, sc*cb*sa, sc*ca*sa, cd**3, cc*cd**2, sd*cd**2, cb*cd**2, ca*cd**2, sc*cd**2, cc**2*cd, sd*cc*cd, cb*cc*cd, ca*cc*cd, sc*cc*cd, cb*sd*cd, ca*sd*cd, ca*cb*cd, sc*cb*cd, sc*ca*cd, cc**3, sd*cc**2, cb*cc**2, ca*cc**2, sc*cc**2, cb*sd*cc, ca*sd*cc, ca*cb*cc, sc*cb*cc, sc*ca*cc, ca*cb*sd, sc*ca*cb, sb**4, sa*sb**3, cd*sb**3, cc*sb**3, sd*sb**3, cb*sb**3, ca*sb**3, sc*sb**3, sa**2*sb**2, cd*sa*sb**2, cc*sa*sb**2, sd*sa*sb**2, cb*sa*sb**2, ca*sa*sb**2, sc*sa*sb**2, cd**2*sb**2;['sc', 'ca', 'cb', 'sd', 'cc', 'cd', 'sa', 'sb']
254;ca;ca_sb_cb_sd_sa_cd_sc_cc;309.5556658550631;5097;1412.02734375;sc**2, sd*sc, sd**2, sb**2, ca**2, cd*sc*cc, cd**2*cc, sd*cd*cc, sa**2*cc, sd*sa*cc, cb*sa*cc, sb*sa*cc, ca*sa*cc, cb*sd*cc, sb*sd*cc, ca*sd*cc, cb**2*cc, sb*cb*cc, ca*cb*cc, ca*sb*cc, cd**2*sc, sa*cd*sc, cb*cd*sc, sb*cd*sc, ca*cd*sc, sa**2*sc, cb*sa*sc, sb*sa*sc, ca*sa*sc, cb**2*sc, sb*cb*sc, ca*cb*sc, ca*sb*sc, cd**3, sa*cd**2, sd*cd**2, cb*cd**2, sb*cd**2, ca*cd**2, sa**2*cd, sd*sa*cd, cb*sa*cd, sb*sa*cd, ca*sa*cd, cb*sd*cd, sb*sd*cd, ca*sd*cd, cb**2*cd, sb*cb*cd, ca*cb*cd, ca*sb*cd, sa**3, sd*sa**2, cb*sa**2, sb*sa**2, ca*sa**2, cb*sd*sa, sb*sd*sa, ca*sd*sa, cb**2*sa, sb*cb*sa, ca*cb*sa, ca*sb*sa, cb**2*sd, sb*cb*sd, ca*cb*sd, ca*sb*sd, cb**3, sb*cb**2, ca*cb**2, ca*sb*cb, cc**4, sc*cc**3, cd*cc**3, sa*cc**3, sd*cc**3, cb*cc**3, sb*cc**3, ca*cc**3, sa*sc*cc**2, cb*sc*cc**2, sb*sc*cc**2, ca*sc*cc**2, sa*cd*cc**2, cb*cd*cc**2, sb*cd*cc**2, ca*cd*cc**2;['ca', 'sb', 'cb', 'sd', 'sa', 'cd', 'sc', 'cc']
255;sd;sd_sc_cc_cb_sa_sb_cd_ca;689.22411702096;6683;1412.02734375;sa**2, cb**2, sc**2, sd*sc, sd**2, sa*sb*ca, cb*sb*ca, cc*sb*ca, sc*sb*ca, sd*sb*ca, cb*sa*ca, cc*sa*ca, sc*sa*ca, sd*sa*ca, cc*cb*ca, sc*cb*ca, sd*cb*ca, cc**2*ca, sc*cc*ca, sd*cc*ca, cd**3, sb*cd**2, sa*cd**2, cb*cd**2, cc*cd**2, sc*cd**2, sd*cd**2, sb**2*cd, sa*sb*cd, cb*sb*cd, cc*sb*cd, sc*sb*cd, sd*sb*cd, cb*sa*cd, cc*sa*cd, sc*sa*cd, sd*sa*cd, cc*cb*cd, sc*cb*cd, sd*cb*cd, cc**2*cd, sc*cc*cd, sd*cc*cd, sb**3, sa*sb**2, cb*sb**2, cc*sb**2, sc*sb**2, sd*sb**2, cb*sa*sb, cc*sa*sb, sc*sa*sb, sd*sa*sb, cc*cb*sb, sc*cb*sb, sd*cb*sb, cc**2*sb, sc*cc*sb, sd*cc*sb, cc*cb*sa, sc*cb*sa, sd*cb*sa, cc**2*sa, sc*cc*sa, sd*cc*sa, cc**2*cb, sc*cc*cb, sd*cc*cb, cc**3, sc*cc**2, sd*cc**2, ca**4, cd*ca**3, sb*ca**3, sa*ca**3, cb*ca**3, cc*ca**3, sc*ca**3, sd*ca**3, cd**2*ca**2, sb*cd*ca**2, sa*cd*ca**2, cb*cd*ca**2, cc*cd*ca**2, sc*cd*ca**2, sd*cd*ca**2, sb**2*ca**2;['sd', 'sc', 'cc', 'cb', 'sa', 'sb', 'cd', 'ca']
256;sc;sc_ca_cd_cb_sd_sb_sa_cc;888.8264199750265;7835;1419.40234375;sc*sd, cb**2, cd**2, ca**2, sc**2, sd*sb*cc, cb*sb*cc, cd*sb*cc, ca*sb*cc, sc*sb*cc, sd**2*cc, cb*sd*cc, cd*sd*cc, ca*sd*cc, cd*cb*cc, ca*cb*cc, sc*cb*cc, ca*cd*cc, sc*cd*cc, sc*ca*cc, sa**3, sb*sa**2, sd*sa**2, cb*sa**2, cd*sa**2, ca*sa**2, sc*sa**2, sb**2*sa, sd*sb*sa, cb*sb*sa, cd*sb*sa, ca*sb*sa, sc*sb*sa, sd**2*sa, cb*sd*sa, cd*sd*sa, ca*sd*sa, cd*cb*sa, ca*cb*sa, sc*cb*sa, ca*cd*sa, sc*cd*sa, sc*ca*sa, sb**3, sd*sb**2, cb*sb**2, cd*sb**2, ca*sb**2, sc*sb**2, sd**2*sb, cb*sd*sb, cd*sd*sb, ca*sd*sb, cd*cb*sb, ca*cb*sb, sc*cb*sb, ca*cd*sb, sc*cd*sb, sc*ca*sb, sd**3, cb*sd**2, cd*sd**2, ca*sd**2, cd*cb*sd, ca*cb*sd, ca*cd*sd, ca*cd*cb, sc*cd*cb, sc*ca*cb, sc*ca*cd, cc**4, sa*cc**3, sb*cc**3, sd*cc**3, cb*cc**3, cd*cc**3, ca*cc**3, sc*cc**3, sa**2*cc**2, sb*sa*cc**2, sd*sa*cc**2, cb*sa*cc**2, cd*sa*cc**2, ca*sa*cc**2, sc*sa*cc**2, sb**2*cc**2;['sc', 'ca', 'cd', 'cb', 'sd', 'sb', 'sa', 'cc']
257;cd;cd_sd_sb_ca_cb_sc_cc_sa;861.5890150789637;6356;1419.40234375;sc**2, sd*sc, ca**2, sb**2, cd**2, ca*sc*sa, sb*sc*sa, cd*sc*sa, cb**2*sa, ca*cb*sa, sb*cb*sa, sd*cb*sa, cd*cb*sa, sb*ca*sa, sd*ca*sa, cd*ca*sa, sd*sb*sa, cd*sb*sa, sd**2*sa, cd*sd*sa, cc**3, sc*cc**2, cb*cc**2, ca*cc**2, sb*cc**2, sd*cc**2, cd*cc**2, cb*sc*cc, ca*sc*cc, sb*sc*cc, cd*sc*cc, cb**2*cc, ca*cb*cc, sb*cb*cc, sd*cb*cc, cd*cb*cc, sb*ca*cc, sd*ca*cc, cd*ca*cc, sd*sb*cc, cd*sb*cc, sd**2*cc, cd*sd*cc, cb**2*sc, ca*cb*sc, sb*cb*sc, cd*cb*sc, sb*ca*sc, cd*ca*sc, cd*sb*sc, cb**3, ca*cb**2, sb*cb**2, sd*cb**2, cd*cb**2, sb*ca*cb, sd*ca*cb, cd*ca*cb, sd*sb*cb, cd*sb*cb, sd**2*cb, cd*sd*cb, sd*sb*ca, cd*sb*ca, sd**2*ca, cd*sd*ca, sd**2*sb, cd*sd*sb, sd**3, cd*sd**2, sa**4, cc*sa**3, sc*sa**3, cb*sa**3, ca*sa**3, sb*sa**3, sd*sa**3, cd*sa**3, cc**2*sa**2, sc*cc*sa**2, cb*cc*sa**2, ca*cc*sa**2, sb*cc*sa**2, sd*cc*sa**2, cd*cc*sa**2, cb*sc*sa**2;['cd', 'sd', 'sb', 'ca', 'cb', 'sc', 'cc', 'sa']
258;cc;cc_ca_sb_sc_sd_cb_sa_cd;347.17231007199734;5684;1419.40234375;sd**2, sc*sd, sb**2, ca**2, cc**2, sd*cb*cd, sc*cb*cd, sb*cb*cd, ca*cb*cd, cc*cb*cd, sb*sd*cd, ca*sd*cd, cc*sd*cd, sc**2*cd, sb*sc*cd, ca*sc*cd, cc*sc*cd, ca*sb*cd, cc*sb*cd, cc*ca*cd, sa**3, cb*sa**2, sd*sa**2, sc*sa**2, sb*sa**2, ca*sa**2, cc*sa**2, cb**2*sa, sd*cb*sa, sc*cb*sa, sb*cb*sa, ca*cb*sa, cc*cb*sa, sb*sd*sa, ca*sd*sa, cc*sd*sa, sc**2*sa, sb*sc*sa, ca*sc*sa, cc*sc*sa, ca*sb*sa, cc*sb*sa, cc*ca*sa, cb**3, sd*cb**2, sc*cb**2, sb*cb**2, ca*cb**2, cc*cb**2, sb*sd*cb, ca*sd*cb, cc*sd*cb, sc**2*cb, sb*sc*cb, ca*sc*cb, cc*sc*cb, ca*sb*cb, cc*sb*cb, cc*ca*cb, ca*sb*sd, cc*sb*sd, cc*ca*sd, sc**3, sb*sc**2, ca*sc**2, cc*sc**2, ca*sb*sc, cc*sb*sc, cc*ca*sc, cc*ca*sb, cd**4, sa*cd**3, cb*cd**3, sd*cd**3, sc*cd**3, sb*cd**3, ca*cd**3, cc*cd**3, sa**2*cd**2, cb*sa*cd**2, sd*sa*cd**2, sc*sa*cd**2, sb*sa*cd**2, ca*sa*cd**2, cc*sa*cd**2, cb**2*cd**2;['cc', 'ca', 'sb', 'sc', 'sd', 'cb', 'sa', 'cd']
259;sc;sc_cc_sb_sd_sa_ca_cd_cb;656.7958139659604;6210;1416.55859375;sa**2, sd**2, sc*sd, sb**2, sc**2, sa*ca*cb, sd*ca*cb, sb*ca*cb, cc*ca*cb, sc*ca*cb, sd*sa*cb, sb*sa*cb, cc*sa*cb, sc*sa*cb, sb*sd*cb, cc*sd*cb, cc*sb*cb, sc*sb*cb, cc**2*cb, sc*cc*cb, cd**3, ca*cd**2, sa*cd**2, sd*cd**2, sb*cd**2, cc*cd**2, sc*cd**2, ca**2*cd, sa*ca*cd, sd*ca*cd, sb*ca*cd, cc*ca*cd, sc*ca*cd, sd*sa*cd, sb*sa*cd, cc*sa*cd, sc*sa*cd, sb*sd*cd, cc*sd*cd, cc*sb*cd, sc*sb*cd, cc**2*cd, sc*cc*cd, ca**3, sa*ca**2, sd*ca**2, sb*ca**2, cc*ca**2, sc*ca**2, sd*sa*ca, sb*sa*ca, cc*sa*ca, sc*sa*ca, sb*sd*ca, cc*sd*ca, cc*sb*ca, sc*sb*ca, cc**2*ca, sc*cc*ca, sb*sd*sa, cc*sd*sa, cc*sb*sa, sc*sb*sa, cc**2*sa, sc*cc*sa, cc*sb*sd, cc**2*sd, cc**2*sb, sc*cc*sb, cc**3, sc*cc**2, cb**4, cd*cb**3, ca*cb**3, sa*cb**3, sd*cb**3, sb*cb**3, cc*cb**3, sc*cb**3, cd**2*cb**2, ca*cd*cb**2, sa*cd*cb**2, sd*cd*cb**2, sb*cd*cb**2, cc*cd*cb**2, sc*cd*cb**2, ca**2*cb**2;['sc', 'cc', 'sb', 'sd', 'sa', 'ca', 'cd', 'cb']
260;cd;cd_sc_cc_sb_cb_sa_ca_sd;1115.2256266440963;6819;1420.65234375;sa**2, sb**2, cd*cc, sc**2, cd**2, sb*sa*sd, cc*sa*sd, sc*sa*sd, cd*sa*sd, cb**2*sd, sb*cb*sd, cc*cb*sd, sc*cb*sd, cd*cb*sd, cc*sb*sd, sc*sb*sd, cd*sb*sd, cc**2*sd, sc*cc*sd, cd*sc*sd, ca**3, sa*ca**2, cb*ca**2, sb*ca**2, cc*ca**2, sc*ca**2, cd*ca**2, cb*sa*ca, sb*sa*ca, cc*sa*ca, sc*sa*ca, cd*sa*ca, cb**2*ca, sb*cb*ca, cc*cb*ca, sc*cb*ca, cd*cb*ca, cc*sb*ca, sc*sb*ca, cd*sb*ca, cc**2*ca, sc*cc*ca, cd*sc*ca, cb**2*sa, sb*cb*sa, cc*cb*sa, sc*cb*sa, cd*cb*sa, cc*sb*sa, sc*sb*sa, cd*sb*sa, cc**2*sa, sc*cc*sa, cd*sc*sa, cb**3, sb*cb**2, cc*cb**2, sc*cb**2, cd*cb**2, cc*sb*cb, sc*sb*cb, cd*sb*cb, cc**2*cb, sc*cc*cb, cd*sc*cb, cc**2*sb, sc*cc*sb, cd*sc*sb, cc**3, sc*cc**2, sd**4, ca*sd**3, sa*sd**3, cb*sd**3, sb*sd**3, cc*sd**3, sc*sd**3, cd*sd**3, ca**2*sd**2, sa*ca*sd**2, cb*ca*sd**2, sb*ca*sd**2, cc*ca*sd**2, sc*ca*sd**2, cd*ca*sd**2, cb*sa*sd**2;['cd', 'sc', 'cc', 'sb', 'cb', 'sa', 'ca', 'sd']
261;cd;cd_sd_sa_sb_ca_cc_sc_cb;1130.2454524569912;5945;1420.65234375;cc**2, cd*cc, sb**2, sa**2, cd**2, sb*cc*cb, sa*cc*cb, sd*cc*cb, ca**2*cb, sb*ca*cb, sa*ca*cb, sd*ca*cb, cd*ca*cb, sa*sb*cb, sd*sb*cb, cd*sb*cb, sd*sa*cb, cd*sa*cb, sd**2*cb, cd*sd*cb, sc**3, cc*sc**2, ca*sc**2, sb*sc**2, sa*sc**2, sd*sc**2, cd*sc**2, ca*cc*sc, sb*cc*sc, sa*cc*sc, sd*cc*sc, ca**2*sc, sb*ca*sc, sa*ca*sc, sd*ca*sc, cd*ca*sc, sa*sb*sc, sd*sb*sc, cd*sb*sc, sd*sa*sc, cd*sa*sc, sd**2*sc, cd*sd*sc, ca**2*cc, sb*ca*cc, sa*ca*cc, sd*ca*cc, sa*sb*cc, sd*sb*cc, sd*sa*cc, sd**2*cc, ca**3, sb*ca**2, sa*ca**2, sd*ca**2, cd*ca**2, sa*sb*ca, sd*sb*ca, cd*sb*ca, sd*sa*ca, cd*sa*ca, sd**2*ca, cd*sd*ca, sd*sa*sb, cd*sa*sb, sd**2*sb, cd*sd*sb, sd**2*sa, cd*sd*sa, sd**3, cd*sd**2, cb**4, sc*cb**3, cc*cb**3, ca*cb**3, sb*cb**3, sa*cb**3, sd*cb**3, cd*cb**3, sc**2*cb**2, cc*sc*cb**2, ca*sc*cb**2, sb*sc*cb**2, sa*sc*cb**2, sd*sc*cb**2, cd*sc*cb**2, ca*cc*cb**2;['cd', 'sd', 'sa', 'sb', 'ca', 'cc', 'sc', 'cb']
262;sc;sc_cc_sb_cd_sa_sd_ca_cb;893.7235490269959;6348;1417.69921875;sa**2, cd**2, cc*cd, sb**2, sc**2, sa*sd*cb, cd*sd*cb, sb*sd*cb, cc*sd*cb, sc*sd*cb, cd*sa*cb, sb*sa*cb, cc*sa*cb, sc*sa*cb, sb*cd*cb, sc*cd*cb, cc*sb*cb, sc*sb*cb, cc**2*cb, sc*cc*cb, ca**3, sd*ca**2, sa*ca**2, cd*ca**2, sb*ca**2, cc*ca**2, sc*ca**2, sd**2*ca, sa*sd*ca, cd*sd*ca, sb*sd*ca, cc*sd*ca, sc*sd*ca, cd*sa*ca, sb*sa*ca, cc*sa*ca, sc*sa*ca, sb*cd*ca, sc*cd*ca, cc*sb*ca, sc*sb*ca, cc**2*ca, sc*cc*ca, sd**3, sa*sd**2, cd*sd**2, sb*sd**2, cc*sd**2, sc*sd**2, cd*sa*sd, sb*sa*sd, cc*sa*sd, sc*sa*sd, sb*cd*sd, sc*cd*sd, cc*sb*sd, sc*sb*sd, cc**2*sd, sc*cc*sd, sb*cd*sa, sc*cd*sa, cc*sb*sa, sc*sb*sa, cc**2*sa, sc*cc*sa, sc*sb*cd, cc**2*sb, sc*cc*sb, cc**3, sc*cc**2, cb**4, ca*cb**3, sd*cb**3, sa*cb**3, cd*cb**3, sb*cb**3, cc*cb**3, sc*cb**3, ca**2*cb**2, sd*ca*cb**2, sa*ca*cb**2, cd*ca*cb**2, sb*ca*cb**2, cc*ca*cb**2, sc*ca*cb**2, sd**2*cb**2;['sc', 'cc', 'sb', 'cd', 'sa', 'sd', 'ca', 'cb']
263;sd;sd_ca_cc_sc_sb_cd_sa_cb;818.1050399770029;5781;1412.77734375;sb**2, sd*sc, cc**2, ca**2, sd**2, sb*cd*cb, sc*cd*cb, cc*cd*cb, ca*cd*cb, sd*cd*cb, sc*sb*cb, cc*sb*cb, ca*sb*cb, sd*sb*cb, sc**2*cb, cc*sc*cb, ca*sc*cb, ca*cc*cb, sd*cc*cb, sd*ca*cb, sa**3, cd*sa**2, sb*sa**2, sc*sa**2, cc*sa**2, ca*sa**2, sd*sa**2, cd**2*sa, sb*cd*sa, sc*cd*sa, cc*cd*sa, ca*cd*sa, sd*cd*sa, sc*sb*sa, cc*sb*sa, ca*sb*sa, sd*sb*sa, sc**2*sa, cc*sc*sa, ca*sc*sa, ca*cc*sa, sd*cc*sa, sd*ca*sa, cd**3, sb*cd**2, sc*cd**2, cc*cd**2, ca*cd**2, sd*cd**2, sc*sb*cd, cc*sb*cd, ca*sb*cd, sd*sb*cd, sc**2*cd, cc*sc*cd, ca*sc*cd, ca*cc*cd, sd*cc*cd, sd*ca*cd, sc**2*sb, cc*sc*sb, ca*sc*sb, ca*cc*sb, sd*cc*sb, sd*ca*sb, sc**3, cc*sc**2, ca*sc**2, ca*cc*sc, sd*ca*cc, cb**4, sa*cb**3, cd*cb**3, sb*cb**3, sc*cb**3, cc*cb**3, ca*cb**3, sd*cb**3, sa**2*cb**2, cd*sa*cb**2, sb*sa*cb**2, sc*sa*cb**2, cc*sa*cb**2, ca*sa*cb**2, sd*sa*cb**2, cd**2*cb**2;['sd', 'ca', 'cc', 'sc', 'sb', 'cd', 'sa', 'cb']
264;cd;cd_sd_cc_ca_sc_cb_sa_sb;517.7373902800027;5535;1411.79296875;cb**2, ca**2, cc**2, cd*cc, cd**2, ca*cb*sb, cc*cb*sb, sd*cb*sb, cd*cb*sb, sc**2*sb, ca*sc*sb, cc*sc*sb, sd*sc*sb, cd*sc*sb, cc*ca*sb, sd*ca*sb, cd*ca*sb, sd*cc*sb, sd**2*sb, cd*sd*sb, sa**3, cb*sa**2, sc*sa**2, ca*sa**2, cc*sa**2, sd*sa**2, cd*sa**2, sc*cb*sa, ca*cb*sa, cc*cb*sa, sd*cb*sa, cd*cb*sa, sc**2*sa, ca*sc*sa, cc*sc*sa, sd*sc*sa, cd*sc*sa, cc*ca*sa, sd*ca*sa, cd*ca*sa, sd*cc*sa, sd**2*sa, cd*sd*sa, sc**2*cb, ca*sc*cb, cc*sc*cb, sd*sc*cb, cd*sc*cb, cc*ca*cb, sd*ca*cb, cd*ca*cb, sd*cc*cb, sd**2*cb, cd*sd*cb, sc**3, ca*sc**2, cc*sc**2, sd*sc**2, cd*sc**2, cc*ca*sc, sd*ca*sc, cd*ca*sc, sd*cc*sc, sd**2*sc, cd*sd*sc, sd*cc*ca, sd**2*ca, cd*sd*ca, sd**2*cc, sd**3, cd*sd**2, sb**4, sa*sb**3, cb*sb**3, sc*sb**3, ca*sb**3, cc*sb**3, sd*sb**3, cd*sb**3, sa**2*sb**2, cb*sa*sb**2, sc*sa*sb**2, ca*sa*sb**2, cc*sa*sb**2, sd*sa*sb**2, cd*sa*sb**2, sc*cb*sb**2;['cd', 'sd', 'cc', 'ca', 'sc', 'cb', 'sa', 'sb']
265;cd;cd_sa_sc_cb_sd_ca_cc_sb;594.6086337990128;6115;1410.80859375;sc*sd, cb**2, sc**2, sa**2, cd**2, sd*ca*sb, cb*ca*sb, sc*ca*sb, sa*ca*sb, cd*ca*sb, sd**2*sb, cb*sd*sb, sa*sd*sb, cd*sd*sb, sc*cb*sb, sa*cb*sb, cd*cb*sb, sa*sc*sb, cd*sc*sb, cd*sa*sb, cc**3, ca*cc**2, sd*cc**2, cb*cc**2, sc*cc**2, sa*cc**2, cd*cc**2, ca**2*cc, sd*ca*cc, cb*ca*cc, sc*ca*cc, sa*ca*cc, cd*ca*cc, sd**2*cc, cb*sd*cc, sa*sd*cc, cd*sd*cc, sc*cb*cc, sa*cb*cc, cd*cb*cc, sa*sc*cc, cd*sc*cc, cd*sa*cc, ca**3, sd*ca**2, cb*ca**2, sc*ca**2, sa*ca**2, cd*ca**2, sd**2*ca, cb*sd*ca, sa*sd*ca, cd*sd*ca, sc*cb*ca, sa*cb*ca, cd*cb*ca, sa*sc*ca, cd*sc*ca, cd*sa*ca, sd**3, cb*sd**2, sa*sd**2, cd*sd**2, sa*cb*sd, cd*cb*sd, cd*sa*sd, sa*sc*cb, cd*sc*cb, cd*sa*cb, cd*sa*sc, sb**4, cc*sb**3, ca*sb**3, sd*sb**3, cb*sb**3, sc*sb**3, sa*sb**3, cd*sb**3, cc**2*sb**2, ca*cc*sb**2, sd*cc*sb**2, cb*cc*sb**2, sc*cc*sb**2, sa*cc*sb**2, cd*cc*sb**2, ca**2*sb**2;['cd', 'sa', 'sc', 'cb', 'sd', 'ca', 'cc', 'sb']
266;sb;sb_cc_ca_sd_cd_cb_sc_sa;621.7839469129685;6356;1410.80859375;cc*cd, sd**2, ca**2, cc**2, sb**2, cd*cb*sa, sd*cb*sa, ca*cb*sa, cc*cb*sa, sb*cb*sa, cd**2*sa, sd*cd*sa, ca*cd*sa, sb*cd*sa, ca*sd*sa, cc*sd*sa, sb*sd*sa, cc*ca*sa, sb*ca*sa, sb*cc*sa, sc**3, cb*sc**2, cd*sc**2, sd*sc**2, ca*sc**2, cc*sc**2, sb*sc**2, cb**2*sc, cd*cb*sc, sd*cb*sc, ca*cb*sc, cc*cb*sc, sb*cb*sc, cd**2*sc, sd*cd*sc, ca*cd*sc, sb*cd*sc, ca*sd*sc, cc*sd*sc, sb*sd*sc, cc*ca*sc, sb*ca*sc, sb*cc*sc, cb**3, cd*cb**2, sd*cb**2, ca*cb**2, cc*cb**2, sb*cb**2, cd**2*cb, sd*cd*cb, ca*cd*cb, sb*cd*cb, ca*sd*cb, cc*sd*cb, sb*sd*cb, cc*ca*cb, sb*ca*cb, sb*cc*cb, cd**3, sd*cd**2, ca*cd**2, sb*cd**2, ca*sd*cd, sb*sd*cd, sb*ca*cd, cc*ca*sd, sb*ca*sd, sb*cc*sd, sb*cc*ca, sa**4, sc*sa**3, cb*sa**3, cd*sa**3, sd*sa**3, ca*sa**3, cc*sa**3, sb*sa**3, sc**2*sa**2, cb*sc*sa**2, cd*sc*sa**2, sd*sc*sa**2, ca*sc*sa**2, cc*sc*sa**2, sb*sc*sa**2, cb**2*sa**2;['sb', 'cc', 'ca', 'sd', 'cd', 'cb', 'sc', 'sa']
267;sc;sc_sd_sb_sa_cb_ca_cd_cc;807.6720638460247;5655;1410.80859375;sa**2, sb**2, sd**2, sc*sd, sc**2, cd**2*cc, sd*cd*cc, sc*cd*cc, sd*ca*cc, sc*ca*cc, cb**2*cc, sa*cb*cc, sb*cb*cc, sd*cb*cc, sc*cb*cc, sb*sa*cc, sd*sa*cc, sc*sa*cc, sd*sb*cc, sc*sb*cc, cd**3, ca*cd**2, cb*cd**2, sa*cd**2, sb*cd**2, sd*cd**2, sc*cd**2, ca**2*cd, cb*ca*cd, sa*ca*cd, sb*ca*cd, sd*ca*cd, sc*ca*cd, cb**2*cd, sa*cb*cd, sb*cb*cd, sd*cb*cd, sc*cb*cd, sb*sa*cd, sd*sa*cd, sc*sa*cd, sd*sb*cd, sc*sb*cd, ca**3, cb*ca**2, sa*ca**2, sb*ca**2, sd*ca**2, sc*ca**2, cb**2*ca, sa*cb*ca, sb*cb*ca, sd*cb*ca, sc*cb*ca, sb*sa*ca, sd*sa*ca, sc*sa*ca, sd*sb*ca, sc*sb*ca, cb**3, sa*cb**2, sb*cb**2, sd*cb**2, sc*cb**2, sb*sa*cb, sd*sa*cb, sc*sa*cb, sd*sb*cb, sc*sb*cb, sd*sb*sa, sc*sb*sa, cc**4, cd*cc**3, ca*cc**3, cb*cc**3, sa*cc**3, sb*cc**3, sd*cc**3, sc*cc**3, ca*cd*cc**2, cb*cd*cc**2, sa*cd*cc**2, sb*cd*cc**2, ca**2*cc**2, cb*ca*cc**2, sa*ca*cc**2, sb*ca*cc**2;['sc', 'sd', 'sb', 'sa', 'cb', 'ca', 'cd', 'cc']
268;sd;sd_ca_sb_cd_cb_sa_cc_sc;389.470247401041;5149;1410.80859375;cc**2, cd*cc, sb**2, ca**2, sd**2, sd*cc*sc, ca*sa*sc, sd*sa*sc, cb**2*sc, cd*cb*sc, sb*cb*sc, ca*cb*sc, sd*cb*sc, cd**2*sc, sb*cd*sc, ca*cd*sc, sd*cd*sc, ca*sb*sc, sd*sb*sc, sd*ca*sc, sa**2*cc, cb*sa*cc, sb*sa*cc, ca*sa*cc, sd*sa*cc, cb**2*cc, sb*cb*cc, ca*cb*cc, sd*cb*cc, ca*sb*cc, sd*sb*cc, sd*ca*cc, sa**3, cb*sa**2, cd*sa**2, sb*sa**2, ca*sa**2, sd*sa**2, cb**2*sa, cd*cb*sa, sb*cb*sa, ca*cb*sa, sd*cb*sa, cd**2*sa, sb*cd*sa, ca*cd*sa, sd*cd*sa, ca*sb*sa, sd*sb*sa, sd*ca*sa, cb**3, cd*cb**2, sb*cb**2, ca*cb**2, sd*cb**2, cd**2*cb, sb*cd*cb, ca*cd*cb, sd*cd*cb, ca*sb*cb, sd*sb*cb, sd*ca*cb, cd**3, sb*cd**2, ca*cd**2, sd*cd**2, ca*sb*cd, sd*sb*cd, sd*ca*cd, sd*ca*sb, sc**4, cc*sc**3, sa*sc**3, cb*sc**3, cd*sc**3, sb*sc**3, ca*sc**3, sd*sc**3, sa*cc*sc**2, cb*cc*sc**2, sb*cc*sc**2, ca*cc*sc**2, sa**2*sc**2, cb*sa*sc**2, cd*sa*sc**2, sb*sa*sc**2;['sd', 'ca', 'sb', 'cd', 'cb', 'sa', 'cc', 'sc']
269;ca;ca_sd_sb_cc_cd_sc_cb_sa;597.6629842839902;5534;1410.80859375;cc*cd, cc**2, sb**2, sd**2, ca**2, cd*sc*sa, cc*sc*sa, sb*sc*sa, sd*sc*sa, ca*sc*sa, cd**2*sa, sb*cd*sa, sd*cd*sa, ca*cd*sa, sb*cc*sa, sd*cc*sa, ca*cc*sa, sd*sb*sa, ca*sb*sa, ca*sd*sa, cb**3, sc*cb**2, cd*cb**2, cc*cb**2, sb*cb**2, sd*cb**2, ca*cb**2, sc**2*cb, cd*sc*cb, cc*sc*cb, sb*sc*cb, sd*sc*cb, ca*sc*cb, cd**2*cb, sb*cd*cb, sd*cd*cb, ca*cd*cb, sb*cc*cb, sd*cc*cb, ca*cc*cb, sd*sb*cb, ca*sb*cb, ca*sd*cb, sc**3, cd*sc**2, cc*sc**2, sb*sc**2, sd*sc**2, ca*sc**2, cd**2*sc, sb*cd*sc, sd*cd*sc, ca*cd*sc, sb*cc*sc, sd*cc*sc, ca*cc*sc, sd*sb*sc, ca*sb*sc, ca*sd*sc, cd**3, sb*cd**2, sd*cd**2, ca*cd**2, sd*sb*cd, ca*sb*cd, ca*sd*cd, sd*sb*cc, ca*sb*cc, ca*sd*cc, ca*sd*sb, sa**4, cb*sa**3, sc*sa**3, cd*sa**3, cc*sa**3, sb*sa**3, sd*sa**3, ca*sa**3, cb**2*sa**2, sc*cb*sa**2, cd*cb*sa**2, cc*cb*sa**2, sb*cb*sa**2, sd*cb*sa**2, ca*cb*sa**2, sc**2*sa**2;['ca', 'sd', 'sb', 'cc', 'cd', 'sc', 'cb', 'sa']
270;ca;ca_sd_sb_sc_cd_cb_cc_sa;622.0484027519124;6823;1410.80859375;sc**2, sd*sc, sb**2, sd**2, ca**2, cd*cb*sa, sc*cb*sa, sb*cb*sa, sd*cb*sa, ca*cb*sa, cd**2*sa, sc*cd*sa, sb*cd*sa, sd*cd*sa, ca*cd*sa, sb*sc*sa, ca*sc*sa, sd*sb*sa, ca*sb*sa, ca*sd*sa, cc**3, cb*cc**2, cd*cc**2, sc*cc**2, sb*cc**2, sd*cc**2, ca*cc**2, cb**2*cc, cd*cb*cc, sc*cb*cc, sb*cb*cc, sd*cb*cc, ca*cb*cc, cd**2*cc, sc*cd*cc, sb*cd*cc, sd*cd*cc, ca*cd*cc, sb*sc*cc, ca*sc*cc, sd*sb*cc, ca*sb*cc, ca*sd*cc, cb**3, cd*cb**2, sc*cb**2, sb*cb**2, sd*cb**2, ca*cb**2, cd**2*cb, sc*cd*cb, sb*cd*cb, sd*cd*cb, ca*cd*cb, sb*sc*cb, ca*sc*cb, sd*sb*cb, ca*sb*cb, ca*sd*cb, cd**3, sc*cd**2, sb*cd**2, sd*cd**2, ca*cd**2, sb*sc*cd, ca*sc*cd, sd*sb*cd, ca*sb*cd, ca*sd*cd, ca*sb*sc, ca*sd*sb, sa**4, cc*sa**3, cb*sa**3, cd*sa**3, sc*sa**3, sb*sa**3, sd*sa**3, ca*sa**3, cc**2*sa**2, cb*cc*sa**2, cd*cc*sa**2, sc*cc*sa**2, sb*cc*sa**2, sd*cc*sa**2, ca*cc*sa**2, cb**2*sa**2;['ca', 'sd', 'sb', 'sc', 'cd', 'cb', 'cc', 'sa']
271;sa;sa_sc_ca_cb_cd_cc_sb_sd;2935.3224768210202;5760;1410.80859375;cd*cc, cd**2, cb**2, sc**2, sa**2, cc**2*sd, ca*cc*sd, sc*cc*sd, sa*cc*sd, cb*cd*sd, ca*cd*sd, sc*cd*sd, sa*cd*sd, ca*cb*sd, sc*cb*sd, sa*cb*sd, ca**2*sd, sc*ca*sd, sa*ca*sd, sa*sc*sd, sb**3, cc*sb**2, cd*sb**2, cb*sb**2, ca*sb**2, sc*sb**2, sa*sb**2, cc**2*sb, cb*cc*sb, ca*cc*sb, sc*cc*sb, sa*cc*sb, cb*cd*sb, ca*cd*sb, sc*cd*sb, sa*cd*sb, ca*cb*sb, sc*cb*sb, sa*cb*sb, ca**2*sb, sc*ca*sb, sa*ca*sb, sa*sc*sb, cc**3, cb*cc**2, ca*cc**2, sc*cc**2, sa*cc**2, ca*cb*cc, sc*cb*cc, sa*cb*cc, ca**2*cc, sc*ca*cc, sa*ca*cc, sa*sc*cc, ca*cb*cd, sc*cb*cd, sa*cb*cd, ca**2*cd, sc*ca*cd, sa*ca*cd, sa*sc*cd, ca**2*cb, sc*ca*cb, sa*ca*cb, sa*sc*cb, ca**3, sc*ca**2, sa*ca**2, sa*sc*ca, sd**4, sb*sd**3, cc*sd**3, cd*sd**3, cb*sd**3, ca*sd**3, sc*sd**3, sa*sd**3, sb**2*sd**2, cc*sb*sd**2, cd*sb*sd**2, cb*sb*sd**2, ca*sb*sd**2, sc*sb*sd**2, sa*sb*sd**2, cb*cc*sd**2;['sa', 'sc', 'ca', 'cb', 'cd', 'cc', 'sb', 'sd']
272;sa;sa_sb_cd_cb_sc_ca_cc_sd;820.2126111310208;5566;1410.80859375;cd*cc, sc**2, cd**2, sb**2, sa**2, cc**2*sd, sc*cc*sd, sb*ca*sd, sa*ca*sd, cb*sc*sd, cd*sc*sd, sb*sc*sd, sa*sc*sd, cb**2*sd, cd*cb*sd, sb*cb*sd, sa*cb*sd, sb*cd*sd, sa*cd*sd, sa*sb*sd, cc**3, ca*cc**2, sc*cc**2, cb*cc**2, sb*cc**2, sa*cc**2, ca**2*cc, sc*ca*cc, cb*ca*cc, sb*ca*cc, sa*ca*cc, cb*sc*cc, sb*sc*cc, sa*sc*cc, cb**2*cc, sb*cb*cc, sa*cb*cc, sa*sb*cc, ca**3, sc*ca**2, cb*ca**2, cd*ca**2, sb*ca**2, sa*ca**2, cb*sc*ca, cd*sc*ca, sb*sc*ca, sa*sc*ca, cb**2*ca, cd*cb*ca, sb*cb*ca, sa*cb*ca, sb*cd*ca, sa*cd*ca, sa*sb*ca, cb**2*sc, cd*cb*sc, sb*cb*sc, sa*cb*sc, sb*cd*sc, sa*cd*sc, sa*sb*sc, cb**3, cd*cb**2, sb*cb**2, sa*cb**2, sb*cd*cb, sa*cd*cb, sa*sb*cb, sa*sb*cd, sd**4, cc*sd**3, ca*sd**3, sc*sd**3, cb*sd**3, cd*sd**3, sb*sd**3, sa*sd**3, ca*cc*sd**2, cb*cc*sd**2, sb*cc*sd**2, sa*cc*sd**2, ca**2*sd**2, sc*ca*sd**2, cb*ca*sd**2, cd*ca*sd**2;['sa', 'sb', 'cd', 'cb', 'sc', 'ca', 'cc', 'sd']
273;sd;sd_cd_ca_cb_cc_sc_sa_sb;887.811162063037;6178;1410.80859375;cc**2, cd*cc, cb**2, ca**2, sd**2, cc*sc*sb, cb*sc*sb, ca*sc*sb, cd*sc*sb, sd*sc*sb, cb*cc*sb, ca*cc*sb, sd*cc*sb, ca*cb*sb, cd*cb*sb, sd*cb*sb, cd*ca*sb, sd*ca*sb, cd**2*sb, sd*cd*sb, sa**3, sc*sa**2, cc*sa**2, cb*sa**2, ca*sa**2, cd*sa**2, sd*sa**2, sc**2*sa, cc*sc*sa, cb*sc*sa, ca*sc*sa, cd*sc*sa, sd*sc*sa, cb*cc*sa, ca*cc*sa, sd*cc*sa, ca*cb*sa, cd*cb*sa, sd*cb*sa, cd*ca*sa, sd*ca*sa, cd**2*sa, sd*cd*sa, sc**3, cc*sc**2, cb*sc**2, ca*sc**2, cd*sc**2, sd*sc**2, cb*cc*sc, ca*cc*sc, sd*cc*sc, ca*cb*sc, cd*cb*sc, sd*cb*sc, cd*ca*sc, sd*ca*sc, cd**2*sc, sd*cd*sc, ca*cb*cc, sd*cb*cc, sd*ca*cc, cd*ca*cb, sd*ca*cb, cd**2*cb, sd*cd*cb, cd**2*ca, sd*cd*ca, cd**3, sd*cd**2, sb**4, sa*sb**3, sc*sb**3, cc*sb**3, cb*sb**3, ca*sb**3, cd*sb**3, sd*sb**3, sa**2*sb**2, sc*sa*sb**2, cc*sa*sb**2, cb*sa*sb**2, ca*sa*sb**2, cd*sa*sb**2, sd*sa*sb**2, sc**2*sb**2;['sd', 'cd', 'ca', 'cb', 'cc', 'sc', 'sa', 'sb']
274;cd;cd_ca_sb_sc_sd_cb_cc_sa;512.0667396129575;6494;1409.82421875;sc*sd, sc**2, sb**2, ca**2, cd**2, sd*cb*sa, sc*cb*sa, sb*cb*sa, ca*cb*sa, cd*cb*sa, sd**2*sa, sb*sd*sa, ca*sd*sa, cd*sd*sa, sb*sc*sa, ca*sc*sa, cd*sc*sa, ca*sb*sa, cd*sb*sa, cd*ca*sa, cc**3, cb*cc**2, sd*cc**2, sc*cc**2, sb*cc**2, ca*cc**2, cd*cc**2, cb**2*cc, sd*cb*cc, sc*cb*cc, sb*cb*cc, ca*cb*cc, cd*cb*cc, sd**2*cc, sb*sd*cc, ca*sd*cc, cd*sd*cc, sb*sc*cc, ca*sc*cc, cd*sc*cc, ca*sb*cc, cd*sb*cc, cd*ca*cc, cb**3, sd*cb**2, sc*cb**2, sb*cb**2, ca*cb**2, cd*cb**2, sd**2*cb, sb*sd*cb, ca*sd*cb, cd*sd*cb, sb*sc*cb, ca*sc*cb, cd*sc*cb, ca*sb*cb, cd*sb*cb, cd*ca*cb, sd**3, sb*sd**2, ca*sd**2, cd*sd**2, ca*sb*sd, cd*sb*sd, cd*ca*sd, ca*sb*sc, cd*sb*sc, cd*ca*sc, cd*ca*sb, sa**4, cc*sa**3, cb*sa**3, sd*sa**3, sc*sa**3, sb*sa**3, ca*sa**3, cd*sa**3, cc**2*sa**2, cb*cc*sa**2, sd*cc*sa**2, sc*cc*sa**2, sb*cc*sa**2, ca*cc*sa**2, cd*cc*sa**2, cb**2*sa**2;['cd', 'ca', 'sb', 'sc', 'sd', 'cb', 'cc', 'sa']
275;cd;cd_ca_sb_sa_sc_sd_cc_cb;780.1517498759786;6036;1409.82421875;sc*sd, sc**2, sb**2, ca**2, cd**2, sa*sd*cb, sb*sd*cb, ca*sd*cb, cd*sd*cb, sa*sc*cb, sb*sc*cb, ca*sc*cb, cd*sc*cb, sa**2*cb, sb*sa*cb, ca*sa*cb, cd*sa*cb, ca*sb*cb, cd*sb*cb, cd*ca*cb, cc**3, sd*cc**2, sc*cc**2, sa*cc**2, sb*cc**2, ca*cc**2, cd*cc**2, sd**2*cc, sa*sd*cc, sb*sd*cc, ca*sd*cc, cd*sd*cc, sa*sc*cc, sb*sc*cc, ca*sc*cc, cd*sc*cc, sa**2*cc, sb*sa*cc, ca*sa*cc, cd*sa*cc, ca*sb*cc, cd*sb*cc, cd*ca*cc, sd**3, sa*sd**2, sb*sd**2, ca*sd**2, cd*sd**2, sa**2*sd, sb*sa*sd, ca*sa*sd, cd*sa*sd, ca*sb*sd, cd*sb*sd, cd*ca*sd, sa**2*sc, sb*sa*sc, ca*sa*sc, cd*sa*sc, ca*sb*sc, cd*sb*sc, cd*ca*sc, sa**3, sb*sa**2, ca*sa**2, cd*sa**2, ca*sb*sa, cd*sb*sa, cd*ca*sa, cd*ca*sb, cb**4, cc*cb**3, sd*cb**3, sc*cb**3, sa*cb**3, sb*cb**3, ca*cb**3, cd*cb**3, cc**2*cb**2, sd*cc*cb**2, sc*cc*cb**2, sa*cc*cb**2, sb*cc*cb**2, ca*cc*cb**2, cd*cc*cb**2, sd**2*cb**2;['cd', 'ca', 'sb', 'sa', 'sc', 'sd', 'cc', 'cb']
276;cc;cc_sa_ca_sc_cd_cb_sd_sb;765.2037818619283;6297;1409.82421875;cb**2, cd**2, cc*cd, sa**2, cc**2, sc*cb*sb, ca*cb*sb, sa*cb*sb, cc*cb*sb, sc*cd*sb, ca*cd*sb, sa*cd*sb, sc**2*sb, ca*sc*sb, sa*sc*sb, cc*sc*sb, ca**2*sb, sa*ca*sb, cc*ca*sb, cc*sa*sb, sd**3, cb*sd**2, cd*sd**2, sc*sd**2, ca*sd**2, sa*sd**2, cc*sd**2, cd*cb*sd, sc*cb*sd, ca*cb*sd, sa*cb*sd, cc*cb*sd, sc*cd*sd, ca*cd*sd, sa*cd*sd, sc**2*sd, ca*sc*sd, sa*sc*sd, cc*sc*sd, ca**2*sd, sa*ca*sd, cc*ca*sd, cc*sa*sd, sc*cd*cb, ca*cd*cb, sa*cd*cb, sc**2*cb, ca*sc*cb, sa*sc*cb, cc*sc*cb, ca**2*cb, sa*ca*cb, cc*ca*cb, cc*sa*cb, sc**2*cd, ca*sc*cd, sa*sc*cd, ca**2*cd, sa*ca*cd, sc**3, ca*sc**2, sa*sc**2, cc*sc**2, ca**2*sc, sa*ca*sc, cc*ca*sc, cc*sa*sc, ca**3, sa*ca**2, cc*ca**2, cc*sa*ca, sb**4, sd*sb**3, cb*sb**3, cd*sb**3, sc*sb**3, ca*sb**3, sa*sb**3, cc*sb**3, sd**2*sb**2, cb*sd*sb**2, cd*sd*sb**2, sc*sd*sb**2, ca*sd*sb**2, sa*sd*sb**2, cc*sd*sb**2, cd*cb*sb**2;['cc', 'sa', 'ca', 'sc', 'cd', 'cb', 'sd', 'sb']
277;cb;cb_sa_sd_cd_cc_ca_sc_sb;698.0914714259561;6546;1409.82421875;cc**2, cd*cc, sd**2, sa**2, cb**2, cc*ca*sb, cd*ca*sb, sd*ca*sb, sa*ca*sb, cb*ca*sb, sd*cc*sb, sa*cc*sb, cb*cc*sb, cd**2*sb, sd*cd*sb, sa*cd*sb, cb*cd*sb, sa*sd*sb, cb*sd*sb, cb*sa*sb, sc**3, ca*sc**2, cc*sc**2, cd*sc**2, sd*sc**2, sa*sc**2, cb*sc**2, ca**2*sc, cc*ca*sc, cd*ca*sc, sd*ca*sc, sa*ca*sc, cb*ca*sc, sd*cc*sc, sa*cc*sc, cb*cc*sc, cd**2*sc, sd*cd*sc, sa*cd*sc, cb*cd*sc, sa*sd*sc, cb*sd*sc, cb*sa*sc, ca**3, cc*ca**2, cd*ca**2, sd*ca**2, sa*ca**2, cb*ca**2, sd*cc*ca, sa*cc*ca, cb*cc*ca, cd**2*ca, sd*cd*ca, sa*cd*ca, cb*cd*ca, sa*sd*ca, cb*sd*ca, cb*sa*ca, sa*sd*cc, cb*sd*cc, cb*sa*cc, cd**3, sd*cd**2, sa*cd**2, cb*cd**2, sa*sd*cd, cb*sd*cd, cb*sa*cd, cb*sa*sd, sb**4, sc*sb**3, ca*sb**3, cc*sb**3, cd*sb**3, sd*sb**3, sa*sb**3, cb*sb**3, sc**2*sb**2, ca*sc*sb**2, cc*sc*sb**2, cd*sc*sb**2, sd*sc*sb**2, sa*sc*sb**2, cb*sc*sb**2, ca**2*sb**2;['cb', 'sa', 'sd', 'cd', 'cc', 'ca', 'sc', 'sb']
278;sa;sa_cd_cb_sc_sd_sb_cc_ca;516.4451205849182;6314;1409.82421875;sc*sd, sc**2, cb**2, cd**2, sa**2, sd*sb*ca, sc*sb*ca, cb*sb*ca, cd*sb*ca, sa*sb*ca, sd**2*ca, cb*sd*ca, cd*sd*ca, sa*sd*ca, cb*sc*ca, cd*sc*ca, sa*sc*ca, cd*cb*ca, sa*cb*ca, sa*cd*ca, cc**3, sb*cc**2, sd*cc**2, sc*cc**2, cb*cc**2, cd*cc**2, sa*cc**2, sb**2*cc, sd*sb*cc, sc*sb*cc, cb*sb*cc, cd*sb*cc, sa*sb*cc, sd**2*cc, cb*sd*cc, cd*sd*cc, sa*sd*cc, cb*sc*cc, cd*sc*cc, sa*sc*cc, cd*cb*cc, sa*cb*cc, sa*cd*cc, sb**3, sd*sb**2, sc*sb**2, cb*sb**2, cd*sb**2, sa*sb**2, sd**2*sb, cb*sd*sb, cd*sd*sb, sa*sd*sb, cb*sc*sb, cd*sc*sb, sa*sc*sb, cd*cb*sb, sa*cb*sb, sa*cd*sb, sd**3, cb*sd**2, cd*sd**2, sa*sd**2, cd*cb*sd, sa*cb*sd, sa*cd*sd, cd*cb*sc, sa*cb*sc, sa*cd*sc, sa*cd*cb, ca**4, cc*ca**3, sb*ca**3, sd*ca**3, sc*ca**3, cb*ca**3, cd*ca**3, sa*ca**3, cc**2*ca**2, sb*cc*ca**2, sd*cc*ca**2, sc*cc*ca**2, cb*cc*ca**2, cd*cc*ca**2, sa*cc*ca**2, sb**2*ca**2;['sa', 'cd', 'cb', 'sc', 'sd', 'sb', 'cc', 'ca']
279;cd;cd_sa_sb_cb_sd_ca_cc_sc;713.7148427270586;5463;1409.82421875;cc**2, cd*cc, sb**2, sa**2, cd**2, sd*cc*sc, sa*ca*sc, cd*ca*sc, sd**2*sc, cb*sd*sc, sb*sd*sc, sa*sd*sc, cd*sd*sc, cb**2*sc, sb*cb*sc, sa*cb*sc, cd*cb*sc, sa*sb*sc, cd*sb*sc, cd*sa*sc, ca**2*cc, sd*ca*cc, cb*ca*cc, sb*ca*cc, sa*ca*cc, sd**2*cc, cb*sd*cc, sb*sd*cc, sa*sd*cc, cb**2*cc, sb*cb*cc, sa*cb*cc, sa*sb*cc, ca**3, sd*ca**2, cb*ca**2, sb*ca**2, sa*ca**2, cd*ca**2, sd**2*ca, cb*sd*ca, sb*sd*ca, sa*sd*ca, cd*sd*ca, cb**2*ca, sb*cb*ca, sa*cb*ca, cd*cb*ca, sa*sb*ca, cd*sb*ca, cd*sa*ca, sd**3, cb*sd**2, sb*sd**2, sa*sd**2, cd*sd**2, cb**2*sd, sb*cb*sd, sa*cb*sd, cd*cb*sd, sa*sb*sd, cd*sb*sd, cd*sa*sd, cb**3, sb*cb**2, sa*cb**2, cd*cb**2, sa*sb*cb, cd*sb*cb, cd*sa*cb, cd*sa*sb, sc**4, cc*sc**3, ca*sc**3, sd*sc**3, cb*sc**3, sb*sc**3, sa*sc**3, cd*sc**3, ca*cc*sc**2, cb*cc*sc**2, sb*cc*sc**2, sa*cc*sc**2, ca**2*sc**2, sd*ca*sc**2, cb*ca*sc**2, sb*ca*sc**2;['cd', 'sa', 'sb', 'cb', 'sd', 'ca', 'cc', 'sc']
280;cb;cb_ca_sa_sc_sd_cc_cd_sb;1799.5398958600126;6069;1409.82421875;sd**2, sc*sd, sc**2, ca**2, cb**2, sd*cc*sb, sc*cc*sb, sa*cc*sb, ca*cc*sb, cb*cc*sb, sa*sd*sb, ca*sd*sb, cb*sd*sb, sa*sc*sb, ca*sc*sb, cb*sc*sb, sa**2*sb, ca*sa*sb, cb*sa*sb, cb*ca*sb, cd**3, cc*cd**2, sd*cd**2, sc*cd**2, sa*cd**2, ca*cd**2, cb*cd**2, cc**2*cd, sd*cc*cd, sc*cc*cd, sa*cc*cd, ca*cc*cd, cb*cc*cd, sa*sd*cd, ca*sd*cd, cb*sd*cd, sa*sc*cd, ca*sc*cd, cb*sc*cd, sa**2*cd, ca*sa*cd, cb*sa*cd, cb*ca*cd, cc**3, sd*cc**2, sc*cc**2, sa*cc**2, ca*cc**2, cb*cc**2, sa*sd*cc, ca*sd*cc, cb*sd*cc, sa*sc*cc, ca*sc*cc, cb*sc*cc, sa**2*cc, ca*sa*cc, cb*sa*cc, cb*ca*cc, sa**2*sd, ca*sa*sd, cb*sa*sd, cb*ca*sd, sa**2*sc, ca*sa*sc, cb*sa*sc, cb*ca*sc, sa**3, ca*sa**2, cb*sa**2, cb*ca*sa, sb**4, cd*sb**3, cc*sb**3, sd*sb**3, sc*sb**3, sa*sb**3, ca*sb**3, cb*sb**3, cd**2*sb**2, cc*cd*sb**2, sd*cd*sb**2, sc*cd*sb**2, sa*cd*sb**2, ca*cd*sb**2, cb*cd*sb**2, cc**2*sb**2;['cb', 'ca', 'sa', 'sc', 'sd', 'cc', 'cd', 'sb']
281;cd;cd_cc_sa_ca_sd_sc_sb_cb;692.9674461680697;5672;1409.82421875;sb**2, sa**2, cc**2, cd*cc, cd**2, ca*sc*cb, sa*sc*cb, cc*sc*cb, cd*sc*cb, sd**2*cb, ca*sd*cb, sa*sd*cb, cc*sd*cb, cd*sd*cb, ca**2*cb, sa*ca*cb, cc*ca*cb, cd*ca*cb, cc*sa*cb, cd*sa*cb, sc**2*sb, sd*sc*sb, ca*sc*sb, sa*sc*sb, cc*sc*sb, cd*sc*sb, sd**2*sb, ca*sd*sb, sa*sd*sb, cc*sd*sb, cd*sd*sb, ca**2*sb, sa*ca*sb, cc*ca*sb, cd*ca*sb, cc*sa*sb, cd*sa*sb, sc**3, sd*sc**2, ca*sc**2, sa*sc**2, cc*sc**2, cd*sc**2, sd**2*sc, ca*sd*sc, sa*sd*sc, cc*sd*sc, cd*sd*sc, ca**2*sc, sa*ca*sc, cc*ca*sc, cd*ca*sc, cc*sa*sc, cd*sa*sc, sd**3, ca*sd**2, sa*sd**2, cc*sd**2, cd*sd**2, ca**2*sd, sa*ca*sd, cc*ca*sd, cd*ca*sd, cc*sa*sd, cd*sa*sd, ca**3, sa*ca**2, cc*ca**2, cd*ca**2, cc*sa*ca, cd*sa*ca, cb**4, sb*cb**3, sc*cb**3, sd*cb**3, ca*cb**3, sa*cb**3, cc*cb**3, cd*cb**3, sc*sb*cb**2, sd*sb*cb**2, ca*sb*cb**2, sa*sb*cb**2, cc*sb*cb**2, cd*sb*cb**2, sc**2*cb**2, sd*sc*cb**2;['cd', 'cc', 'sa', 'ca', 'sd', 'sc', 'sb', 'cb']
282;ca;ca_cb_cc_cd_sc_sb_sd_sa;508.4241474849405;6618;1409.82421875;cd**2, cc*cd, cc**2, cb**2, ca**2, sc*sb*sa, cd*sb*sa, cc*sb*sa, cb*sb*sa, ca*sb*sa, sc**2*sa, cd*sc*sa, cc*sc*sa, cb*sc*sa, ca*sc*sa, cb*cd*sa, ca*cd*sa, cb*cc*sa, ca*cc*sa, ca*cb*sa, sd**3, sb*sd**2, sc*sd**2, cd*sd**2, cc*sd**2, cb*sd**2, ca*sd**2, sb**2*sd, sc*sb*sd, cd*sb*sd, cc*sb*sd, cb*sb*sd, ca*sb*sd, sc**2*sd, cd*sc*sd, cc*sc*sd, cb*sc*sd, ca*sc*sd, cb*cd*sd, ca*cd*sd, cb*cc*sd, ca*cc*sd, ca*cb*sd, sb**3, sc*sb**2, cd*sb**2, cc*sb**2, cb*sb**2, ca*sb**2, sc**2*sb, cd*sc*sb, cc*sc*sb, cb*sc*sb, ca*sc*sb, cb*cd*sb, ca*cd*sb, cb*cc*sb, ca*cc*sb, ca*cb*sb, sc**3, cd*sc**2, cc*sc**2, cb*sc**2, ca*sc**2, cb*cd*sc, ca*cd*sc, cb*cc*sc, ca*cc*sc, ca*cb*sc, ca*cb*cd, ca*cb*cc, sa**4, sd*sa**3, sb*sa**3, sc*sa**3, cd*sa**3, cc*sa**3, cb*sa**3, ca*sa**3, sd**2*sa**2, sb*sd*sa**2, sc*sd*sa**2, cd*sd*sa**2, cc*sd*sa**2, cb*sd*sa**2, ca*sd*sa**2, sb**2*sa**2;['ca', 'cb', 'cc', 'cd', 'sc', 'sb', 'sd', 'sa']
283;cc;cc_sb_ca_cd_cb_sa_sc_sd;1424.6695232180646;5650;1409.82421875;cd**2, cc*cd, ca**2, sb**2, cc**2, sc**2*sd, cd*sc*sd, cc*sc*sd, sb*sa*sd, cc*sa*sd, cb**2*sd, cd*cb*sd, ca*cb*sd, sb*cb*sd, cc*cb*sd, ca*cd*sd, sb*cd*sd, sb*ca*sd, cc*ca*sd, cc*sb*sd, sc**3, sa*sc**2, cb*sc**2, cd*sc**2, ca*sc**2, sb*sc**2, cc*sc**2, sa**2*sc, cb*sa*sc, cd*sa*sc, ca*sa*sc, sb*sa*sc, cc*sa*sc, cb**2*sc, cd*cb*sc, ca*cb*sc, sb*cb*sc, cc*cb*sc, ca*cd*sc, sb*cd*sc, sb*ca*sc, cc*ca*sc, cc*sb*sc, sa**3, cb*sa**2, cd*sa**2, ca*sa**2, sb*sa**2, cc*sa**2, cb**2*sa, cd*cb*sa, ca*cb*sa, sb*cb*sa, cc*cb*sa, ca*cd*sa, sb*cd*sa, sb*ca*sa, cc*ca*sa, cc*sb*sa, cb**3, cd*cb**2, ca*cb**2, sb*cb**2, cc*cb**2, ca*cd*cb, sb*cd*cb, sb*ca*cb, cc*ca*cb, cc*sb*cb, sb*ca*cd, cc*sb*ca, sd**4, sc*sd**3, sa*sd**3, cb*sd**3, cd*sd**3, ca*sd**3, sb*sd**3, cc*sd**3, sa*sc*sd**2, cb*sc*sd**2, ca*sc*sd**2, sb*sc*sd**2, sa**2*sd**2, cb*sa*sd**2, cd*sa*sd**2, ca*sa*sd**2;['cc', 'sb', 'ca', 'cd', 'cb', 'sa', 'sc', 'sd']
284;sb;sb_ca_cb_sd_cd_cc_sc_sa;533.2006864540745;5864;1409.82421875;cc**2, cd*cc, sd**2, ca**2, sb**2, cb*cc*sa, ca*cc*sa, sb*cc*sa, cd**2*sa, sd*cd*sa, cb*cd*sa, ca*cd*sa, sb*cd*sa, cb*sd*sa, ca*sd*sa, sb*sd*sa, cb**2*sa, ca*cb*sa, sb*cb*sa, sb*ca*sa, sc**3, cc*sc**2, cd*sc**2, sd*sc**2, cb*sc**2, ca*sc**2, sb*sc**2, sd*cc*sc, cb*cc*sc, ca*cc*sc, sb*cc*sc, cd**2*sc, sd*cd*sc, cb*cd*sc, ca*cd*sc, sb*cd*sc, cb*sd*sc, ca*sd*sc, sb*sd*sc, cb**2*sc, ca*cb*sc, sb*cb*sc, sb*ca*sc, cb*sd*cc, ca*sd*cc, sb*sd*cc, cb**2*cc, ca*cb*cc, sb*cb*cc, sb*ca*cc, cd**3, sd*cd**2, cb*cd**2, ca*cd**2, sb*cd**2, cb*sd*cd, ca*sd*cd, sb*sd*cd, cb**2*cd, ca*cb*cd, sb*cb*cd, sb*ca*cd, cb**2*sd, ca*cb*sd, sb*cb*sd, sb*ca*sd, cb**3, ca*cb**2, sb*cb**2, sb*ca*cb, sa**4, sc*sa**3, cc*sa**3, cd*sa**3, sd*sa**3, cb*sa**3, ca*sa**3, sb*sa**3, sc**2*sa**2, cc*sc*sa**2, cd*sc*sa**2, sd*sc*sa**2, cb*sc*sa**2, ca*sc*sa**2, sb*sc*sa**2, sd*cc*sa**2;['sb', 'ca', 'cb', 'sd', 'cd', 'cc', 'sc', 'sa']
285;sd;sd_cb_cc_sc_sa_ca_sb_cd;1340.3636069599306;7284;1415.22265625;sa**2, sd*sc, cc**2, cb**2, sd**2, sa*ca*cd, sc*ca*cd, cc*ca*cd, cb*ca*cd, sd*ca*cd, sc*sa*cd, cc*sa*cd, cb*sa*cd, sd*sa*cd, sc**2*cd, cc*sc*cd, cb*sc*cd, cb*cc*cd, sd*cc*cd, sd*cb*cd, sb**3, ca*sb**2, sa*sb**2, sc*sb**2, cc*sb**2, cb*sb**2, sd*sb**2, ca**2*sb, sa*ca*sb, sc*ca*sb, cc*ca*sb, cb*ca*sb, sd*ca*sb, sc*sa*sb, cc*sa*sb, cb*sa*sb, sd*sa*sb, sc**2*sb, cc*sc*sb, cb*sc*sb, cb*cc*sb, sd*cc*sb, sd*cb*sb, ca**3, sa*ca**2, sc*ca**2, cc*ca**2, cb*ca**2, sd*ca**2, sc*sa*ca, cc*sa*ca, cb*sa*ca, sd*sa*ca, sc**2*ca, cc*sc*ca, cb*sc*ca, cb*cc*ca, sd*cc*ca, sd*cb*ca, sc**2*sa, cc*sc*sa, cb*sc*sa, cb*cc*sa, sd*cc*sa, sd*cb*sa, sc**3, cc*sc**2, cb*sc**2, cb*cc*sc, sd*cb*cc, cd**4, sb*cd**3, ca*cd**3, sa*cd**3, sc*cd**3, cc*cd**3, cb*cd**3, sd*cd**3, sb**2*cd**2, ca*sb*cd**2, sa*sb*cd**2, sc*sb*cd**2, cc*sb*cd**2, cb*sb*cd**2, sd*sb*cd**2, ca**2*cd**2;['sd', 'cb', 'cc', 'sc', 'sa', 'ca', 'sb', 'cd']
286;sa;sa_cb_sb_cd_ca_sc_cc_sd;498.0329478890635;5319;1415.22265625;cd*cc, sc**2, cd**2, cb**2, sa**2, cc**2*sd, sc*cc*sd, cd*sc*sd, ca**2*sd, cd*ca*sd, sb*ca*sd, cb*ca*sd, sa*ca*sd, sb*cd*sd, cb*cd*sd, sa*cd*sd, sb**2*sd, cb*sb*sd, sa*sb*sd, sa*cb*sd, cc**3, sc*cc**2, ca*cc**2, sb*cc**2, cb*cc**2, sa*cc**2, ca*sc*cc, sb*sc*cc, cb*sc*cc, sa*sc*cc, ca**2*cc, sb*ca*cc, cb*ca*cc, sa*ca*cc, sb**2*cc, cb*sb*cc, sa*sb*cc, sa*cb*cc, ca**2*sc, cd*ca*sc, sb*ca*sc, cb*ca*sc, sa*ca*sc, sb*cd*sc, cb*cd*sc, sa*cd*sc, sb**2*sc, cb*sb*sc, sa*sb*sc, sa*cb*sc, ca**3, cd*ca**2, sb*ca**2, cb*ca**2, sa*ca**2, sb*cd*ca, cb*cd*ca, sa*cd*ca, sb**2*ca, cb*sb*ca, sa*sb*ca, sa*cb*ca, sb**2*cd, cb*sb*cd, sa*sb*cd, sa*cb*cd, sb**3, cb*sb**2, sa*sb**2, sa*cb*sb, sd**4, cc*sd**3, sc*sd**3, ca*sd**3, cd*sd**3, sb*sd**3, cb*sd**3, sa*sd**3, ca*cc*sd**2, sb*cc*sd**2, cb*cc*sd**2, sa*cc*sd**2, ca*sc*sd**2, sb*sc*sd**2, cb*sc*sd**2, sa*sc*sd**2;['sa', 'cb', 'sb', 'cd', 'ca', 'sc', 'cc', 'sd']
287;ca;ca_sd_sb_cc_sa_sc_cb_cd;664.7255660130177;6435;1413.60546875;sd*sc, cc**2, sb**2, sd**2, ca**2, sc**2*cd, cc*sc*cd, sb*sc*cd, ca*sc*cd, sa**2*cd, cc*sa*cd, sb*sa*cd, sd*sa*cd, ca*sa*cd, sb*cc*cd, sd*cc*cd, ca*cc*cd, sd*sb*cd, ca*sb*cd, ca*sd*cd, cb**3, sc*cb**2, sa*cb**2, cc*cb**2, sb*cb**2, sd*cb**2, ca*cb**2, sc**2*cb, sa*sc*cb, cc*sc*cb, sb*sc*cb, ca*sc*cb, sa**2*cb, cc*sa*cb, sb*sa*cb, sd*sa*cb, ca*sa*cb, sb*cc*cb, sd*cc*cb, ca*cc*cb, sd*sb*cb, ca*sb*cb, ca*sd*cb, sc**3, sa*sc**2, cc*sc**2, sb*sc**2, ca*sc**2, sa**2*sc, cc*sa*sc, sb*sa*sc, ca*sa*sc, sb*cc*sc, ca*cc*sc, ca*sb*sc, sa**3, cc*sa**2, sb*sa**2, sd*sa**2, ca*sa**2, sb*cc*sa, sd*cc*sa, ca*cc*sa, sd*sb*sa, ca*sb*sa, ca*sd*sa, sd*sb*cc, ca*sb*cc, ca*sd*cc, ca*sd*sb, cd**4, cb*cd**3, sc*cd**3, sa*cd**3, cc*cd**3, sb*cd**3, sd*cd**3, ca*cd**3, cb**2*cd**2, sc*cb*cd**2, sa*cb*cd**2, cc*cb*cd**2, sb*cb*cd**2, sd*cb*cd**2, ca*cb*cd**2, sa*sc*cd**2;['ca', 'sd', 'sb', 'cc', 'sa', 'sc', 'cb', 'cd']
288;sa;sa_ca_sd_cb_sc_cc_sb_cd;1188.097065988928;6488;1413.60546875;sc**2, sd*sc, cb**2, sd**2, sa**2, cc**2*cd, sc*cc*cd, sd*cc*cd, ca*cc*cd, sa*cc*cd, cb*sc*cd, ca*sc*cd, sa*sc*cd, sd*cb*cd, ca*cb*cd, sa*cb*cd, ca*sd*cd, sa*sd*cd, ca**2*cd, sa*ca*cd, sb**3, cc*sb**2, sc*sb**2, cb*sb**2, sd*sb**2, ca*sb**2, sa*sb**2, cc**2*sb, sc*cc*sb, cb*cc*sb, sd*cc*sb, ca*cc*sb, sa*cc*sb, cb*sc*sb, ca*sc*sb, sa*sc*sb, sd*cb*sb, ca*cb*sb, sa*cb*sb, ca*sd*sb, sa*sd*sb, ca**2*sb, sa*ca*sb, cc**3, sc*cc**2, cb*cc**2, sd*cc**2, ca*cc**2, sa*cc**2, cb*sc*cc, ca*sc*cc, sa*sc*cc, sd*cb*cc, ca*cb*cc, sa*cb*cc, ca*sd*cc, sa*sd*cc, ca**2*cc, sa*ca*cc, ca*cb*sc, sa*cb*sc, ca**2*sc, sa*ca*sc, ca*sd*cb, sa*sd*cb, ca**2*cb, sa*ca*cb, ca**2*sd, sa*ca*sd, ca**3, sa*ca**2, cd**4, sb*cd**3, cc*cd**3, sc*cd**3, cb*cd**3, sd*cd**3, ca*cd**3, sa*cd**3, sb**2*cd**2, cc*sb*cd**2, sc*sb*cd**2, cb*sb*cd**2, sd*sb*cd**2, ca*sb*cd**2, sa*sb*cd**2, cb*cc*cd**2;['sa', 'ca', 'sd', 'cb', 'sc', 'cc', 'sb', 'cd']
289;sa;sa_ca_cc_sc_sd_sb_cb_cd;518.7838866420789;5586;1412.43359375;sb**2, sd**2, sc*sd, cc**2, sa**2, sc*sb*cd, cc*sb*cd, ca*sb*cd, sa*sb*cd, cc*sd*cd, ca*sd*cd, sa*sd*cd, sc**2*cd, cc*sc*cd, ca*sc*cd, sa*sc*cd, ca*cc*cd, sa*cc*cd, ca**2*cd, sa*ca*cd, cb**3, sb*cb**2, sd*cb**2, sc*cb**2, cc*cb**2, ca*cb**2, sa*cb**2, sd*sb*cb, sc*sb*cb, cc*sb*cb, ca*sb*cb, sa*sb*cb, cc*sd*cb, ca*sd*cb, sa*sd*cb, sc**2*cb, cc*sc*cb, ca*sc*cb, sa*sc*cb, ca*cc*cb, sa*cc*cb, ca**2*cb, sa*ca*cb, cc*sd*sb, ca*sd*sb, sa*sd*sb, sc**2*sb, cc*sc*sb, ca*sc*sb, sa*sc*sb, ca*cc*sb, sa*cc*sb, ca**2*sb, sa*ca*sb, ca*cc*sd, sa*cc*sd, ca**2*sd, sa*ca*sd, sc**3, cc*sc**2, ca*sc**2, sa*sc**2, ca*cc*sc, sa*cc*sc, ca**2*sc, sa*ca*sc, ca**2*cc, sa*ca*cc, ca**3, sa*ca**2, cd**4, cb*cd**3, sb*cd**3, sd*cd**3, sc*cd**3, cc*cd**3, ca*cd**3, sa*cd**3, cb**2*cd**2, sb*cb*cd**2, sd*cb*cd**2, sc*cb*cd**2, cc*cb*cd**2, ca*cb*cd**2, sa*cb*cd**2, sd*sb*cd**2;['sa', 'ca', 'cc', 'sc', 'sd', 'sb', 'cb', 'cd']
290;cb;cb_cd_ca_sc_cc_sd_sa_sb;1695.347821163945;6209;1412.43359375;cd*cc, sc**2, ca**2, cd**2, cb**2, cc*sd*sb, sc*sd*sb, ca*sd*sb, cd*sd*sb, cb*sd*sb, cc**2*sb, sc*cc*sb, ca*cc*sb, cb*cc*sb, ca*sc*sb, cd*sc*sb, cb*sc*sb, cd*ca*sb, cb*ca*sb, cb*cd*sb, sa**3, sd*sa**2, cc*sa**2, sc*sa**2, ca*sa**2, cd*sa**2, cb*sa**2, sd**2*sa, cc*sd*sa, sc*sd*sa, ca*sd*sa, cd*sd*sa, cb*sd*sa, cc**2*sa, sc*cc*sa, ca*cc*sa, cb*cc*sa, ca*sc*sa, cd*sc*sa, cb*sc*sa, cd*ca*sa, cb*ca*sa, cb*cd*sa, sd**3, cc*sd**2, sc*sd**2, ca*sd**2, cd*sd**2, cb*sd**2, cc**2*sd, sc*cc*sd, ca*cc*sd, cb*cc*sd, ca*sc*sd, cd*sc*sd, cb*sc*sd, cd*ca*sd, cb*ca*sd, cb*cd*sd, cc**3, sc*cc**2, ca*cc**2, cb*cc**2, ca*sc*cc, cb*sc*cc, cb*ca*cc, cd*ca*sc, cb*ca*sc, cb*cd*sc, cb*cd*ca, sb**4, sa*sb**3, sd*sb**3, cc*sb**3, sc*sb**3, ca*sb**3, cd*sb**3, cb*sb**3, sa**2*sb**2, sd*sa*sb**2, cc*sa*sb**2, sc*sa*sb**2, ca*sa*sb**2, cd*sa*sb**2, cb*sa*sb**2, sd**2*sb**2;['cb', 'cd', 'ca', 'sc', 'cc', 'sd', 'sa', 'sb']
291;cd;cd_sd_cc_sa_sb_cb_ca_sc;682.4801373640075;7715;1411.44921875;sb**2, sa**2, cc**2, cd*cc, cd**2, sb*cb*sc, sa*cb*sc, cc*cb*sc, sd*cb*sc, cd*cb*sc, sa*sb*sc, cc*sb*sc, sd*sb*sc, cd*sb*sc, cc*sa*sc, sd*sa*sc, cd*sa*sc, sd*cc*sc, sd**2*sc, cd*sd*sc, ca**3, cb*ca**2, sb*ca**2, sa*ca**2, cc*ca**2, sd*ca**2, cd*ca**2, cb**2*ca, sb*cb*ca, sa*cb*ca, cc*cb*ca, sd*cb*ca, cd*cb*ca, sa*sb*ca, cc*sb*ca, sd*sb*ca, cd*sb*ca, cc*sa*ca, sd*sa*ca, cd*sa*ca, sd*cc*ca, sd**2*ca, cd*sd*ca, cb**3, sb*cb**2, sa*cb**2, cc*cb**2, sd*cb**2, cd*cb**2, sa*sb*cb, cc*sb*cb, sd*sb*cb, cd*sb*cb, cc*sa*cb, sd*sa*cb, cd*sa*cb, sd*cc*cb, sd**2*cb, cd*sd*cb, cc*sa*sb, sd*sa*sb, cd*sa*sb, sd*cc*sb, sd**2*sb, cd*sd*sb, sd*cc*sa, sd**2*sa, cd*sd*sa, sd**2*cc, sd**3, cd*sd**2, sc**4, ca*sc**3, cb*sc**3, sb*sc**3, sa*sc**3, cc*sc**3, sd*sc**3, cd*sc**3, ca**2*sc**2, cb*ca*sc**2, sb*ca*sc**2, sa*ca*sc**2, cc*ca*sc**2, sd*ca*sc**2, cd*ca*sc**2, cb**2*sc**2;['cd', 'sd', 'cc', 'sa', 'sb', 'cb', 'ca', 'sc']
292;sd;sd_cb_sa_cd_cc_ca_sc_sb;574.7434796249727;6082;1411.44921875;cc**2, cd*cc, sa**2, cb**2, sd**2, cc*ca*sb, cd*ca*sb, sa*ca*sb, cb*ca*sb, sd*ca*sb, sa*cc*sb, cb*cc*sb, sd*cc*sb, cd**2*sb, sa*cd*sb, cb*cd*sb, sd*cd*sb, cb*sa*sb, sd*sa*sb, sd*cb*sb, sc**3, ca*sc**2, cc*sc**2, cd*sc**2, sa*sc**2, cb*sc**2, sd*sc**2, ca**2*sc, cc*ca*sc, cd*ca*sc, sa*ca*sc, cb*ca*sc, sd*ca*sc, sa*cc*sc, cb*cc*sc, sd*cc*sc, cd**2*sc, sa*cd*sc, cb*cd*sc, sd*cd*sc, cb*sa*sc, sd*sa*sc, sd*cb*sc, ca**3, cc*ca**2, cd*ca**2, sa*ca**2, cb*ca**2, sd*ca**2, sa*cc*ca, cb*cc*ca, sd*cc*ca, cd**2*ca, sa*cd*ca, cb*cd*ca, sd*cd*ca, cb*sa*ca, sd*sa*ca, sd*cb*ca, cb*sa*cc, sd*sa*cc, sd*cb*cc, cd**3, sa*cd**2, cb*cd**2, sd*cd**2, cb*sa*cd, sd*sa*cd, sd*cb*cd, sd*cb*sa, sb**4, sc*sb**3, ca*sb**3, cc*sb**3, cd*sb**3, sa*sb**3, cb*sb**3, sd*sb**3, sc**2*sb**2, ca*sc*sb**2, cc*sc*sb**2, cd*sc*sb**2, sa*sc*sb**2, cb*sc*sb**2, sd*sc*sb**2, ca**2*sb**2;['sd', 'cb', 'sa', 'cd', 'cc', 'ca', 'sc', 'sb']
293;cd;cd_sb_ca_sa_cc_cb_sd_sc;1105.0837536699837;5412;1410.57421875;cc**2, cd*cc, ca**2, sb**2, cd**2, sd**2*sc, cc*sd*sc, cd*sd*sc, sb*cb*sc, cd*cb*sc, sa*cc*sc, ca*cc*sc, sb*cc*sc, sa**2*sc, ca*sa*sc, sb*sa*sc, cd*sa*sc, sb*ca*sc, cd*ca*sc, cd*sb*sc, sd**3, cb*sd**2, cc*sd**2, sa*sd**2, ca*sd**2, sb*sd**2, cd*sd**2, cb**2*sd, cc*cb*sd, sa*cb*sd, ca*cb*sd, sb*cb*sd, cd*cb*sd, sa*cc*sd, ca*cc*sd, sb*cc*sd, sa**2*sd, ca*sa*sd, sb*sa*sd, cd*sa*sd, sb*ca*sd, cd*ca*sd, cd*sb*sd, cb**3, cc*cb**2, sa*cb**2, ca*cb**2, sb*cb**2, cd*cb**2, sa*cc*cb, ca*cc*cb, sb*cc*cb, sa**2*cb, ca*sa*cb, sb*sa*cb, cd*sa*cb, sb*ca*cb, cd*ca*cb, cd*sb*cb, sa**2*cc, ca*sa*cc, sb*sa*cc, sb*ca*cc, sa**3, ca*sa**2, sb*sa**2, cd*sa**2, sb*ca*sa, cd*ca*sa, cd*sb*sa, cd*sb*ca, sc**4, sd*sc**3, cb*sc**3, cc*sc**3, sa*sc**3, ca*sc**3, sb*sc**3, cd*sc**3, cb*sd*sc**2, sa*sd*sc**2, ca*sd*sc**2, sb*sd*sc**2, cb**2*sc**2, cc*cb*sc**2, sa*cb*sc**2, ca*cb*sc**2;['cd', 'sb', 'ca', 'sa', 'cc', 'cb', 'sd', 'sc']
294;sb;sb_cc_sc_sd_sa_cb_ca_cd;362.64787824905943;5802;1410.57421875;sa**2, sd**2, sc*sd, cc**2, sb**2, sa*cb*cd, sd*cb*cd, sc*cb*cd, cc*cb*cd, sb*cb*cd, sd*sa*cd, sc*sa*cd, cc*sa*cd, sb*sa*cd, cc*sd*cd, sb*sd*cd, sc**2*cd, cc*sc*cd, sb*sc*cd, sb*cc*cd, ca**3, cb*ca**2, sa*ca**2, sd*ca**2, sc*ca**2, cc*ca**2, sb*ca**2, cb**2*ca, sa*cb*ca, sd*cb*ca, sc*cb*ca, cc*cb*ca, sb*cb*ca, sd*sa*ca, sc*sa*ca, cc*sa*ca, sb*sa*ca, cc*sd*ca, sb*sd*ca, sc**2*ca, cc*sc*ca, sb*sc*ca, sb*cc*ca, cb**3, sa*cb**2, sd*cb**2, sc*cb**2, cc*cb**2, sb*cb**2, sd*sa*cb, sc*sa*cb, cc*sa*cb, sb*sa*cb, cc*sd*cb, sb*sd*cb, sc**2*cb, cc*sc*cb, sb*sc*cb, sb*cc*cb, cc*sd*sa, sb*sd*sa, sc**2*sa, cc*sc*sa, sb*sc*sa, sb*cc*sa, sb*cc*sd, sc**3, cc*sc**2, sb*sc**2, sb*cc*sc, cd**4, ca*cd**3, cb*cd**3, sa*cd**3, sd*cd**3, sc*cd**3, cc*cd**3, sb*cd**3, ca**2*cd**2, cb*ca*cd**2, sa*ca*cd**2, sd*ca*cd**2, sc*ca*cd**2, cc*ca*cd**2, sb*ca*cd**2, cb**2*cd**2;['sb', 'cc', 'sc', 'sd', 'sa', 'cb', 'ca', 'cd']
295;sd;sd_cb_sa_sb_sc_ca_cc_cd;4279.594671569066;5515;1410.57421875;sc**2, sd*sc, sa**2, cb**2, sd**2, cc**2*cd, sc*cc*cd, sd*cc*cd, cb*ca*cd, sd*ca*cd, sb*sc*cd, sa*sc*cd, cb*sc*cd, sb**2*cd, sa*sb*cd, cb*sb*cd, sd*sb*cd, cb*sa*cd, sd*sa*cd, sd*cb*cd, cc**3, ca*cc**2, sc*cc**2, sb*cc**2, sa*cc**2, cb*cc**2, sd*cc**2, ca**2*cc, sc*ca*cc, sb*ca*cc, sa*ca*cc, cb*ca*cc, sd*ca*cc, sb*sc*cc, sa*sc*cc, cb*sc*cc, sb**2*cc, sa*sb*cc, cb*sb*cc, sd*sb*cc, cb*sa*cc, sd*sa*cc, sd*cb*cc, ca**3, sc*ca**2, sb*ca**2, sa*ca**2, cb*ca**2, sd*ca**2, sb*sc*ca, sa*sc*ca, cb*sc*ca, sb**2*ca, sa*sb*ca, cb*sb*ca, sd*sb*ca, cb*sa*ca, sd*sa*ca, sd*cb*ca, sb**2*sc, sa*sb*sc, cb*sb*sc, cb*sa*sc, sb**3, sa*sb**2, cb*sb**2, sd*sb**2, cb*sa*sb, sd*sa*sb, sd*cb*sb, sd*cb*sa, cd**4, cc*cd**3, ca*cd**3, sc*cd**3, sb*cd**3, sa*cd**3, cb*cd**3, sd*cd**3, ca*cc*cd**2, sb*cc*cd**2, sa*cc*cd**2, cb*cc*cd**2, ca**2*cd**2, sc*ca*cd**2, sb*ca*cd**2, sa*ca*cd**2;['sd', 'cb', 'sa', 'sb', 'sc', 'ca', 'cc', 'cd']
296;cb;cb_sa_cd_sc_cc_sd_ca_sb;1209.8426657239906;6435;1410.57421875;cd*cc, sc**2, cd**2, sa**2, cb**2, cc*sd*sb, sc*sd*sb, cd*sd*sb, sa*sd*sb, cb*sd*sb, cc**2*sb, sc*cc*sb, sa*cc*sb, cb*cc*sb, cd*sc*sb, sa*sc*sb, cb*sc*sb, sa*cd*sb, cb*cd*sb, cb*sa*sb, ca**3, sd*ca**2, cc*ca**2, sc*ca**2, cd*ca**2, sa*ca**2, cb*ca**2, sd**2*ca, cc*sd*ca, sc*sd*ca, cd*sd*ca, sa*sd*ca, cb*sd*ca, cc**2*ca, sc*cc*ca, sa*cc*ca, cb*cc*ca, cd*sc*ca, sa*sc*ca, cb*sc*ca, sa*cd*ca, cb*cd*ca, cb*sa*ca, sd**3, cc*sd**2, sc*sd**2, cd*sd**2, sa*sd**2, cb*sd**2, cc**2*sd, sc*cc*sd, sa*cc*sd, cb*cc*sd, cd*sc*sd, sa*sc*sd, cb*sc*sd, sa*cd*sd, cb*cd*sd, cb*sa*sd, cc**3, sc*cc**2, sa*cc**2, cb*cc**2, sa*sc*cc, cb*sc*cc, cb*sa*cc, sa*cd*sc, cb*cd*sc, cb*sa*sc, cb*sa*cd, sb**4, ca*sb**3, sd*sb**3, cc*sb**3, sc*sb**3, cd*sb**3, sa*sb**3, cb*sb**3, ca**2*sb**2, sd*ca*sb**2, cc*ca*sb**2, sc*ca*sb**2, cd*ca*sb**2, sa*ca*sb**2, cb*ca*sb**2, sd**2*sb**2;['cb', 'sa', 'cd', 'sc', 'cc', 'sd', 'ca', 'sb']
297;sb;sb_cc_sc_sa_cd_cb_sd_ca;605.2460293460172;6510;1410.57421875;cd**2, cc*cd, sa**2, cc**2, sb**2, cd*cb*ca, sa*cb*ca, sc*cb*ca, cc*cb*ca, sb*cb*ca, sa*cd*ca, sc*cd*ca, sb*cd*ca, sc*sa*ca, cc*sa*ca, sb*sa*ca, sc**2*ca, cc*sc*ca, sb*sc*ca, sb*cc*ca, sd**3, cb*sd**2, cd*sd**2, sa*sd**2, sc*sd**2, cc*sd**2, sb*sd**2, cb**2*sd, cd*cb*sd, sa*cb*sd, sc*cb*sd, cc*cb*sd, sb*cb*sd, sa*cd*sd, sc*cd*sd, sb*cd*sd, sc*sa*sd, cc*sa*sd, sb*sa*sd, sc**2*sd, cc*sc*sd, sb*sc*sd, sb*cc*sd, cb**3, cd*cb**2, sa*cb**2, sc*cb**2, cc*cb**2, sb*cb**2, sa*cd*cb, sc*cd*cb, sb*cd*cb, sc*sa*cb, cc*sa*cb, sb*sa*cb, sc**2*cb, cc*sc*cb, sb*sc*cb, sb*cc*cb, sc*sa*cd, sb*sa*cd, sc**2*cd, sb*sc*cd, sc**2*sa, cc*sc*sa, sb*sc*sa, sb*cc*sa, sc**3, cc*sc**2, sb*sc**2, sb*cc*sc, ca**4, sd*ca**3, cb*ca**3, cd*ca**3, sa*ca**3, sc*ca**3, cc*ca**3, sb*ca**3, sd**2*ca**2, cb*sd*ca**2, cd*sd*ca**2, sa*sd*ca**2, sc*sd*ca**2, cc*sd*ca**2, sb*sd*ca**2, cb**2*ca**2;['sb', 'cc', 'sc', 'sa', 'cd', 'cb', 'sd', 'ca']
298;sc;sc_ca_sa_sd_cd_sb_cb_cc;573.2937987690093;6100;1410.46875;sb**2, sd**2, sc*sd, ca**2, sc**2, sd*sb*cc, sa*sb*cc, ca*sb*cc, sc*sb*cc, cd**2*cc, sd*cd*cc, sa*cd*cc, ca*cd*cc, sc*cd*cc, sa*sd*cc, ca*sd*cc, sa**2*cc, ca*sa*cc, sc*sa*cc, sc*ca*cc, cb**3, sb*cb**2, cd*cb**2, sd*cb**2, sa*cb**2, ca*cb**2, sc*cb**2, cd*sb*cb, sd*sb*cb, sa*sb*cb, ca*sb*cb, sc*sb*cb, cd**2*cb, sd*cd*cb, sa*cd*cb, ca*cd*cb, sc*cd*cb, sa*sd*cb, ca*sd*cb, sa**2*cb, ca*sa*cb, sc*sa*cb, sc*ca*cb, cd**2*sb, sd*cd*sb, sa*cd*sb, ca*cd*sb, sc*cd*sb, sa*sd*sb, ca*sd*sb, sa**2*sb, ca*sa*sb, sc*sa*sb, sc*ca*sb, cd**3, sd*cd**2, sa*cd**2, ca*cd**2, sc*cd**2, sa*sd*cd, ca*sd*cd, sa**2*cd, ca*sa*cd, sc*sa*cd, sc*ca*cd, sa**2*sd, ca*sa*sd, sa**3, ca*sa**2, sc*sa**2, sc*ca*sa, cc**4, cb*cc**3, sb*cc**3, cd*cc**3, sd*cc**3, sa*cc**3, ca*cc**3, sc*cc**3, cb**2*cc**2, sb*cb*cc**2, cd*cb*cc**2, sd*cb*cc**2, sa*cb*cc**2, ca*cb*cc**2, sc*cb*cc**2, cd*sb*cc**2;['sc', 'ca', 'sa', 'sd', 'cd', 'sb', 'cb', 'cc']
299;cc;cc_sb_ca_sa_cb_cd_sc_sd;383.4292897549458;5131;1410.46875;cd**2, cc*cd, ca**2, sb**2, cc**2, sc**2*sd, cd*sc*sd, cc*sc*sd, cb**2*sd, sa*cb*sd, ca*cb*sd, sb*cb*sd, cc*cb*sd, sa**2*sd, ca*sa*sd, sb*sa*sd, cc*sa*sd, sb*ca*sd, cc*ca*sd, cc*sb*sd, sc**3, cd*sc**2, cb*sc**2, sa*sc**2, ca*sc**2, sb*sc**2, cc*sc**2, cb*cd*sc, sa*cd*sc, ca*cd*sc, sb*cd*sc, cb**2*sc, sa*cb*sc, ca*cb*sc, sb*cb*sc, cc*cb*sc, sa**2*sc, ca*sa*sc, sb*sa*sc, cc*sa*sc, sb*ca*sc, cc*ca*sc, cc*sb*sc, cb**2*cd, sa*cb*cd, ca*cb*cd, sb*cb*cd, sa**2*cd, ca*sa*cd, sb*sa*cd, sb*ca*cd, cb**3, sa*cb**2, ca*cb**2, sb*cb**2, cc*cb**2, sa**2*cb, ca*sa*cb, sb*sa*cb, cc*sa*cb, sb*ca*cb, cc*ca*cb, cc*sb*cb, sa**3, ca*sa**2, sb*sa**2, cc*sa**2, sb*ca*sa, cc*ca*sa, cc*sb*sa, cc*sb*ca, sd**4, sc*sd**3, cd*sd**3, cb*sd**3, sa*sd**3, ca*sd**3, sb*sd**3, cc*sd**3, cb*sc*sd**2, sa*sc*sd**2, ca*sc*sd**2, sb*sc*sd**2, cb*cd*sd**2, sa*cd*sd**2, ca*cd*sd**2, sb*cd*sd**2;['cc', 'sb', 'ca', 'sa', 'cb', 'cd', 'sc', 'sd']
300;ca;ca_sb_cd_sd_sa_cb_cc_sc;577.3202686890727;6008;1410.46875;cc**2, cd*cc, cd**2, sb**2, ca**2, sd*cc*sc, sb*cb*sc, ca*cb*sc, sa**2*sc, sd*sa*sc, cd*sa*sc, sb*sa*sc, ca*sa*sc, sd**2*sc, cd*sd*sc, sb*sd*sc, ca*sd*sc, sb*cd*sc, ca*cd*sc, ca*sb*sc, cb**2*cc, sa*cb*cc, sd*cb*cc, sb*cb*cc, ca*cb*cc, sa**2*cc, sd*sa*cc, sb*sa*cc, ca*sa*cc, sd**2*cc, sb*sd*cc, ca*sd*cc, ca*sb*cc, cb**3, sa*cb**2, sd*cb**2, cd*cb**2, sb*cb**2, ca*cb**2, sa**2*cb, sd*sa*cb, cd*sa*cb, sb*sa*cb, ca*sa*cb, sd**2*cb, cd*sd*cb, sb*sd*cb, ca*sd*cb, sb*cd*cb, ca*cd*cb, ca*sb*cb, sa**3, sd*sa**2, cd*sa**2, sb*sa**2, ca*sa**2, sd**2*sa, cd*sd*sa, sb*sd*sa, ca*sd*sa, sb*cd*sa, ca*cd*sa, ca*sb*sa, sd**3, cd*sd**2, sb*sd**2, ca*sd**2, sb*cd*sd, ca*cd*sd, ca*sb*sd, ca*sb*cd, sc**4, cc*sc**3, cb*sc**3, sa*sc**3, sd*sc**3, cd*sc**3, sb*sc**3, ca*sc**3, cb*cc*sc**2, sa*cc*sc**2, sb*cc*sc**2, ca*cc*sc**2, cb**2*sc**2, sa*cb*sc**2, sd*cb*sc**2, cd*cb*sc**2;['ca', 'sb', 'cd', 'sd', 'sa', 'cb', 'cc', 'sc']
301;ca;ca_cb_sb_sd_sc_cc_cd_sa;1174.5916393799707;6395;1410.46875;sc**2, sd*sc, sd**2, cb**2, ca**2, sc*cc*sa, sd*cc*sa, sb*cc*sa, cb*cc*sa, ca*cc*sa, sb*sc*sa, cb*sc*sa, ca*sc*sa, sb*sd*sa, cb*sd*sa, ca*sd*sa, sb**2*sa, cb*sb*sa, ca*sb*sa, ca*cb*sa, cd**3, cc*cd**2, sc*cd**2, sd*cd**2, sb*cd**2, cb*cd**2, ca*cd**2, cc**2*cd, sc*cc*cd, sd*cc*cd, sb*cc*cd, cb*cc*cd, ca*cc*cd, sb*sc*cd, cb*sc*cd, ca*sc*cd, sb*sd*cd, cb*sd*cd, ca*sd*cd, sb**2*cd, cb*sb*cd, ca*sb*cd, ca*cb*cd, cc**3, sc*cc**2, sd*cc**2, sb*cc**2, cb*cc**2, ca*cc**2, sb*sc*cc, cb*sc*cc, ca*sc*cc, sb*sd*cc, cb*sd*cc, ca*sd*cc, sb**2*cc, cb*sb*cc, ca*sb*cc, ca*cb*cc, sb**2*sc, cb*sb*sc, ca*sb*sc, ca*cb*sc, sb**2*sd, cb*sb*sd, ca*sb*sd, ca*cb*sd, sb**3, cb*sb**2, ca*sb**2, ca*cb*sb, sa**4, cd*sa**3, cc*sa**3, sc*sa**3, sd*sa**3, sb*sa**3, cb*sa**3, ca*sa**3, cd**2*sa**2, cc*cd*sa**2, sc*cd*sa**2, sd*cd*sa**2, sb*cd*sa**2, cb*cd*sa**2, ca*cd*sa**2, cc**2*sa**2;['ca', 'cb', 'sb', 'sd', 'sc', 'cc', 'cd', 'sa']
302;sb;sb_sa_sc_cb_sd_cd_ca_cc;655.511499372893;6332;1410.46875;sd**2, sc*sd, sc**2, sa**2, sb**2, cd**2*cc, sd*cd*cc, sc*cd*cc, sa*cd*cc, sb*cd*cc, cb*sd*cc, sa*sd*cc, sb*sd*cc, cb**2*cc, sc*cb*cc, sa*cb*cc, sb*cb*cc, sa*sc*cc, sb*sc*cc, sb*sa*cc, ca**3, cd*ca**2, sd*ca**2, cb*ca**2, sc*ca**2, sa*ca**2, sb*ca**2, cd**2*ca, sd*cd*ca, cb*cd*ca, sc*cd*ca, sa*cd*ca, sb*cd*ca, cb*sd*ca, sa*sd*ca, sb*sd*ca, cb**2*ca, sc*cb*ca, sa*cb*ca, sb*cb*ca, sa*sc*ca, sb*sc*ca, sb*sa*ca, cd**3, sd*cd**2, cb*cd**2, sc*cd**2, sa*cd**2, sb*cd**2, cb*sd*cd, sa*sd*cd, sb*sd*cd, cb**2*cd, sc*cb*cd, sa*cb*cd, sb*cb*cd, sa*sc*cd, sb*sc*cd, sb*sa*cd, cb**2*sd, sa*cb*sd, sb*cb*sd, sb*sa*sd, cb**3, sc*cb**2, sa*cb**2, sb*cb**2, sa*sc*cb, sb*sc*cb, sb*sa*cb, sb*sa*sc, cc**4, ca*cc**3, cd*cc**3, sd*cc**3, cb*cc**3, sc*cc**3, sa*cc**3, sb*cc**3, ca**2*cc**2, cd*ca*cc**2, sd*ca*cc**2, cb*ca*cc**2, sc*ca*cc**2, sa*ca*cc**2, sb*ca*cc**2, cb*cd*cc**2;['sb', 'sa', 'sc', 'cb', 'sd', 'cd', 'ca', 'cc']
303;cc;cc_sc_ca_cd_sd_sa_sb_cb;1820.4521453100024;6085;1410.46875;sb**2, cd**2, cc*cd, ca**2, cc**2, cd*sa*cb, ca*sa*cb, sc*sa*cb, cc*sa*cb, sd**2*cb, cd*sd*cb, ca*sd*cb, sc*sd*cb, cc*sd*cb, ca*cd*cb, sc*cd*cb, sc*ca*cb, cc*ca*cb, sc**2*cb, cc*sc*cb, sa**2*sb, sd*sa*sb, cd*sa*sb, ca*sa*sb, sc*sa*sb, cc*sa*sb, sd**2*sb, cd*sd*sb, ca*sd*sb, sc*sd*sb, cc*sd*sb, ca*cd*sb, sc*cd*sb, sc*ca*sb, cc*ca*sb, sc**2*sb, cc*sc*sb, sa**3, sd*sa**2, cd*sa**2, ca*sa**2, sc*sa**2, cc*sa**2, sd**2*sa, cd*sd*sa, ca*sd*sa, sc*sd*sa, cc*sd*sa, ca*cd*sa, sc*cd*sa, sc*ca*sa, cc*ca*sa, sc**2*sa, cc*sc*sa, sd**3, cd*sd**2, ca*sd**2, sc*sd**2, cc*sd**2, ca*cd*sd, sc*cd*sd, sc*ca*sd, cc*ca*sd, sc**2*sd, cc*sc*sd, sc*ca*cd, sc**2*cd, sc**2*ca, cc*sc*ca, sc**3, cc*sc**2, cb**4, sb*cb**3, sa*cb**3, sd*cb**3, cd*cb**3, ca*cb**3, sc*cb**3, cc*cb**3, sa*sb*cb**2, sd*sb*cb**2, cd*sb*cb**2, ca*sb*cb**2, sc*sb*cb**2, cc*sb*cb**2, sa**2*cb**2, sd*sa*cb**2;['cc', 'sc', 'ca', 'cd', 'sd', 'sa', 'sb', 'cb']
304;sb;sb_ca_sa_cc_cd_cb_sd_sc;411.8080484109232;5408;1409.83984375;cd**2, cc*cd, cc**2, ca**2, sb**2, sd**2*sc, cd*sd*sc, cc*sd*sc, ca*cb*sc, sb*cb*sc, sa*cd*sc, ca*cd*sc, sb*cd*sc, sa*cc*sc, ca*cc*sc, sb*cc*sc, sa**2*sc, ca*sa*sc, sb*sa*sc, sb*ca*sc, sd**3, cb*sd**2, cd*sd**2, cc*sd**2, sa*sd**2, ca*sd**2, sb*sd**2, cb**2*sd, cd*cb*sd, cc*cb*sd, sa*cb*sd, ca*cb*sd, sb*cb*sd, sa*cd*sd, ca*cd*sd, sb*cd*sd, sa*cc*sd, ca*cc*sd, sb*cc*sd, sa**2*sd, ca*sa*sd, sb*sa*sd, sb*ca*sd, cb**3, cd*cb**2, cc*cb**2, sa*cb**2, ca*cb**2, sb*cb**2, sa*cd*cb, ca*cd*cb, sb*cd*cb, sa*cc*cb, ca*cc*cb, sb*cc*cb, sa**2*cb, ca*sa*cb, sb*sa*cb, sb*ca*cb, sa**2*cd, ca*sa*cd, sb*sa*cd, sb*ca*cd, sa**2*cc, ca*sa*cc, sb*sa*cc, sb*ca*cc, sa**3, ca*sa**2, sb*sa**2, sb*ca*sa, sc**4, sd*sc**3, cb*sc**3, cd*sc**3, cc*sc**3, sa*sc**3, ca*sc**3, sb*sc**3, cb*sd*sc**2, sa*sd*sc**2, ca*sd*sc**2, sb*sd*sc**2, cb**2*sc**2, cd*cb*sc**2, cc*cb*sc**2, sa*cb*sc**2;['sb', 'ca', 'sa', 'cc', 'cd', 'cb', 'sd', 'sc']
305;sb;sb_sa_ca_cc_cd_cb_sd_sc;466.3757363499608;5053;1410.48828125;cd**2, cc*cd, cc**2, sa**2, sb**2, sd**2*sc, cd*sd*sc, cc*sd*sc, sa*cb*sc, sb*cb*sc, ca*cd*sc, sa*cd*sc, sb*cd*sc, ca*cc*sc, sa*cc*sc, sb*cc*sc, ca**2*sc, sa*ca*sc, sb*ca*sc, sb*sa*sc, sd**3, cb*sd**2, cd*sd**2, cc*sd**2, ca*sd**2, sa*sd**2, sb*sd**2, cb**2*sd, cd*cb*sd, cc*cb*sd, ca*cb*sd, sa*cb*sd, sb*cb*sd, ca*cd*sd, sa*cd*sd, sb*cd*sd, ca*cc*sd, sa*cc*sd, sb*cc*sd, ca**2*sd, sa*ca*sd, sb*ca*sd, sb*sa*sd, cb**3, cd*cb**2, cc*cb**2, ca*cb**2, sa*cb**2, sb*cb**2, ca*cd*cb, sa*cd*cb, sb*cd*cb, ca*cc*cb, sa*cc*cb, sb*cc*cb, ca**2*cb, sa*ca*cb, sb*ca*cb, sb*sa*cb, ca**2*cd, sa*ca*cd, sb*ca*cd, sb*sa*cd, ca**2*cc, sa*ca*cc, sb*ca*cc, sb*sa*cc, ca**3, sa*ca**2, sb*ca**2, sb*sa*ca, sc**4, sd*sc**3, cb*sc**3, cd*sc**3, cc*sc**3, ca*sc**3, sa*sc**3, sb*sc**3, cb*sd*sc**2, ca*sd*sc**2, sa*sd*sc**2, sb*sd*sc**2, cb**2*sc**2, cd*cb*sc**2, cc*cb*sc**2, ca*cb*sc**2;['sb', 'sa', 'ca', 'cc', 'cd', 'cb', 'sd', 'sc']
306;cb;cb_cc_sd_sb_ca_sc_sa_cd;808.7233520719456;5921;1410.54296875;sd*sc, ca**2, sd**2, cc**2, cb**2, sc**2*cd, sb*sc*cd, cc*sc*cd, cb*sc*cd, sb*ca*cd, sd*ca*cd, cc*ca*cd, cb*ca*cd, sb**2*cd, sd*sb*cd, cc*sb*cd, cb*sb*cd, cc*sd*cd, cb*sd*cd, cb*cc*cd, sa**3, sc*sa**2, ca*sa**2, sb*sa**2, sd*sa**2, cc*sa**2, cb*sa**2, sc**2*sa, ca*sc*sa, sb*sc*sa, cc*sc*sa, cb*sc*sa, sb*ca*sa, sd*ca*sa, cc*ca*sa, cb*ca*sa, sb**2*sa, sd*sb*sa, cc*sb*sa, cb*sb*sa, cc*sd*sa, cb*sd*sa, cb*cc*sa, sc**3, ca*sc**2, sb*sc**2, cc*sc**2, cb*sc**2, sb*ca*sc, cc*ca*sc, cb*ca*sc, sb**2*sc, cc*sb*sc, cb*sb*sc, cb*cc*sc, sb**2*ca, sd*sb*ca, cc*sb*ca, cb*sb*ca, cc*sd*ca, cb*sd*ca, cb*cc*ca, sb**3, sd*sb**2, cc*sb**2, cb*sb**2, cc*sd*sb, cb*sd*sb, cb*cc*sb, cb*cc*sd, cd**4, sa*cd**3, sc*cd**3, ca*cd**3, sb*cd**3, sd*cd**3, cc*cd**3, cb*cd**3, sa**2*cd**2, sc*sa*cd**2, ca*sa*cd**2, sb*sa*cd**2, sd*sa*cd**2, cc*sa*cd**2, cb*sa*cd**2, ca*sc*cd**2;['cb', 'cc', 'sd', 'sb', 'ca', 'sc', 'sa', 'cd']
307;cc;cc_sd_sc_ca_cd_cb_sb_sa;664.6986773239914;5516;1410.54296875;cb**2, ca**2, sd*sc, sd**2, cc**2, ca*cb*sa, sc*cb*sa, sd*cb*sa, cc*cb*sa, cd**2*sa, ca*cd*sa, sc*cd*sa, sd*cd*sa, cc*cd*sa, sc*ca*sa, sd*ca*sa, cc*ca*sa, sc**2*sa, cc*sc*sa, cc*sd*sa, sb**3, cb*sb**2, cd*sb**2, ca*sb**2, sc*sb**2, sd*sb**2, cc*sb**2, cd*cb*sb, ca*cb*sb, sc*cb*sb, sd*cb*sb, cc*cb*sb, cd**2*sb, ca*cd*sb, sc*cd*sb, sd*cd*sb, cc*cd*sb, sc*ca*sb, sd*ca*sb, cc*ca*sb, sc**2*sb, cc*sc*sb, cc*sd*sb, cd**2*cb, ca*cd*cb, sc*cd*cb, sd*cd*cb, cc*cd*cb, sc*ca*cb, sd*ca*cb, cc*ca*cb, sc**2*cb, cc*sc*cb, cc*sd*cb, cd**3, ca*cd**2, sc*cd**2, sd*cd**2, cc*cd**2, sc*ca*cd, sd*ca*cd, cc*ca*cd, sc**2*cd, cc*sc*cd, cc*sd*cd, sc**2*ca, cc*sc*ca, cc*sd*ca, sc**3, cc*sc**2, sa**4, sb*sa**3, cb*sa**3, cd*sa**3, ca*sa**3, sc*sa**3, sd*sa**3, cc*sa**3, sb**2*sa**2, cb*sb*sa**2, cd*sb*sa**2, ca*sb*sa**2, sc*sb*sa**2, sd*sb*sa**2, cc*sb*sa**2, cd*cb*sa**2;['cc', 'sd', 'sc', 'ca', 'cd', 'cb', 'sb', 'sa']
308;sa;sa_ca_cc_sd_sb_cb_cd_sc;344.0101597389439;5209;1410.54296875;cc*cd, sb**2, sd**2, cc**2, sa**2, cd**2*sc, sd*cd*sc, ca*cb*sc, sa*cb*sc, sd*sb*sc, cc*sb*sc, ca*sb*sc, sa*sb*sc, cc*sd*sc, ca*sd*sc, sa*sd*sc, ca*cc*sc, sa*cc*sc, ca**2*sc, sa*ca*sc, cd**3, cb*cd**2, sb*cd**2, sd*cd**2, ca*cd**2, sa*cd**2, cb**2*cd, sb*cb*cd, sd*cb*cd, ca*cb*cd, sa*cb*cd, sd*sb*cd, ca*sb*cd, sa*sb*cd, ca*sd*cd, sa*sd*cd, ca**2*cd, sa*ca*cd, cb**3, sb*cb**2, sd*cb**2, cc*cb**2, ca*cb**2, sa*cb**2, sd*sb*cb, cc*sb*cb, ca*sb*cb, sa*sb*cb, cc*sd*cb, ca*sd*cb, sa*sd*cb, ca*cc*cb, sa*cc*cb, ca**2*cb, sa*ca*cb, cc*sd*sb, ca*sd*sb, sa*sd*sb, ca*cc*sb, sa*cc*sb, ca**2*sb, sa*ca*sb, ca*cc*sd, sa*cc*sd, ca**2*sd, sa*ca*sd, ca**2*cc, sa*ca*cc, ca**3, sa*ca**2, sc**4, cd*sc**3, cb*sc**3, sb*sc**3, sd*sc**3, cc*sc**3, ca*sc**3, sa*sc**3, cb*cd*sc**2, sb*cd*sc**2, ca*cd*sc**2, sa*cd*sc**2, cb**2*sc**2, sb*cb*sc**2, sd*cb*sc**2, cc*cb*sc**2;['sa', 'ca', 'cc', 'sd', 'sb', 'cb', 'cd', 'sc']
309;sd;sd_sb_cc_sc_cb_cd_sa_ca;3085.182515089982;6493;1410.54296875;sa**2, sd*sc, cc**2, sb**2, sd**2, sc*cd*ca, cc*cd*ca, sb*cd*ca, sd*cd*ca, cb**2*ca, sc*cb*ca, cc*cb*ca, sb*cb*ca, sd*cb*ca, sc**2*ca, cc*sc*ca, sb*sc*ca, sb*cc*ca, sd*cc*ca, sd*sb*ca, cd**2*sa, cb*cd*sa, sc*cd*sa, cc*cd*sa, sb*cd*sa, sd*cd*sa, cb**2*sa, sc*cb*sa, cc*cb*sa, sb*cb*sa, sd*cb*sa, sc**2*sa, cc*sc*sa, sb*sc*sa, sb*cc*sa, sd*cc*sa, sd*sb*sa, cd**3, cb*cd**2, sc*cd**2, cc*cd**2, sb*cd**2, sd*cd**2, cb**2*cd, sc*cb*cd, cc*cb*cd, sb*cb*cd, sd*cb*cd, sc**2*cd, cc*sc*cd, sb*sc*cd, sb*cc*cd, sd*cc*cd, sd*sb*cd, cb**3, sc*cb**2, cc*cb**2, sb*cb**2, sd*cb**2, sc**2*cb, cc*sc*cb, sb*sc*cb, sb*cc*cb, sd*cc*cb, sd*sb*cb, sc**3, cc*sc**2, sb*sc**2, sb*cc*sc, sd*sb*cc, ca**4, sa*ca**3, cd*ca**3, cb*ca**3, sc*ca**3, cc*ca**3, sb*ca**3, sd*ca**3, cd*sa*ca**2, cb*sa*ca**2, sc*sa*ca**2, cc*sa*ca**2, sb*sa*ca**2, sd*sa*ca**2, cd**2*ca**2, cb*cd*ca**2;['sd', 'sb', 'cc', 'sc', 'cb', 'cd', 'sa', 'ca']
310;ca;ca_cc_cb_sd_sb_sc_sa_cd;417.2805715040304;5934;1410.54296875;sd*sc, sd**2, cb**2, cc**2, ca**2, sc**2*cd, cb*sc*cd, cc*sc*cd, ca*sc*cd, sb**2*cd, sd*sb*cd, cb*sb*cd, cc*sb*cd, ca*sb*cd, cb*sd*cd, cc*sd*cd, ca*sd*cd, cc*cb*cd, ca*cb*cd, ca*cc*cd, sa**3, sc*sa**2, sb*sa**2, sd*sa**2, cb*sa**2, cc*sa**2, ca*sa**2, sc**2*sa, sb*sc*sa, cb*sc*sa, cc*sc*sa, ca*sc*sa, sb**2*sa, sd*sb*sa, cb*sb*sa, cc*sb*sa, ca*sb*sa, cb*sd*sa, cc*sd*sa, ca*sd*sa, cc*cb*sa, ca*cb*sa, ca*cc*sa, sc**3, sb*sc**2, cb*sc**2, cc*sc**2, ca*sc**2, sb**2*sc, cb*sb*sc, cc*sb*sc, ca*sb*sc, cc*cb*sc, ca*cb*sc, ca*cc*sc, sb**3, sd*sb**2, cb*sb**2, cc*sb**2, ca*sb**2, cb*sd*sb, cc*sd*sb, ca*sd*sb, cc*cb*sb, ca*cb*sb, ca*cc*sb, cc*cb*sd, ca*cb*sd, ca*cc*sd, ca*cc*cb, cd**4, sa*cd**3, sc*cd**3, sb*cd**3, sd*cd**3, cb*cd**3, cc*cd**3, ca*cd**3, sa**2*cd**2, sc*sa*cd**2, sb*sa*cd**2, sd*sa*cd**2, cb*sa*cd**2, cc*sa*cd**2, ca*sa*cd**2, sb*sc*cd**2;['ca', 'cc', 'cb', 'sd', 'sb', 'sc', 'sa', 'cd']
311;cb;cb_sc_sd_cc_ca_sa_sb_cd;666.732178150909;6486;1410.54296875;ca**2, sd**2, sc*sd, sc**2, cb**2, ca*sa*cd, cc*sa*cd, sd*sa*cd, sc*sa*cd, cb*sa*cd, cc*ca*cd, sd*ca*cd, sc*ca*cd, cb*ca*cd, cc**2*cd, sd*cc*cd, sc*cc*cd, cb*cc*cd, cb*sd*cd, cb*sc*cd, sb**3, sa*sb**2, ca*sb**2, cc*sb**2, sd*sb**2, sc*sb**2, cb*sb**2, sa**2*sb, ca*sa*sb, cc*sa*sb, sd*sa*sb, sc*sa*sb, cb*sa*sb, cc*ca*sb, sd*ca*sb, sc*ca*sb, cb*ca*sb, cc**2*sb, sd*cc*sb, sc*cc*sb, cb*cc*sb, cb*sd*sb, cb*sc*sb, sa**3, ca*sa**2, cc*sa**2, sd*sa**2, sc*sa**2, cb*sa**2, cc*ca*sa, sd*ca*sa, sc*ca*sa, cb*ca*sa, cc**2*sa, sd*cc*sa, sc*cc*sa, cb*cc*sa, cb*sd*sa, cb*sc*sa, cc**2*ca, sd*cc*ca, sc*cc*ca, cb*cc*ca, cb*sd*ca, cb*sc*ca, cc**3, sd*cc**2, sc*cc**2, cb*cc**2, cb*sd*cc, cb*sc*cc, cd**4, sb*cd**3, sa*cd**3, ca*cd**3, cc*cd**3, sd*cd**3, sc*cd**3, cb*cd**3, sb**2*cd**2, sa*sb*cd**2, ca*sb*cd**2, cc*sb*cd**2, sd*sb*cd**2, sc*sb*cd**2, cb*sb*cd**2, sa**2*cd**2;['cb', 'sc', 'sd', 'cc', 'ca', 'sa', 'sb', 'cd']
312;cd;cd_sd_sc_cc_sa_cb_sb_ca;604.1558434709441;5317;1410.54296875;cb**2, sa**2, sc**2, sd*sc, cd**2, cc*cb*ca, sc*cb*ca, sd*cb*ca, cd*cb*ca, cc*sa*ca, sc*sa*ca, sd*sa*ca, cd*sa*ca, cc**2*ca, sc*cc*ca, sd*cc*ca, cd*cc*ca, cd*sc*ca, sd**2*ca, cd*sd*ca, sb**3, cb*sb**2, sa*sb**2, cc*sb**2, sc*sb**2, sd*sb**2, cd*sb**2, sa*cb*sb, cc*cb*sb, sc*cb*sb, sd*cb*sb, cd*cb*sb, cc*sa*sb, sc*sa*sb, sd*sa*sb, cd*sa*sb, cc**2*sb, sc*cc*sb, sd*cc*sb, cd*cc*sb, cd*sc*sb, sd**2*sb, cd*sd*sb, cc*sa*cb, sc*sa*cb, sd*sa*cb, cd*sa*cb, cc**2*cb, sc*cc*cb, sd*cc*cb, cd*cc*cb, cd*sc*cb, sd**2*cb, cd*sd*cb, cc**2*sa, sc*cc*sa, sd*cc*sa, cd*cc*sa, cd*sc*sa, sd**2*sa, cd*sd*sa, cc**3, sc*cc**2, sd*cc**2, cd*cc**2, cd*sc*cc, sd**2*cc, cd*sd*cc, sd**3, cd*sd**2, ca**4, sb*ca**3, cb*ca**3, sa*ca**3, cc*ca**3, sc*ca**3, sd*ca**3, cd*ca**3, sb**2*ca**2, cb*sb*ca**2, sa*sb*ca**2, cc*sb*ca**2, sc*sb*ca**2, sd*sb*ca**2, cd*sb*ca**2, sa*cb*ca**2;['cd', 'sd', 'sc', 'cc', 'sa', 'cb', 'sb', 'ca']
313;sc;sc_sd_cc_sb_sa_ca_cb_cd;593.0048404328991;6542;1410.54296875;sa**2, sb**2, sd**2, sc*sd, sc**2, sa*ca*cd, sb*ca*cd, cc*ca*cd, sd*ca*cd, sc*ca*cd, sb*sa*cd, cc*sa*cd, sd*sa*cd, sc*sa*cd, cc*sb*cd, sd*sb*cd, sc*sb*cd, cc**2*cd, sd*cc*cd, sc*cc*cd, cb**3, ca*cb**2, sa*cb**2, sb*cb**2, cc*cb**2, sd*cb**2, sc*cb**2, ca**2*cb, sa*ca*cb, sb*ca*cb, cc*ca*cb, sd*ca*cb, sc*ca*cb, sb*sa*cb, cc*sa*cb, sd*sa*cb, sc*sa*cb, cc*sb*cb, sd*sb*cb, sc*sb*cb, cc**2*cb, sd*cc*cb, sc*cc*cb, ca**3, sa*ca**2, sb*ca**2, cc*ca**2, sd*ca**2, sc*ca**2, sb*sa*ca, cc*sa*ca, sd*sa*ca, sc*sa*ca, cc*sb*ca, sd*sb*ca, sc*sb*ca, cc**2*ca, sd*cc*ca, sc*cc*ca, cc*sb*sa, sd*sb*sa, sc*sb*sa, cc**2*sa, sd*cc*sa, sc*cc*sa, cc**2*sb, sd*cc*sb, sc*cc*sb, cc**3, sd*cc**2, sc*cc**2, cd**4, cb*cd**3, ca*cd**3, sa*cd**3, sb*cd**3, cc*cd**3, sd*cd**3, sc*cd**3, cb**2*cd**2, ca*cb*cd**2, sa*cb*cd**2, sb*cb*cd**2, cc*cb*cd**2, sd*cb*cd**2, sc*cb*cd**2, ca**2*cd**2;['sc', 'sd', 'cc', 'sb', 'sa', 'ca', 'cb', 'cd']
314;cb;cb_sa_sd_sc_sb_cd_cc_ca;985.8891729299212;6537;1410.54296875;sc**2, sd*sc, sd**2, sa**2, cb**2, sb*cd*ca, sc*cd*ca, sd*cd*ca, sa*cd*ca, cb*cd*ca, sb**2*ca, sc*sb*ca, sd*sb*ca, sa*sb*ca, cb*sb*ca, sa*sc*ca, cb*sc*ca, sa*sd*ca, cb*sd*ca, cb*sa*ca, cc**3, cd*cc**2, sb*cc**2, sc*cc**2, sd*cc**2, sa*cc**2, cb*cc**2, cd**2*cc, sb*cd*cc, sc*cd*cc, sd*cd*cc, sa*cd*cc, cb*cd*cc, sb**2*cc, sc*sb*cc, sd*sb*cc, sa*sb*cc, cb*sb*cc, sa*sc*cc, cb*sc*cc, sa*sd*cc, cb*sd*cc, cb*sa*cc, cd**3, sb*cd**2, sc*cd**2, sd*cd**2, sa*cd**2, cb*cd**2, sb**2*cd, sc*sb*cd, sd*sb*cd, sa*sb*cd, cb*sb*cd, sa*sc*cd, cb*sc*cd, sa*sd*cd, cb*sd*cd, cb*sa*cd, sb**3, sc*sb**2, sd*sb**2, sa*sb**2, cb*sb**2, sa*sc*sb, cb*sc*sb, sa*sd*sb, cb*sd*sb, cb*sa*sb, cb*sa*sc, cb*sa*sd, ca**4, cc*ca**3, cd*ca**3, sb*ca**3, sc*ca**3, sd*ca**3, sa*ca**3, cb*ca**3, cc**2*ca**2, cd*cc*ca**2, sb*cc*ca**2, sc*cc*ca**2, sd*cc*ca**2, sa*cc*ca**2, cb*cc*ca**2, cd**2*ca**2;['cb', 'sa', 'sd', 'sc', 'sb', 'cd', 'cc', 'ca']
315;cb;cb_ca_sd_cc_cd_sc_sb_sa;528.3504697589669;5911;1410.54296875;cc*cd, cc**2, sd**2, ca**2, cb**2, cd*sc*sa, cc*sc*sa, sd*sc*sa, ca*sc*sa, cb*sc*sa, cd**2*sa, sd*cd*sa, ca*cd*sa, cb*cd*sa, sd*cc*sa, ca*cc*sa, cb*cc*sa, ca*sd*sa, cb*sd*sa, cb*ca*sa, sb**3, sc*sb**2, cd*sb**2, cc*sb**2, sd*sb**2, ca*sb**2, cb*sb**2, sc**2*sb, cd*sc*sb, cc*sc*sb, sd*sc*sb, ca*sc*sb, cb*sc*sb, cd**2*sb, sd*cd*sb, ca*cd*sb, cb*cd*sb, sd*cc*sb, ca*cc*sb, cb*cc*sb, ca*sd*sb, cb*sd*sb, cb*ca*sb, sc**3, cd*sc**2, cc*sc**2, sd*sc**2, ca*sc**2, cb*sc**2, cd**2*sc, sd*cd*sc, ca*cd*sc, cb*cd*sc, sd*cc*sc, ca*cc*sc, cb*cc*sc, ca*sd*sc, cb*sd*sc, cb*ca*sc, cd**3, sd*cd**2, ca*cd**2, cb*cd**2, ca*sd*cd, cb*sd*cd, cb*ca*cd, ca*sd*cc, cb*sd*cc, cb*ca*cc, cb*ca*sd, sa**4, sb*sa**3, sc*sa**3, cd*sa**3, cc*sa**3, sd*sa**3, ca*sa**3, cb*sa**3, sb**2*sa**2, sc*sb*sa**2, cd*sb*sa**2, cc*sb*sa**2, sd*sb*sa**2, ca*sb*sa**2, cb*sb*sa**2, sc**2*sa**2;['cb', 'ca', 'sd', 'cc', 'cd', 'sc', 'sb', 'sa']
316;sc;sc_cd_sa_sd_cc_cb_ca_sb;706.061104657012;5504;1410.54296875;cb**2, sc*sd, sa**2, cd**2, sc**2, sd*cb*sb, sa*cb*sb, cd*cb*sb, sc*cb*sb, cc**2*sb, sd*cc*sb, sa*cc*sb, cd*cc*sb, sc*cc*sb, sd**2*sb, sa*sd*sb, cd*sd*sb, cd*sa*sb, sc*sa*sb, sc*cd*sb, ca**3, cb*ca**2, cc*ca**2, sd*ca**2, sa*ca**2, cd*ca**2, sc*ca**2, cc*cb*ca, sd*cb*ca, sa*cb*ca, cd*cb*ca, sc*cb*ca, cc**2*ca, sd*cc*ca, sa*cc*ca, cd*cc*ca, sc*cc*ca, sd**2*ca, sa*sd*ca, cd*sd*ca, cd*sa*ca, sc*sa*ca, sc*cd*ca, cc**2*cb, sd*cc*cb, sa*cc*cb, cd*cc*cb, sc*cc*cb, sd**2*cb, sa*sd*cb, cd*sd*cb, cd*sa*cb, sc*sa*cb, sc*cd*cb, cc**3, sd*cc**2, sa*cc**2, cd*cc**2, sc*cc**2, sd**2*cc, sa*sd*cc, cd*sd*cc, cd*sa*cc, sc*sa*cc, sc*cd*cc, sd**3, sa*sd**2, cd*sd**2, cd*sa*sd, sc*cd*sa, sb**4, ca*sb**3, cb*sb**3, cc*sb**3, sd*sb**3, sa*sb**3, cd*sb**3, sc*sb**3, ca**2*sb**2, cb*ca*sb**2, cc*ca*sb**2, sd*ca*sb**2, sa*ca*sb**2, cd*ca*sb**2, sc*ca*sb**2, cc*cb*sb**2;['sc', 'cd', 'sa', 'sd', 'cc', 'cb', 'ca', 'sb']
317;sd;sd_cd_sc_cb_sb_ca_cc_sa;914.9946230190108;6702;1409.80859375;ca**2, cb**2, sc**2, sd*sc, sd**2, cb*ca*sa, sc*ca*sa, cd*ca*sa, sd*ca*sa, sb**2*sa, cb*sb*sa, sc*sb*sa, cd*sb*sa, sd*sb*sa, sc*cb*sa, cd*cb*sa, sd*cb*sa, cd*sc*sa, cd**2*sa, sd*cd*sa, cc**3, ca*cc**2, sb*cc**2, cb*cc**2, sc*cc**2, cd*cc**2, sd*cc**2, sb*ca*cc, cb*ca*cc, sc*ca*cc, cd*ca*cc, sd*ca*cc, sb**2*cc, cb*sb*cc, sc*sb*cc, cd*sb*cc, sd*sb*cc, sc*cb*cc, cd*cb*cc, sd*cb*cc, cd*sc*cc, cd**2*cc, sd*cd*cc, sb**2*ca, cb*sb*ca, sc*sb*ca, cd*sb*ca, sd*sb*ca, sc*cb*ca, cd*cb*ca, sd*cb*ca, cd*sc*ca, cd**2*ca, sd*cd*ca, sb**3, cb*sb**2, sc*sb**2, cd*sb**2, sd*sb**2, sc*cb*sb, cd*cb*sb, sd*cb*sb, cd*sc*sb, cd**2*sb, sd*cd*sb, cd*sc*cb, cd**2*cb, sd*cd*cb, cd**2*sc, cd**3, sd*cd**2, sa**4, cc*sa**3, ca*sa**3, sb*sa**3, cb*sa**3, sc*sa**3, cd*sa**3, sd*sa**3, cc**2*sa**2, ca*cc*sa**2, sb*cc*sa**2, cb*cc*sa**2, sc*cc*sa**2, cd*cc*sa**2, sd*cc*sa**2, sb*ca*sa**2;['sd', 'cd', 'sc', 'cb', 'sb', 'ca', 'cc', 'sa']
318;sa;sa_cb_sc_cd_ca_sb_cc_sd;372.75241378799547;5191;1409.80859375;cd*cc, cd**2, sc**2, cb**2, sa**2, cc**2*sd, sc*cc*sd, cb*sb*sd, sa*sb*sd, ca**2*sd, cd*ca*sd, sc*ca*sd, cb*ca*sd, sa*ca*sd, sc*cd*sd, cb*cd*sd, sa*cd*sd, cb*sc*sd, sa*sc*sd, sa*cb*sd, cc**3, sb*cc**2, ca*cc**2, sc*cc**2, cb*cc**2, sa*cc**2, sb**2*cc, ca*sb*cc, sc*sb*cc, cb*sb*cc, sa*sb*cc, ca**2*cc, sc*ca*cc, cb*ca*cc, sa*ca*cc, cb*sc*cc, sa*sc*cc, sa*cb*cc, sb**3, ca*sb**2, cd*sb**2, sc*sb**2, cb*sb**2, sa*sb**2, ca**2*sb, cd*ca*sb, sc*ca*sb, cb*ca*sb, sa*ca*sb, sc*cd*sb, cb*cd*sb, sa*cd*sb, cb*sc*sb, sa*sc*sb, sa*cb*sb, ca**3, cd*ca**2, sc*ca**2, cb*ca**2, sa*ca**2, sc*cd*ca, cb*cd*ca, sa*cd*ca, cb*sc*ca, sa*sc*ca, sa*cb*ca, cb*sc*cd, sa*sc*cd, sa*cb*cd, sa*cb*sc, sd**4, cc*sd**3, sb*sd**3, ca*sd**3, cd*sd**3, sc*sd**3, cb*sd**3, sa*sd**3, sb*cc*sd**2, ca*cc*sd**2, cb*cc*sd**2, sa*cc*sd**2, sb**2*sd**2, ca*sb*sd**2, cd*sb*sd**2, sc*sb*sd**2;['sa', 'cb', 'sc', 'cd', 'ca', 'sb', 'cc', 'sd']
319;sd;sd_cb_sb_cc_sa_ca_sc_cd;396.97745981800836;5652;1409.80859375;sd*sc, sa**2, cc**2, cb**2, sd**2, sc**2*cd, cc*sc*cd, cb*ca*cd, sd*ca*cd, cc*sa*cd, sb*sa*cd, cb*sa*cd, sd*sa*cd, sb*cc*cd, cb*cc*cd, sd*cc*cd, sb**2*cd, cb*sb*cd, sd*sb*cd, sd*cb*cd, sc**3, ca*sc**2, sa*sc**2, cc*sc**2, sb*sc**2, cb*sc**2, ca**2*sc, sa*ca*sc, cc*ca*sc, sb*ca*sc, cb*ca*sc, cc*sa*sc, sb*sa*sc, cb*sa*sc, sb*cc*sc, cb*cc*sc, sb**2*sc, cb*sb*sc, ca**3, sa*ca**2, cc*ca**2, sb*ca**2, cb*ca**2, sd*ca**2, cc*sa*ca, sb*sa*ca, cb*sa*ca, sd*sa*ca, sb*cc*ca, cb*cc*ca, sd*cc*ca, sb**2*ca, cb*sb*ca, sd*sb*ca, sd*cb*ca, sb*cc*sa, cb*cc*sa, sd*cc*sa, sb**2*sa, cb*sb*sa, sd*sb*sa, sd*cb*sa, sb**2*cc, cb*sb*cc, sd*sb*cc, sd*cb*cc, sb**3, cb*sb**2, sd*sb**2, sd*cb*sb, cd**4, sc*cd**3, ca*cd**3, sa*cd**3, cc*cd**3, sb*cd**3, cb*cd**3, sd*cd**3, ca*sc*cd**2, sa*sc*cd**2, sb*sc*cd**2, cb*sc*cd**2, ca**2*cd**2, sa*ca*cd**2, cc*ca*cd**2, sb*ca*cd**2;['sd', 'cb', 'sb', 'cc', 'sa', 'ca', 'sc', 'cd']
320;sc;sc_sa_cd_sd_sb_cc_ca_cb;822.8427558080293;6351;1409.80859375;sb**2, sc*sd, cd**2, sa**2, sc**2, sb*cc*cb, sd*cc*cb, cd*cc*cb, sa*cc*cb, sc*cc*cb, sd*sb*cb, cd*sb*cb, sa*sb*cb, sc*sb*cb, sd**2*cb, cd*sd*cb, sa*sd*cb, sa*cd*cb, sc*cd*cb, sc*sa*cb, ca**3, cc*ca**2, sb*ca**2, sd*ca**2, cd*ca**2, sa*ca**2, sc*ca**2, cc**2*ca, sb*cc*ca, sd*cc*ca, cd*cc*ca, sa*cc*ca, sc*cc*ca, sd*sb*ca, cd*sb*ca, sa*sb*ca, sc*sb*ca, sd**2*ca, cd*sd*ca, sa*sd*ca, sa*cd*ca, sc*cd*ca, sc*sa*ca, cc**3, sb*cc**2, sd*cc**2, cd*cc**2, sa*cc**2, sc*cc**2, sd*sb*cc, cd*sb*cc, sa*sb*cc, sc*sb*cc, sd**2*cc, cd*sd*cc, sa*sd*cc, sa*cd*cc, sc*cd*cc, sc*sa*cc, sd**2*sb, cd*sd*sb, sa*sd*sb, sa*cd*sb, sc*cd*sb, sc*sa*sb, sd**3, cd*sd**2, sa*sd**2, sa*cd*sd, sc*sa*cd, cb**4, ca*cb**3, cc*cb**3, sb*cb**3, sd*cb**3, cd*cb**3, sa*cb**3, sc*cb**3, ca**2*cb**2, cc*ca*cb**2, sb*ca*cb**2, sd*ca*cb**2, cd*ca*cb**2, sa*ca*cb**2, sc*ca*cb**2, cc**2*cb**2;['sc', 'sa', 'cd', 'sd', 'sb', 'cc', 'ca', 'cb']
321;sa;sa_sb_ca_cb_sc_cd_cc_sd;311.0517370060552;4708;1409.81640625;cd*cc, cd**2, sc**2, sb**2, sa**2, cc**2*sd, sc*cc*sd, sc*cd*sd, cb*sc*sd, ca*sc*sd, sb*sc*sd, sa*sc*sd, cb**2*sd, ca*cb*sd, sb*cb*sd, sa*cb*sd, ca**2*sd, sb*ca*sd, sa*ca*sd, sa*sb*sd, cc**3, sc*cc**2, cb*cc**2, ca*cc**2, sb*cc**2, sa*cc**2, cb*sc*cc, ca*sc*cc, sb*sc*cc, sa*sc*cc, cb**2*cc, ca*cb*cc, sb*cb*cc, sa*cb*cc, ca**2*cc, sb*ca*cc, sa*ca*cc, sa*sb*cc, cb*sc*cd, ca*sc*cd, sb*sc*cd, sa*sc*cd, cb**2*cd, ca*cb*cd, sb*cb*cd, sa*cb*cd, ca**2*cd, sb*ca*cd, sa*ca*cd, sa*sb*cd, cb**2*sc, ca*cb*sc, sb*cb*sc, sa*cb*sc, ca**2*sc, sb*ca*sc, sa*ca*sc, sa*sb*sc, cb**3, ca*cb**2, sb*cb**2, sa*cb**2, ca**2*cb, sb*ca*cb, sa*ca*cb, sa*sb*cb, ca**3, sb*ca**2, sa*ca**2, sa*sb*ca, sd**4, cc*sd**3, cd*sd**3, sc*sd**3, cb*sd**3, ca*sd**3, sb*sd**3, sa*sd**3, cb*cc*sd**2, ca*cc*sd**2, sb*cc*sd**2, sa*cc*sd**2, cb*cd*sd**2, ca*cd*sd**2, sb*cd*sd**2, sa*cd*sd**2;['sa', 'sb', 'ca', 'cb', 'sc', 'cd', 'cc', 'sd']
322;sb;sb_sd_cb_ca_sc_cd_sa_cc;1553.1185749369906;6103;1409.81640625;sc**2, sd*sc, ca**2, sd**2, sb**2, cd**2*cc, sc*cd*cc, cb*cd*cc, sd*cd*cc, sb*cd*cc, ca*sc*cc, cb*sc*cc, sb*sc*cc, cb*ca*cc, sd*ca*cc, sb*ca*cc, cb**2*cc, sd*cb*cc, sb*cb*cc, sb*sd*cc, sa**3, cd*sa**2, sc*sa**2, ca*sa**2, cb*sa**2, sd*sa**2, sb*sa**2, cd**2*sa, sc*cd*sa, ca*cd*sa, cb*cd*sa, sd*cd*sa, sb*cd*sa, ca*sc*sa, cb*sc*sa, sb*sc*sa, cb*ca*sa, sd*ca*sa, sb*ca*sa, cb**2*sa, sd*cb*sa, sb*cb*sa, sb*sd*sa, cd**3, sc*cd**2, ca*cd**2, cb*cd**2, sd*cd**2, sb*cd**2, ca*sc*cd, cb*sc*cd, sb*sc*cd, cb*ca*cd, sd*ca*cd, sb*ca*cd, cb**2*cd, sd*cb*cd, sb*cb*cd, sb*sd*cd, cb*ca*sc, sb*ca*sc, cb**2*sc, sb*cb*sc, cb**2*ca, sd*cb*ca, sb*cb*ca, sb*sd*ca, cb**3, sd*cb**2, sb*cb**2, sb*sd*cb, cc**4, sa*cc**3, cd*cc**3, sc*cc**3, ca*cc**3, cb*cc**3, sd*cc**3, sb*cc**3, sa**2*cc**2, cd*sa*cc**2, sc*sa*cc**2, ca*sa*cc**2, cb*sa*cc**2, sd*sa*cc**2, sb*sa*cc**2, ca*cd*cc**2;['sb', 'sd', 'cb', 'ca', 'sc', 'cd', 'sa', 'cc']
323;sa;sa_cb_cc_cd_sc_sd_ca_sb;995.9625894170022;6182;1408.88671875;cd**2, cc*cd, cc**2, cb**2, sa**2, sc*sd*sb, cd*sd*sb, cc*sd*sb, cb*sd*sb, sa*sd*sb, sc**2*sb, cd*sc*sb, cc*sc*sb, cb*sc*sb, sa*sc*sb, cb*cd*sb, sa*cd*sb, cb*cc*sb, sa*cc*sb, sa*cb*sb, ca**3, sd*ca**2, sc*ca**2, cd*ca**2, cc*ca**2, cb*ca**2, sa*ca**2, sd**2*ca, sc*sd*ca, cd*sd*ca, cc*sd*ca, cb*sd*ca, sa*sd*ca, sc**2*ca, cd*sc*ca, cc*sc*ca, cb*sc*ca, sa*sc*ca, cb*cd*ca, sa*cd*ca, cb*cc*ca, sa*cc*ca, sa*cb*ca, sd**3, sc*sd**2, cd*sd**2, cc*sd**2, cb*sd**2, sa*sd**2, sc**2*sd, cd*sc*sd, cc*sc*sd, cb*sc*sd, sa*sc*sd, cb*cd*sd, sa*cd*sd, cb*cc*sd, sa*cc*sd, sa*cb*sd, sc**3, cd*sc**2, cc*sc**2, cb*sc**2, sa*sc**2, cb*cd*sc, sa*cd*sc, cb*cc*sc, sa*cc*sc, sa*cb*sc, sa*cb*cd, sa*cb*cc, sb**4, ca*sb**3, sd*sb**3, sc*sb**3, cd*sb**3, cc*sb**3, cb*sb**3, sa*sb**3, ca**2*sb**2, sd*ca*sb**2, sc*ca*sb**2, cd*ca*sb**2, cc*ca*sb**2, cb*ca*sb**2, sa*ca*sb**2, sd**2*sb**2;['sa', 'cb', 'cc', 'cd', 'sc', 'sd', 'ca', 'sb']
324;cb;cb_sc_cc_sa_cd_sd_sb_ca;562.5315042500151;5374;1408.88671875;cd**2, cc*cd, sa**2, sc**2, cb**2, cd*sd*ca, sa*sd*ca, cc*sd*ca, sc*sd*ca, cb*sd*ca, sa*cd*ca, sc*cd*ca, cb*cd*ca, cc*sa*ca, sc*sa*ca, cb*sa*ca, cc**2*ca, sc*cc*ca, cb*cc*ca, cb*sc*ca, sb**3, sd*sb**2, cd*sb**2, sa*sb**2, cc*sb**2, sc*sb**2, cb*sb**2, sd**2*sb, cd*sd*sb, sa*sd*sb, cc*sd*sb, sc*sd*sb, cb*sd*sb, sa*cd*sb, sc*cd*sb, cb*cd*sb, cc*sa*sb, sc*sa*sb, cb*sa*sb, cc**2*sb, sc*cc*sb, cb*cc*sb, cb*sc*sb, sd**3, cd*sd**2, sa*sd**2, cc*sd**2, sc*sd**2, cb*sd**2, sa*cd*sd, sc*cd*sd, cb*cd*sd, cc*sa*sd, sc*sa*sd, cb*sa*sd, cc**2*sd, sc*cc*sd, cb*cc*sd, cb*sc*sd, sc*sa*cd, cb*sa*cd, cb*sc*cd, cc**2*sa, sc*cc*sa, cb*cc*sa, cb*sc*sa, cc**3, sc*cc**2, cb*cc**2, cb*sc*cc, ca**4, sb*ca**3, sd*ca**3, cd*ca**3, sa*ca**3, cc*ca**3, sc*ca**3, cb*ca**3, sb**2*ca**2, sd*sb*ca**2, cd*sb*ca**2, sa*sb*ca**2, cc*sb*ca**2, sc*sb*ca**2, cb*sb*ca**2, sd**2*ca**2;['cb', 'sc', 'cc', 'sa', 'cd', 'sd', 'sb', 'ca']
325;cb;cb_sc_cc_ca_sb_cd_sa_sd;693.3735913699493;5696;1408.45703125;cd**2, cc*cd, ca**2, sc**2, cb**2, ca*cd*sd, sc*cd*sd, cb*cd*sd, sb**2*sd, ca*sb*sd, cc*sb*sd, sc*sb*sd, cb*sb*sd, cc*ca*sd, sc*ca*sd, cb*ca*sd, cc**2*sd, sc*cc*sd, cb*cc*sd, cb*sc*sd, sa**3, cd*sa**2, sb*sa**2, ca*sa**2, cc*sa**2, sc*sa**2, cb*sa**2, sb*cd*sa, ca*cd*sa, sc*cd*sa, cb*cd*sa, sb**2*sa, ca*sb*sa, cc*sb*sa, sc*sb*sa, cb*sb*sa, cc*ca*sa, sc*ca*sa, cb*ca*sa, cc**2*sa, sc*cc*sa, cb*cc*sa, cb*sc*sa, sb**2*cd, ca*sb*cd, sc*sb*cd, cb*sb*cd, sc*ca*cd, cb*ca*cd, cb*sc*cd, sb**3, ca*sb**2, cc*sb**2, sc*sb**2, cb*sb**2, cc*ca*sb, sc*ca*sb, cb*ca*sb, cc**2*sb, sc*cc*sb, cb*cc*sb, cb*sc*sb, cc**2*ca, sc*cc*ca, cb*cc*ca, cb*sc*ca, cc**3, sc*cc**2, cb*cc**2, cb*sc*cc, sd**4, sa*sd**3, cd*sd**3, sb*sd**3, ca*sd**3, cc*sd**3, sc*sd**3, cb*sd**3, sa**2*sd**2, cd*sa*sd**2, sb*sa*sd**2, ca*sa*sd**2, cc*sa*sd**2, sc*sa*sd**2, cb*sa*sd**2, sb*cd*sd**2;['cb', 'sc', 'cc', 'ca', 'sb', 'cd', 'sa', 'sd']
326;ca;ca_sa_cd_sb_cc_cb_sd_sc;345.02424939593766;5275;1407.89453125;cc**2, cd*cc, sb**2, cd**2, ca**2, sd**2*sc, cc*sd*sc, cd*sd*sc, sa*cb*sc, ca*cb*sc, sb*cc*sc, sa*cc*sc, ca*cc*sc, cd*sb*sc, sa*sb*sc, ca*sb*sc, sa*cd*sc, ca*cd*sc, sa**2*sc, ca*sa*sc, sd**3, cb*sd**2, cc*sd**2, sb*sd**2, cd*sd**2, sa*sd**2, ca*sd**2, cb**2*sd, cc*cb*sd, sb*cb*sd, cd*cb*sd, sa*cb*sd, ca*cb*sd, sb*cc*sd, sa*cc*sd, ca*cc*sd, cd*sb*sd, sa*sb*sd, ca*sb*sd, sa*cd*sd, ca*cd*sd, sa**2*sd, ca*sa*sd, cb**3, cc*cb**2, sb*cb**2, cd*cb**2, sa*cb**2, ca*cb**2, sb*cc*cb, sa*cc*cb, ca*cc*cb, cd*sb*cb, sa*sb*cb, ca*sb*cb, sa*cd*cb, ca*cd*cb, sa**2*cb, ca*sa*cb, sa*sb*cc, ca*sb*cc, sa**2*cc, ca*sa*cc, sa*cd*sb, ca*cd*sb, sa**2*sb, ca*sa*sb, sa**2*cd, ca*sa*cd, sa**3, ca*sa**2, sc**4, sd*sc**3, cb*sc**3, cc*sc**3, sb*sc**3, cd*sc**3, sa*sc**3, ca*sc**3, cb*sd*sc**2, sb*sd*sc**2, sa*sd*sc**2, ca*sd*sc**2, cb**2*sc**2, cc*cb*sc**2, sb*cb*sc**2, cd*cb*sc**2;['ca', 'sa', 'cd', 'sb', 'cc', 'cb', 'sd', 'sc']
327;cb;cb_sd_sc_sa_cc_sb_ca_cd;2922.3509837849997;7491;1412.2109375;sa**2, sc**2, sd*sc, sd**2, cb**2, cc*sb*cd, sa*sb*cd, sc*sb*cd, sd*sb*cd, cb*sb*cd, cc**2*cd, sa*cc*cd, sc*cc*cd, sd*cc*cd, cb*cc*cd, sc*sa*cd, sd*sa*cd, cb*sa*cd, cb*sc*cd, cb*sd*cd, ca**3, sb*ca**2, cc*ca**2, sa*ca**2, sc*ca**2, sd*ca**2, cb*ca**2, sb**2*ca, cc*sb*ca, sa*sb*ca, sc*sb*ca, sd*sb*ca, cb*sb*ca, cc**2*ca, sa*cc*ca, sc*cc*ca, sd*cc*ca, cb*cc*ca, sc*sa*ca, sd*sa*ca, cb*sa*ca, cb*sc*ca, cb*sd*ca, sb**3, cc*sb**2, sa*sb**2, sc*sb**2, sd*sb**2, cb*sb**2, cc**2*sb, sa*cc*sb, sc*cc*sb, sd*cc*sb, cb*cc*sb, sc*sa*sb, sd*sa*sb, cb*sa*sb, cb*sc*sb, cb*sd*sb, cc**3, sa*cc**2, sc*cc**2, sd*cc**2, cb*cc**2, sc*sa*cc, sd*sa*cc, cb*sa*cc, cb*sc*cc, cb*sd*cc, cb*sc*sa, cb*sd*sa, cd**4, ca*cd**3, sb*cd**3, cc*cd**3, sa*cd**3, sc*cd**3, sd*cd**3, cb*cd**3, ca**2*cd**2, sb*ca*cd**2, cc*ca*cd**2, sa*ca*cd**2, sc*ca*cd**2, sd*ca*cd**2, cb*ca*cd**2, sb**2*cd**2;['cb', 'sd', 'sc', 'sa', 'cc', 'sb', 'ca', 'cd']
328;cd;cd_sc_sa_ca_sb_cc_sd_cb;1115.8125112599228;6072;1412.2109375;cd*cc, sb**2, sa**2, sc**2, cd**2, sb*cc*cb, ca*cc*cb, sa*cc*cb, sc*cc*cb, ca*sb*cb, sa*sb*cb, sc*sb*cb, cd*sb*cb, ca**2*cb, sa*ca*cb, sc*ca*cb, cd*ca*cb, sc*sa*cb, cd*sa*cb, cd*sc*cb, sd**3, cc*sd**2, sb*sd**2, ca*sd**2, sa*sd**2, sc*sd**2, cd*sd**2, cc**2*sd, sb*cc*sd, ca*cc*sd, sa*cc*sd, sc*cc*sd, ca*sb*sd, sa*sb*sd, sc*sb*sd, cd*sb*sd, ca**2*sd, sa*ca*sd, sc*ca*sd, cd*ca*sd, sc*sa*sd, cd*sa*sd, cd*sc*sd, cc**3, sb*cc**2, ca*cc**2, sa*cc**2, sc*cc**2, ca*sb*cc, sa*sb*cc, sc*sb*cc, ca**2*cc, sa*ca*cc, sc*ca*cc, sc*sa*cc, ca**2*sb, sa*ca*sb, sc*ca*sb, cd*ca*sb, sc*sa*sb, cd*sa*sb, cd*sc*sb, ca**3, sa*ca**2, sc*ca**2, cd*ca**2, sc*sa*ca, cd*sa*ca, cd*sc*ca, cd*sc*sa, cb**4, sd*cb**3, cc*cb**3, sb*cb**3, ca*cb**3, sa*cb**3, sc*cb**3, cd*cb**3, sd**2*cb**2, cc*sd*cb**2, sb*sd*cb**2, ca*sd*cb**2, sa*sd*cb**2, sc*sd*cb**2, cd*sd*cb**2, cc**2*cb**2;['cd', 'sc', 'sa', 'ca', 'sb', 'cc', 'sd', 'cb']
329;cc;cc_sb_cb_ca_cd_sa_sd_sc;412.3184781029122;5624;1411.25390625;cd**2, cc*cd, ca**2, sb**2, cc**2, sd**2*sc, cd*sd*sc, cc*sd*sc, sb*sa*sc, cc*sa*sc, ca*cd*sc, cb*cd*sc, sb*cd*sc, cb*ca*sc, sb*ca*sc, cc*ca*sc, cb**2*sc, sb*cb*sc, cc*cb*sc, cc*sb*sc, sd**3, sa*sd**2, cd*sd**2, ca*sd**2, cb*sd**2, sb*sd**2, cc*sd**2, sa**2*sd, cd*sa*sd, ca*sa*sd, cb*sa*sd, sb*sa*sd, cc*sa*sd, ca*cd*sd, cb*cd*sd, sb*cd*sd, cb*ca*sd, sb*ca*sd, cc*ca*sd, cb**2*sd, sb*cb*sd, cc*cb*sd, cc*sb*sd, sa**3, cd*sa**2, ca*sa**2, cb*sa**2, sb*sa**2, cc*sa**2, ca*cd*sa, cb*cd*sa, sb*cd*sa, cb*ca*sa, sb*ca*sa, cc*ca*sa, cb**2*sa, sb*cb*sa, cc*cb*sa, cc*sb*sa, cb*ca*cd, sb*ca*cd, cb**2*cd, sb*cb*cd, cb**2*ca, sb*cb*ca, cc*cb*ca, cc*sb*ca, cb**3, sb*cb**2, cc*cb**2, cc*sb*cb, sc**4, sd*sc**3, sa*sc**3, cd*sc**3, ca*sc**3, cb*sc**3, sb*sc**3, cc*sc**3, sa*sd*sc**2, ca*sd*sc**2, cb*sd*sc**2, sb*sd*sc**2, sa**2*sc**2, cd*sa*sc**2, ca*sa*sc**2, cb*sa*sc**2;['cc', 'sb', 'cb', 'ca', 'cd', 'sa', 'sd', 'sc']
330;ca;ca_sd_sa_sb_cc_cb_cd_sc;552.4716277810512;5150;1409.28515625;cc*cd, cc**2, sb**2, sd**2, ca**2, cd**2*sc, sd*cd*sc, sd*cb*sc, ca*cb*sc, sb*cc*sc, sa*cc*sc, sd*cc*sc, ca*cc*sc, sa*sb*sc, sd*sb*sc, ca*sb*sc, sa**2*sc, sd*sa*sc, ca*sa*sc, ca*sd*sc, cd**3, cb*cd**2, sb*cd**2, sa*cd**2, sd*cd**2, ca*cd**2, cb**2*cd, sb*cb*cd, sa*cb*cd, sd*cb*cd, ca*cb*cd, sa*sb*cd, sd*sb*cd, ca*sb*cd, sa**2*cd, sd*sa*cd, ca*sa*cd, ca*sd*cd, cb**3, cc*cb**2, sb*cb**2, sa*cb**2, sd*cb**2, ca*cb**2, sb*cc*cb, sa*cc*cb, sd*cc*cb, ca*cc*cb, sa*sb*cb, sd*sb*cb, ca*sb*cb, sa**2*cb, sd*sa*cb, ca*sa*cb, ca*sd*cb, sa*sb*cc, sd*sb*cc, ca*sb*cc, sa**2*cc, sd*sa*cc, ca*sa*cc, ca*sd*cc, sa**2*sb, sd*sa*sb, ca*sa*sb, ca*sd*sb, sa**3, sd*sa**2, ca*sa**2, ca*sd*sa, sc**4, cd*sc**3, cb*sc**3, cc*sc**3, sb*sc**3, sa*sc**3, sd*sc**3, ca*sc**3, cb*cd*sc**2, sb*cd*sc**2, sa*cd*sc**2, ca*cd*sc**2, cb**2*sc**2, cc*cb*sc**2, sb*cb*sc**2, sa*cb*sc**2;['ca', 'sd', 'sa', 'sb', 'cc', 'cb', 'cd', 'sc']
331;cd;cd_cb_sb_ca_sc_sd_sa_cc;439.66052781802136;5992;1409.28515625;sc*sd, sc**2, ca**2, cb**2, cd**2, sd**2*cc, sb*sd*cc, cb*sd*cc, cd*sd*cc, ca*sc*cc, sb*sc*cc, cb*sc*cc, cd*sc*cc, sb*ca*cc, cb*ca*cc, cd*ca*cc, sb**2*cc, cb*sb*cc, cd*sb*cc, cd*cb*cc, sa**3, sd*sa**2, sc*sa**2, ca*sa**2, sb*sa**2, cb*sa**2, cd*sa**2, sd**2*sa, ca*sd*sa, sb*sd*sa, cb*sd*sa, cd*sd*sa, ca*sc*sa, sb*sc*sa, cb*sc*sa, cd*sc*sa, sb*ca*sa, cb*ca*sa, cd*ca*sa, sb**2*sa, cb*sb*sa, cd*sb*sa, cd*cb*sa, sd**3, ca*sd**2, sb*sd**2, cb*sd**2, cd*sd**2, sb*ca*sd, cb*ca*sd, cd*ca*sd, sb**2*sd, cb*sb*sd, cd*sb*sd, cd*cb*sd, sb*ca*sc, cb*ca*sc, cd*ca*sc, sb**2*sc, cb*sb*sc, cd*sb*sc, cd*cb*sc, sb**2*ca, cb*sb*ca, cd*sb*ca, cd*cb*ca, sb**3, cb*sb**2, cd*sb**2, cd*cb*sb, cc**4, sa*cc**3, sd*cc**3, sc*cc**3, ca*cc**3, sb*cc**3, cb*cc**3, cd*cc**3, sa**2*cc**2, sd*sa*cc**2, sc*sa*cc**2, ca*sa*cc**2, sb*sa*cc**2, cb*sa*cc**2, cd*sa*cc**2, ca*sd*cc**2;['cd', 'cb', 'sb', 'ca', 'sc', 'sd', 'sa', 'cc']
332;sb;sb_sd_ca_cd_cc_sc_sa_cb;1021.2268041688949;6986;1409.28515625;cc**2, cd*cc, ca**2, sd**2, sb**2, cc*sc*cb, cd*sc*cb, ca*sc*cb, sd*sc*cb, sb*sc*cb, ca*cc*cb, sd*cc*cb, sb*cc*cb, cd**2*cb, ca*cd*cb, sd*cd*cb, sb*cd*cb, sd*ca*cb, sb*ca*cb, sb*sd*cb, sa**3, sc*sa**2, cc*sa**2, cd*sa**2, ca*sa**2, sd*sa**2, sb*sa**2, sc**2*sa, cc*sc*sa, cd*sc*sa, ca*sc*sa, sd*sc*sa, sb*sc*sa, ca*cc*sa, sd*cc*sa, sb*cc*sa, cd**2*sa, ca*cd*sa, sd*cd*sa, sb*cd*sa, sd*ca*sa, sb*ca*sa, sb*sd*sa, sc**3, cc*sc**2, cd*sc**2, ca*sc**2, sd*sc**2, sb*sc**2, ca*cc*sc, sd*cc*sc, sb*cc*sc, cd**2*sc, ca*cd*sc, sd*cd*sc, sb*cd*sc, sd*ca*sc, sb*ca*sc, sb*sd*sc, sd*ca*cc, sb*ca*cc, sb*sd*cc, cd**3, ca*cd**2, sd*cd**2, sb*cd**2, sd*ca*cd, sb*ca*cd, sb*sd*cd, sb*sd*ca, cb**4, sa*cb**3, sc*cb**3, cc*cb**3, cd*cb**3, ca*cb**3, sd*cb**3, sb*cb**3, sa**2*cb**2, sc*sa*cb**2, cc*sa*cb**2, cd*sa*cb**2, ca*sa*cb**2, sd*sa*cb**2, sb*sa*cb**2, sc**2*cb**2;['sb', 'sd', 'ca', 'cd', 'cc', 'sc', 'sa', 'cb']
333;sb;sb_cd_sc_sd_sa_cb_cc_ca;475.9111590589164;6391;1408.1796875;sa**2, sc*sd, sc**2, cd**2, sb**2, sa*cb*ca, sd*cb*ca, sc*cb*ca, cd*cb*ca, sb*cb*ca, sd*sa*ca, sc*sa*ca, cd*sa*ca, sb*sa*ca, sd**2*ca, cd*sd*ca, sb*sd*ca, cd*sc*ca, sb*sc*ca, sb*cd*ca, cc**3, cb*cc**2, sa*cc**2, sd*cc**2, sc*cc**2, cd*cc**2, sb*cc**2, cb**2*cc, sa*cb*cc, sd*cb*cc, sc*cb*cc, cd*cb*cc, sb*cb*cc, sd*sa*cc, sc*sa*cc, cd*sa*cc, sb*sa*cc, sd**2*cc, cd*sd*cc, sb*sd*cc, cd*sc*cc, sb*sc*cc, sb*cd*cc, cb**3, sa*cb**2, sd*cb**2, sc*cb**2, cd*cb**2, sb*cb**2, sd*sa*cb, sc*sa*cb, cd*sa*cb, sb*sa*cb, sd**2*cb, cd*sd*cb, sb*sd*cb, cd*sc*cb, sb*sc*cb, sb*cd*cb, sd**2*sa, cd*sd*sa, sb*sd*sa, cd*sc*sa, sb*sc*sa, sb*cd*sa, sd**3, cd*sd**2, sb*sd**2, sb*cd*sd, sb*cd*sc, ca**4, cc*ca**3, cb*ca**3, sa*ca**3, sd*ca**3, sc*ca**3, cd*ca**3, sb*ca**3, cc**2*ca**2, cb*cc*ca**2, sa*cc*ca**2, sd*cc*ca**2, sc*cc*ca**2, cd*cc*ca**2, sb*cc*ca**2, cb**2*ca**2;['sb', 'cd', 'sc', 'sd', 'sa', 'cb', 'cc', 'ca']
334;sa;sa_sc_cb_sd_cd_sb_ca_cc;646.7298797940603;6333;1409.00390625;sd**2, sc*sd, cb**2, sc**2, sa**2, cd*sb*cc, sd*sb*cc, cb*sb*cc, sc*sb*cc, sa*sb*cc, cd**2*cc, sd*cd*cc, cb*cd*cc, sc*cd*cc, sa*cd*cc, cb*sd*cc, sa*sd*cc, sc*cb*cc, sa*cb*cc, sa*sc*cc, ca**3, sb*ca**2, cd*ca**2, sd*ca**2, cb*ca**2, sc*ca**2, sa*ca**2, sb**2*ca, cd*sb*ca, sd*sb*ca, cb*sb*ca, sc*sb*ca, sa*sb*ca, cd**2*ca, sd*cd*ca, cb*cd*ca, sc*cd*ca, sa*cd*ca, cb*sd*ca, sa*sd*ca, sc*cb*ca, sa*cb*ca, sa*sc*ca, sb**3, cd*sb**2, sd*sb**2, cb*sb**2, sc*sb**2, sa*sb**2, cd**2*sb, sd*cd*sb, cb*cd*sb, sc*cd*sb, sa*cd*sb, cb*sd*sb, sa*sd*sb, sc*cb*sb, sa*cb*sb, sa*sc*sb, cd**3, sd*cd**2, cb*cd**2, sc*cd**2, sa*cd**2, cb*sd*cd, sa*sd*cd, sc*cb*cd, sa*cb*cd, sa*sc*cd, sa*cb*sd, sa*sc*cb, cc**4, ca*cc**3, sb*cc**3, cd*cc**3, sd*cc**3, cb*cc**3, sc*cc**3, sa*cc**3, ca**2*cc**2, sb*ca*cc**2, cd*ca*cc**2, sd*ca*cc**2, cb*ca*cc**2, sc*ca*cc**2, sa*ca*cc**2, sb**2*cc**2;['sa', 'sc', 'cb', 'sd', 'cd', 'sb', 'ca', 'cc']
335;cb;cb_ca_sb_cd_cc_sd_sa_sc;1253.0104571459815;6301;1409.42578125;cc**2, cd*cc, cd**2, ca**2, cb**2, sd**2*sc, cc*sd*sc, cd*sd*sc, ca*sd*sc, cb*sd*sc, sb*cc*sc, ca*cc*sc, cb*cc*sc, sb*cd*sc, ca*cd*sc, cb*cd*sc, sb**2*sc, ca*sb*sc, cb*sb*sc, cb*ca*sc, sa**3, sd*sa**2, cc*sa**2, cd*sa**2, sb*sa**2, ca*sa**2, cb*sa**2, sd**2*sa, cc*sd*sa, cd*sd*sa, sb*sd*sa, ca*sd*sa, cb*sd*sa, sb*cc*sa, ca*cc*sa, cb*cc*sa, sb*cd*sa, ca*cd*sa, cb*cd*sa, sb**2*sa, ca*sb*sa, cb*sb*sa, cb*ca*sa, sd**3, cc*sd**2, cd*sd**2, sb*sd**2, ca*sd**2, cb*sd**2, sb*cc*sd, ca*cc*sd, cb*cc*sd, sb*cd*sd, ca*cd*sd, cb*cd*sd, sb**2*sd, ca*sb*sd, cb*sb*sd, cb*ca*sd, sb**2*cc, ca*sb*cc, cb*sb*cc, cb*ca*cc, sb**2*cd, ca*sb*cd, cb*sb*cd, cb*ca*cd, sb**3, ca*sb**2, cb*sb**2, cb*ca*sb, sc**4, sa*sc**3, sd*sc**3, cc*sc**3, cd*sc**3, sb*sc**3, ca*sc**3, cb*sc**3, sa**2*sc**2, sd*sa*sc**2, cc*sa*sc**2, cd*sa*sc**2, sb*sa*sc**2, ca*sa*sc**2, cb*sa*sc**2, sb*sd*sc**2;['cb', 'ca', 'sb', 'cd', 'cc', 'sd', 'sa', 'sc']
336;sa;sa_cb_cc_ca_sc_sb_sd_cd;432.28362686303444;4938;1408.234375;sd**2, sc*sd, cc**2, cb**2, sa**2, cc*sd*cd, cb*sb*cd, sa*sb*cd, sc**2*cd, ca*sc*cd, cc*sc*cd, cb*sc*cd, sa*sc*cd, ca**2*cd, cc*ca*cd, cb*ca*cd, sa*ca*cd, cb*cc*cd, sa*cc*cd, sa*cb*cd, sb**2*sd, ca*sb*sd, cc*sb*sd, cb*sb*sd, sa*sb*sd, ca**2*sd, cc*ca*sd, cb*ca*sd, sa*ca*sd, cb*cc*sd, sa*cc*sd, sa*cb*sd, sb**3, sc*sb**2, ca*sb**2, cc*sb**2, cb*sb**2, sa*sb**2, sc**2*sb, ca*sc*sb, cc*sc*sb, cb*sc*sb, sa*sc*sb, ca**2*sb, cc*ca*sb, cb*ca*sb, sa*ca*sb, cb*cc*sb, sa*cc*sb, sa*cb*sb, sc**3, ca*sc**2, cc*sc**2, cb*sc**2, sa*sc**2, ca**2*sc, cc*ca*sc, cb*ca*sc, sa*ca*sc, cb*cc*sc, sa*cc*sc, sa*cb*sc, ca**3, cc*ca**2, cb*ca**2, sa*ca**2, cb*cc*ca, sa*cc*ca, sa*cb*ca, sa*cb*cc, cd**4, sd*cd**3, sb*cd**3, sc*cd**3, ca*cd**3, cc*cd**3, cb*cd**3, sa*cd**3, sb*sd*cd**2, ca*sd*cd**2, cb*sd*cd**2, sa*sd*cd**2, sb**2*cd**2, sc*sb*cd**2, ca*sb*cd**2, cc*sb*cd**2;['sa', 'cb', 'cc', 'ca', 'sc', 'sb', 'sd', 'cd']
337;cc;cc_sb_sa_sc_cb_cd_sd_ca;720.2991395499557;6636;1408.41015625;cd**2, cc*cd, sa**2, sb**2, cc**2, sc*cd*ca, sa*cd*ca, sb*cd*ca, cb**2*ca, sc*cb*ca, sa*cb*ca, sb*cb*ca, cc*cb*ca, sc**2*ca, sa*sc*ca, sb*sc*ca, cc*sc*ca, sb*sa*ca, cc*sa*ca, cc*sb*ca, sd**3, cd*sd**2, cb*sd**2, sc*sd**2, sa*sd**2, sb*sd**2, cc*sd**2, cb*cd*sd, sc*cd*sd, sa*cd*sd, sb*cd*sd, cb**2*sd, sc*cb*sd, sa*cb*sd, sb*cb*sd, cc*cb*sd, sc**2*sd, sa*sc*sd, sb*sc*sd, cc*sc*sd, sb*sa*sd, cc*sa*sd, cc*sb*sd, cb**2*cd, sc*cb*cd, sa*cb*cd, sb*cb*cd, sc**2*cd, sa*sc*cd, sb*sc*cd, sb*sa*cd, cb**3, sc*cb**2, sa*cb**2, sb*cb**2, cc*cb**2, sc**2*cb, sa*sc*cb, sb*sc*cb, cc*sc*cb, sb*sa*cb, cc*sa*cb, cc*sb*cb, sc**3, sa*sc**2, sb*sc**2, cc*sc**2, sb*sa*sc, cc*sa*sc, cc*sb*sc, cc*sb*sa, ca**4, sd*ca**3, cd*ca**3, cb*ca**3, sc*ca**3, sa*ca**3, sb*ca**3, cc*ca**3, sd**2*ca**2, cd*sd*ca**2, cb*sd*ca**2, sc*sd*ca**2, sa*sd*ca**2, sb*sd*ca**2, cc*sd*ca**2, cb*cd*ca**2;['cc', 'sb', 'sa', 'sc', 'cb', 'cd', 'sd', 'ca']
338;sd;sd_cd_sa_cb_sc_cc_ca_sb;3186.520898181945;5693;1408.41015625;sc**2, sd*sc, cb**2, sa**2, sd**2, sc*cc*sb, cb*cc*sb, sa*cc*sb, cd*cc*sb, sd*cc*sb, cb*sc*sb, sa*sc*sb, cd*sc*sb, sa*cb*sb, cd*cb*sb, sd*cb*sb, cd*sa*sb, sd*sa*sb, cd**2*sb, sd*cd*sb, ca**3, cc*ca**2, sc*ca**2, cb*ca**2, sa*ca**2, cd*ca**2, sd*ca**2, cc**2*ca, sc*cc*ca, cb*cc*ca, sa*cc*ca, cd*cc*ca, sd*cc*ca, cb*sc*ca, sa*sc*ca, cd*sc*ca, sa*cb*ca, cd*cb*ca, sd*cb*ca, cd*sa*ca, sd*sa*ca, cd**2*ca, sd*cd*ca, cc**3, sc*cc**2, cb*cc**2, sa*cc**2, cd*cc**2, sd*cc**2, cb*sc*cc, sa*sc*cc, cd*sc*cc, sa*cb*cc, cd*cb*cc, sd*cb*cc, cd*sa*cc, sd*sa*cc, cd**2*cc, sd*cd*cc, sa*cb*sc, cd*cb*sc, cd*sa*sc, cd**2*sc, cd*sa*cb, sd*sa*cb, cd**2*cb, sd*cd*cb, cd**2*sa, sd*cd*sa, cd**3, sd*cd**2, sb**4, ca*sb**3, cc*sb**3, sc*sb**3, cb*sb**3, sa*sb**3, cd*sb**3, sd*sb**3, ca**2*sb**2, cc*ca*sb**2, sc*ca*sb**2, cb*ca*sb**2, sa*ca*sb**2, cd*ca*sb**2, sd*ca*sb**2, cc**2*sb**2;['sd', 'cd', 'sa', 'cb', 'sc', 'cc', 'ca', 'sb']
339;sd;sd_sa_cd_sb_cc_ca_cb_sc;1154.5466000420274;5962;1407.9375;cc**2, cd*cc, sb**2, sa**2, sd**2, cc*ca*sc, sb*ca*sc, cd*ca*sc, sa*ca*sc, sd*ca*sc, sb*cc*sc, sa*cc*sc, sd*cc*sc, cd*sb*sc, sa*sb*sc, sd*sb*sc, cd**2*sc, sa*cd*sc, sd*cd*sc, sd*sa*sc, cb**3, ca*cb**2, cc*cb**2, sb*cb**2, cd*cb**2, sa*cb**2, sd*cb**2, ca**2*cb, cc*ca*cb, sb*ca*cb, cd*ca*cb, sa*ca*cb, sd*ca*cb, sb*cc*cb, sa*cc*cb, sd*cc*cb, cd*sb*cb, sa*sb*cb, sd*sb*cb, cd**2*cb, sa*cd*cb, sd*cd*cb, sd*sa*cb, ca**3, cc*ca**2, sb*ca**2, cd*ca**2, sa*ca**2, sd*ca**2, sb*cc*ca, sa*cc*ca, sd*cc*ca, cd*sb*ca, sa*sb*ca, sd*sb*ca, cd**2*ca, sa*cd*ca, sd*cd*ca, sd*sa*ca, sa*sb*cc, sd*sb*cc, sd*sa*cc, cd**2*sb, sa*cd*sb, sd*cd*sb, sd*sa*sb, cd**3, sa*cd**2, sd*cd**2, sd*sa*cd, sc**4, cb*sc**3, ca*sc**3, cc*sc**3, sb*sc**3, cd*sc**3, sa*sc**3, sd*sc**3, cb**2*sc**2, ca*cb*sc**2, cc*cb*sc**2, sb*cb*sc**2, cd*cb*sc**2, sa*cb*sc**2, sd*cb*sc**2, ca**2*sc**2;['sd', 'sa', 'cd', 'sb', 'cc', 'ca', 'cb', 'sc']
340;cb;cb_ca_sb_cc_sd_sa_sc_cd;775.2542597659631;5467;1407.91015625;sd*sc, sd**2, cc**2, ca**2, cb**2, sc**2*cd, cc*sc*cd, ca*sa*cd, cb*sa*cd, cc*sd*cd, sb*sd*cd, ca*sd*cd, cb*sd*cd, sb*cc*cd, ca*cc*cd, cb*cc*cd, sb**2*cd, ca*sb*cd, cb*sb*cd, cb*ca*cd, sc**3, sa*sc**2, cc*sc**2, sb*sc**2, ca*sc**2, cb*sc**2, sa**2*sc, cc*sa*sc, sb*sa*sc, ca*sa*sc, cb*sa*sc, sb*cc*sc, ca*cc*sc, cb*cc*sc, sb**2*sc, ca*sb*sc, cb*sb*sc, cb*ca*sc, sa**3, sd*sa**2, cc*sa**2, sb*sa**2, ca*sa**2, cb*sa**2, cc*sd*sa, sb*sd*sa, ca*sd*sa, cb*sd*sa, sb*cc*sa, ca*cc*sa, cb*cc*sa, sb**2*sa, ca*sb*sa, cb*sb*sa, cb*ca*sa, sb*cc*sd, ca*cc*sd, cb*cc*sd, sb**2*sd, ca*sb*sd, cb*sb*sd, cb*ca*sd, sb**2*cc, ca*sb*cc, cb*sb*cc, cb*ca*cc, sb**3, ca*sb**2, cb*sb**2, cb*ca*sb, cd**4, sc*cd**3, sa*cd**3, sd*cd**3, cc*cd**3, sb*cd**3, ca*cd**3, cb*cd**3, sa*sc*cd**2, sb*sc*cd**2, ca*sc*cd**2, cb*sc*cd**2, sa**2*cd**2, sd*sa*cd**2, cc*sa*cd**2, sb*sa*cd**2;['cb', 'ca', 'sb', 'cc', 'sd', 'sa', 'sc', 'cd']
341;sb;sb_sa_cb_cc_cd_ca_sc_sd;601.3333135430003;5664;1408.05078125;cd**2, cc*cd, cc**2, sa**2, sb**2, sc**2*sd, cd*sc*sd, cc*sc*sd, sa*ca*sd, sb*ca*sd, cb*cd*sd, sa*cd*sd, sb*cd*sd, cb*cc*sd, sa*cc*sd, sb*cc*sd, cb**2*sd, sa*cb*sd, sb*cb*sd, sb*sa*sd, sc**3, ca*sc**2, cd*sc**2, cc*sc**2, cb*sc**2, sa*sc**2, sb*sc**2, ca**2*sc, cd*ca*sc, cc*ca*sc, cb*ca*sc, sa*ca*sc, sb*ca*sc, cb*cd*sc, sa*cd*sc, sb*cd*sc, cb*cc*sc, sa*cc*sc, sb*cc*sc, cb**2*sc, sa*cb*sc, sb*cb*sc, sb*sa*sc, ca**3, cd*ca**2, cc*ca**2, cb*ca**2, sa*ca**2, sb*ca**2, cb*cd*ca, sa*cd*ca, sb*cd*ca, cb*cc*ca, sa*cc*ca, sb*cc*ca, cb**2*ca, sa*cb*ca, sb*cb*ca, sb*sa*ca, cb**2*cd, sa*cb*cd, sb*cb*cd, sb*sa*cd, cb**2*cc, sa*cb*cc, sb*cb*cc, sb*sa*cc, cb**3, sa*cb**2, sb*cb**2, sb*sa*cb, sd**4, sc*sd**3, ca*sd**3, cd*sd**3, cc*sd**3, cb*sd**3, sa*sd**3, sb*sd**3, ca*sc*sd**2, cb*sc*sd**2, sa*sc*sd**2, sb*sc*sd**2, ca**2*sd**2, cd*ca*sd**2, cc*ca*sd**2, cb*ca*sd**2;['sb', 'sa', 'cb', 'cc', 'cd', 'ca', 'sc', 'sd']
342;cc;cc_ca_sa_cd_sd_sb_sc_cb;867.3239518239861;6136;1408.62890625;sb**2, cd**2, cc*cd, ca**2, cc**2, cd*sb*cb, sa*sb*cb, ca*sb*cb, cc*sb*cb, sd**2*cb, cd*sd*cb, sa*sd*cb, ca*sd*cb, cc*sd*cb, sa*cd*cb, ca*cd*cb, sa**2*cb, ca*sa*cb, cc*sa*cb, cc*ca*cb, sc**3, sb*sc**2, sd*sc**2, cd*sc**2, sa*sc**2, ca*sc**2, cc*sc**2, sd*sb*sc, cd*sb*sc, sa*sb*sc, ca*sb*sc, cc*sb*sc, sd**2*sc, cd*sd*sc, sa*sd*sc, ca*sd*sc, cc*sd*sc, sa*cd*sc, ca*cd*sc, sa**2*sc, ca*sa*sc, cc*sa*sc, cc*ca*sc, sd**2*sb, cd*sd*sb, sa*sd*sb, ca*sd*sb, cc*sd*sb, sa*cd*sb, ca*cd*sb, sa**2*sb, ca*sa*sb, cc*sa*sb, cc*ca*sb, sd**3, cd*sd**2, sa*sd**2, ca*sd**2, cc*sd**2, sa*cd*sd, ca*cd*sd, sa**2*sd, ca*sa*sd, cc*sa*sd, cc*ca*sd, sa**2*cd, ca*sa*cd, sa**3, ca*sa**2, cc*sa**2, cc*ca*sa, cb**4, sc*cb**3, sb*cb**3, sd*cb**3, cd*cb**3, sa*cb**3, ca*cb**3, cc*cb**3, sc**2*cb**2, sb*sc*cb**2, sd*sc*cb**2, cd*sc*cb**2, sa*sc*cb**2, ca*sc*cb**2, cc*sc*cb**2, sd*sb*cb**2;['cc', 'ca', 'sa', 'cd', 'sd', 'sb', 'sc', 'cb']
343;sd;sd_sb_cc_cb_sa_sc_cd_ca;1007.5930580639979;6146;1407.97265625;sd*sc, sa**2, cc**2, sb**2, sd**2, sa*sc*ca, cb*sc*ca, cc*sc*ca, sb*sc*ca, cb*sa*ca, cc*sa*ca, sb*sa*ca, sd*sa*ca, cb**2*ca, cc*cb*ca, sb*cb*ca, sd*cb*ca, sb*cc*ca, sd*cc*ca, sd*sb*ca, cd**3, sc*cd**2, sa*cd**2, cb*cd**2, cc*cd**2, sb*cd**2, sd*cd**2, sc**2*cd, sa*sc*cd, cb*sc*cd, cc*sc*cd, sb*sc*cd, cb*sa*cd, cc*sa*cd, sb*sa*cd, sd*sa*cd, cb**2*cd, cc*cb*cd, sb*cb*cd, sd*cb*cd, sb*cc*cd, sd*cc*cd, sd*sb*cd, sc**3, sa*sc**2, cb*sc**2, cc*sc**2, sb*sc**2, cb*sa*sc, cc*sa*sc, sb*sa*sc, cb**2*sc, cc*cb*sc, sb*cb*sc, sb*cc*sc, cb**2*sa, cc*cb*sa, sb*cb*sa, sd*cb*sa, sb*cc*sa, sd*cc*sa, sd*sb*sa, cb**3, cc*cb**2, sb*cb**2, sd*cb**2, sb*cc*cb, sd*cc*cb, sd*sb*cb, sd*sb*cc, ca**4, cd*ca**3, sc*ca**3, sa*ca**3, cb*ca**3, cc*ca**3, sb*ca**3, sd*ca**3, cd**2*ca**2, sc*cd*ca**2, sa*cd*ca**2, cb*cd*ca**2, cc*cd*ca**2, sb*cd*ca**2, sd*cd*ca**2, sc**2*ca**2;['sd', 'sb', 'cc', 'cb', 'sa', 'sc', 'cd', 'ca']
344;cc;cc_sa_cd_sd_cb_sb_ca_sc;610.5554697930347;7112;1412.34765625;cb**2, cd**2, cc*cd, sa**2, cc**2, cb*sb*sc, sd*sb*sc, cd*sb*sc, sa*sb*sc, cc*sb*sc, sd*cb*sc, cd*cb*sc, sa*cb*sc, cc*cb*sc, sd**2*sc, cd*sd*sc, sa*sd*sc, cc*sd*sc, sa*cd*sc, cc*sa*sc, ca**3, sb*ca**2, cb*ca**2, sd*ca**2, cd*ca**2, sa*ca**2, cc*ca**2, sb**2*ca, cb*sb*ca, sd*sb*ca, cd*sb*ca, sa*sb*ca, cc*sb*ca, sd*cb*ca, cd*cb*ca, sa*cb*ca, cc*cb*ca, sd**2*ca, cd*sd*ca, sa*sd*ca, cc*sd*ca, sa*cd*ca, cc*sa*ca, sb**3, cb*sb**2, sd*sb**2, cd*sb**2, sa*sb**2, cc*sb**2, sd*cb*sb, cd*cb*sb, sa*cb*sb, cc*cb*sb, sd**2*sb, cd*sd*sb, sa*sd*sb, cc*sd*sb, sa*cd*sb, cc*sa*sb, sd**2*cb, cd*sd*cb, sa*sd*cb, cc*sd*cb, sa*cd*cb, cc*sa*cb, sd**3, cd*sd**2, sa*sd**2, cc*sd**2, sa*cd*sd, cc*sa*sd, sc**4, ca*sc**3, sb*sc**3, cb*sc**3, sd*sc**3, cd*sc**3, sa*sc**3, cc*sc**3, ca**2*sc**2, sb*ca*sc**2, cb*ca*sc**2, sd*ca*sc**2, cd*ca*sc**2, sa*ca*sc**2, cc*ca*sc**2, sb**2*sc**2;['cc', 'sa', 'cd', 'sd', 'cb', 'sb', 'ca', 'sc']
345;ca;ca_sa_cb_sd_cd_cc_sb_sc;1133.3559655999998;5374;1412.94921875;cc**2, cd*cc, sd**2, cb**2, ca**2, sd*cc*sc, sa*cc*sc, ca*cc*sc, cd**2*sc, sd*cd*sc, cb*cd*sc, sa*cd*sc, ca*cd*sc, cb*sd*sc, sa*sd*sc, ca*sd*sc, sa*cb*sc, ca*cb*sc, sa**2*sc, ca*sa*sc, sb**3, cc*sb**2, cd*sb**2, sd*sb**2, cb*sb**2, sa*sb**2, ca*sb**2, sd*cc*sb, cb*cc*sb, sa*cc*sb, ca*cc*sb, cd**2*sb, sd*cd*sb, cb*cd*sb, sa*cd*sb, ca*cd*sb, cb*sd*sb, sa*sd*sb, ca*sd*sb, sa*cb*sb, ca*cb*sb, sa**2*sb, ca*sa*sb, cb*sd*cc, sa*sd*cc, ca*sd*cc, sa*cb*cc, ca*cb*cc, sa**2*cc, ca*sa*cc, cd**3, sd*cd**2, cb*cd**2, sa*cd**2, ca*cd**2, cb*sd*cd, sa*sd*cd, ca*sd*cd, sa*cb*cd, ca*cb*cd, sa**2*cd, ca*sa*cd, sa*cb*sd, ca*cb*sd, sa**2*sd, ca*sa*sd, sa**2*cb, ca*sa*cb, sa**3, ca*sa**2, sc**4, sb*sc**3, cc*sc**3, cd*sc**3, sd*sc**3, cb*sc**3, sa*sc**3, ca*sc**3, sb**2*sc**2, cc*sb*sc**2, cd*sb*sc**2, sd*sb*sc**2, cb*sb*sc**2, sa*sb*sc**2, ca*sb*sc**2, cb*cc*sc**2;['ca', 'sa', 'cb', 'sd', 'cd', 'cc', 'sb', 'sc']
346;sc;sc_cd_sa_sd_ca_cb_cc_sb;1426.740974867018;6090;1409.12109375;cb**2, sc*sd, sa**2, cd**2, sc**2, sd*cb*sb, sa*cb*sb, cd*cb*sb, sc*cb*sb, ca**2*sb, sd*ca*sb, sa*ca*sb, cd*ca*sb, sc*ca*sb, sd**2*sb, sa*sd*sb, cd*sd*sb, cd*sa*sb, sc*sa*sb, sc*cd*sb, cc**3, cb*cc**2, ca*cc**2, sd*cc**2, sa*cc**2, cd*cc**2, sc*cc**2, ca*cb*cc, sd*cb*cc, sa*cb*cc, cd*cb*cc, sc*cb*cc, ca**2*cc, sd*ca*cc, sa*ca*cc, cd*ca*cc, sc*ca*cc, sd**2*cc, sa*sd*cc, cd*sd*cc, cd*sa*cc, sc*sa*cc, sc*cd*cc, ca**2*cb, sd*ca*cb, sa*ca*cb, cd*ca*cb, sc*ca*cb, sd**2*cb, sa*sd*cb, cd*sd*cb, cd*sa*cb, sc*sa*cb, sc*cd*cb, ca**3, sd*ca**2, sa*ca**2, cd*ca**2, sc*ca**2, sd**2*ca, sa*sd*ca, cd*sd*ca, cd*sa*ca, sc*sa*ca, sc*cd*ca, sd**3, sa*sd**2, cd*sd**2, cd*sa*sd, sc*cd*sa, sb**4, cc*sb**3, cb*sb**3, ca*sb**3, sd*sb**3, sa*sb**3, cd*sb**3, sc*sb**3, cc**2*sb**2, cb*cc*sb**2, ca*cc*sb**2, sd*cc*sb**2, sa*cc*sb**2, cd*cc*sb**2, sc*cc*sb**2, ca*cb*sb**2;['sc', 'cd', 'sa', 'sd', 'ca', 'cb', 'cc', 'sb']
347;sb;sb_cc_cd_sc_ca_sa_sd_cb;661.4848278200952;6342;1408.6015625;ca**2, cd**2, cc*cd, cc**2, sb**2, ca*sa*cb, sc*sa*cb, cd*sa*cb, cc*sa*cb, sb*sa*cb, sc*ca*cb, cd*ca*cb, cc*ca*cb, sb*ca*cb, sc**2*cb, cd*sc*cb, cc*sc*cb, sb*sc*cb, sb*cd*cb, sb*cc*cb, sd**3, sa*sd**2, ca*sd**2, sc*sd**2, cd*sd**2, cc*sd**2, sb*sd**2, sa**2*sd, ca*sa*sd, sc*sa*sd, cd*sa*sd, cc*sa*sd, sb*sa*sd, sc*ca*sd, cd*ca*sd, cc*ca*sd, sb*ca*sd, sc**2*sd, cd*sc*sd, cc*sc*sd, sb*sc*sd, sb*cd*sd, sb*cc*sd, sa**3, ca*sa**2, sc*sa**2, cd*sa**2, cc*sa**2, sb*sa**2, sc*ca*sa, cd*ca*sa, cc*ca*sa, sb*ca*sa, sc**2*sa, cd*sc*sa, cc*sc*sa, sb*sc*sa, sb*cd*sa, sb*cc*sa, sc**2*ca, cd*sc*ca, cc*sc*ca, sb*sc*ca, sb*cd*ca, sb*cc*ca, sc**3, cd*sc**2, cc*sc**2, sb*sc**2, sb*cd*sc, sb*cc*sc, cb**4, sd*cb**3, sa*cb**3, ca*cb**3, sc*cb**3, cd*cb**3, cc*cb**3, sb*cb**3, sd**2*cb**2, sa*sd*cb**2, ca*sd*cb**2, sc*sd*cb**2, cd*sd*cb**2, cc*sd*cb**2, sb*sd*cb**2, sa**2*cb**2;['sb', 'cc', 'cd', 'sc', 'ca', 'sa', 'sd', 'cb']
348;sc;sc_cc_sb_cb_sd_cd_sa_ca;1109.763025983004;6656;1408.6015625;sa**2, sd**2, sc*sd, sb**2, sc**2, cb*cd*ca, sb*cd*ca, cc*cd*ca, sc*cd*ca, cb*sd*ca, sb*sd*ca, cc*sd*ca, cb**2*ca, sb*cb*ca, cc*cb*ca, sc*cb*ca, cc*sb*ca, sc*sb*ca, cc**2*ca, sc*cc*ca, cd**2*sa, sd*cd*sa, cb*cd*sa, sb*cd*sa, cc*cd*sa, sc*cd*sa, cb*sd*sa, sb*sd*sa, cc*sd*sa, cb**2*sa, sb*cb*sa, cc*cb*sa, sc*cb*sa, cc*sb*sa, sc*sb*sa, cc**2*sa, sc*cc*sa, cd**3, sd*cd**2, cb*cd**2, sb*cd**2, cc*cd**2, sc*cd**2, cb*sd*cd, sb*sd*cd, cc*sd*cd, cb**2*cd, sb*cb*cd, cc*cb*cd, sc*cb*cd, cc*sb*cd, sc*sb*cd, cc**2*cd, sc*cc*cd, cb**2*sd, sb*cb*sd, cc*cb*sd, cc*sb*sd, cc**2*sd, cb**3, sb*cb**2, cc*cb**2, sc*cb**2, cc*sb*cb, sc*sb*cb, cc**2*cb, sc*cc*cb, cc**2*sb, sc*cc*sb, cc**3, sc*cc**2, ca**4, sa*ca**3, cd*ca**3, sd*ca**3, cb*ca**3, sb*ca**3, cc*ca**3, sc*ca**3, cd*sa*ca**2, sd*sa*ca**2, cb*sa*ca**2, sb*sa*ca**2, cc*sa*ca**2, sc*sa*ca**2, cd**2*ca**2, sd*cd*ca**2;['sc', 'cc', 'sb', 'cb', 'sd', 'cd', 'sa', 'ca']
349;sd;sd_cc_sa_ca_sb_cb_cd_sc;1616.847639419022;5464;1409.4609375;cc*cd, sb**2, sa**2, cc**2, sd**2, cd**2*sc, sd*cd*sc, cc*cb*sc, sd*cb*sc, ca*sb*sc, sa*sb*sc, cc*sb*sc, sd*sb*sc, ca**2*sc, sa*ca*sc, cc*ca*sc, sd*ca*sc, cc*sa*sc, sd*sa*sc, sd*cc*sc, cd**3, cb*cd**2, sb*cd**2, ca*cd**2, sa*cd**2, sd*cd**2, cb**2*cd, sb*cb*cd, ca*cb*cd, sa*cb*cd, sd*cb*cd, ca*sb*cd, sa*sb*cd, sd*sb*cd, ca**2*cd, sa*ca*cd, sd*ca*cd, sd*sa*cd, cb**3, sb*cb**2, ca*cb**2, sa*cb**2, cc*cb**2, sd*cb**2, ca*sb*cb, sa*sb*cb, cc*sb*cb, sd*sb*cb, ca**2*cb, sa*ca*cb, cc*ca*cb, sd*ca*cb, cc*sa*cb, sd*sa*cb, sd*cc*cb, ca**2*sb, sa*ca*sb, cc*ca*sb, sd*ca*sb, cc*sa*sb, sd*sa*sb, sd*cc*sb, ca**3, sa*ca**2, cc*ca**2, sd*ca**2, cc*sa*ca, sd*sa*ca, sd*cc*ca, sd*cc*sa, sc**4, cd*sc**3, cb*sc**3, sb*sc**3, ca*sc**3, sa*sc**3, cc*sc**3, sd*sc**3, cb*cd*sc**2, sb*cd*sc**2, ca*cd*sc**2, sa*cd*sc**2, cb**2*sc**2, sb*cb*sc**2, ca*cb*sc**2, sa*cb*sc**2;['sd', 'cc', 'sa', 'ca', 'sb', 'cb', 'cd', 'sc']
350;cd;cd_cb_ca_cc_sd_sc_sb_sa;457.87163384410087;6014;1409.91796875;cc**2, cd*cc, ca**2, cb**2, cd**2, sd*sc*sa, cc*sc*sa, ca*sc*sa, cb*sc*sa, cd*sc*sa, sd**2*sa, cc*sd*sa, ca*sd*sa, cb*sd*sa, cd*sd*sa, ca*cc*sa, cb*cc*sa, cb*ca*sa, cd*ca*sa, cd*cb*sa, sb**3, sc*sb**2, sd*sb**2, cc*sb**2, ca*sb**2, cb*sb**2, cd*sb**2, sc**2*sb, sd*sc*sb, cc*sc*sb, ca*sc*sb, cb*sc*sb, cd*sc*sb, sd**2*sb, cc*sd*sb, ca*sd*sb, cb*sd*sb, cd*sd*sb, ca*cc*sb, cb*cc*sb, cb*ca*sb, cd*ca*sb, cd*cb*sb, sc**3, sd*sc**2, cc*sc**2, ca*sc**2, cb*sc**2, cd*sc**2, sd**2*sc, cc*sd*sc, ca*sd*sc, cb*sd*sc, cd*sd*sc, ca*cc*sc, cb*cc*sc, cb*ca*sc, cd*ca*sc, cd*cb*sc, sd**3, cc*sd**2, ca*sd**2, cb*sd**2, cd*sd**2, ca*cc*sd, cb*cc*sd, cb*ca*sd, cd*ca*sd, cd*cb*sd, cb*ca*cc, cd*cb*ca, sa**4, sb*sa**3, sc*sa**3, sd*sa**3, cc*sa**3, ca*sa**3, cb*sa**3, cd*sa**3, sb**2*sa**2, sc*sb*sa**2, sd*sb*sa**2, cc*sb*sa**2, ca*sb*sa**2, cb*sb*sa**2, cd*sb*sa**2, sc**2*sa**2;['cd', 'cb', 'ca', 'cc', 'sd', 'sc', 'sb', 'sa']
351;sd;sd_cb_sa_cc_sc_sb_cd_ca;499.05464145203587;6417;1409.91796875;sd*sc, cc**2, sa**2, cb**2, sd**2, sc*sb*ca, cc*sb*ca, sa*sb*ca, cb*sb*ca, sd*sb*ca, sc**2*ca, cc*sc*ca, sa*sc*ca, cb*sc*ca, sa*cc*ca, cb*cc*ca, sd*cc*ca, cb*sa*ca, sd*sa*ca, sd*cb*ca, cd**3, sb*cd**2, sc*cd**2, cc*cd**2, sa*cd**2, cb*cd**2, sd*cd**2, sb**2*cd, sc*sb*cd, cc*sb*cd, sa*sb*cd, cb*sb*cd, sd*sb*cd, sc**2*cd, cc*sc*cd, sa*sc*cd, cb*sc*cd, sa*cc*cd, cb*cc*cd, sd*cc*cd, cb*sa*cd, sd*sa*cd, sd*cb*cd, sb**3, sc*sb**2, cc*sb**2, sa*sb**2, cb*sb**2, sd*sb**2, sc**2*sb, cc*sc*sb, sa*sc*sb, cb*sc*sb, sa*cc*sb, cb*cc*sb, sd*cc*sb, cb*sa*sb, sd*sa*sb, sd*cb*sb, sc**3, cc*sc**2, sa*sc**2, cb*sc**2, sa*cc*sc, cb*cc*sc, cb*sa*sc, cb*sa*cc, sd*sa*cc, sd*cb*cc, sd*cb*sa, ca**4, cd*ca**3, sb*ca**3, sc*ca**3, cc*ca**3, sa*ca**3, cb*ca**3, sd*ca**3, cd**2*ca**2, sb*cd*ca**2, sc*cd*ca**2, cc*cd*ca**2, sa*cd*ca**2, cb*cd*ca**2, sd*cd*ca**2, sb**2*ca**2;['sd', 'cb', 'sa', 'cc', 'sc', 'sb', 'cd', 'ca']
352;cc;cc_cd_ca_cb_sa_sc_sd_sb;2947.8406420879764;6179;1409.91796875;cb**2, ca**2, cd**2, cc*cd, cc**2, sa*sc*sb, cb*sc*sb, ca*sc*sb, cd*sc*sb, cc*sc*sb, sa**2*sb, cb*sa*sb, ca*sa*sb, cd*sa*sb, cc*sa*sb, ca*cb*sb, cd*cb*sb, cc*cb*sb, cd*ca*sb, cc*ca*sb, sd**3, sc*sd**2, sa*sd**2, cb*sd**2, ca*sd**2, cd*sd**2, cc*sd**2, sc**2*sd, sa*sc*sd, cb*sc*sd, ca*sc*sd, cd*sc*sd, cc*sc*sd, sa**2*sd, cb*sa*sd, ca*sa*sd, cd*sa*sd, cc*sa*sd, ca*cb*sd, cd*cb*sd, cc*cb*sd, cd*ca*sd, cc*ca*sd, sc**3, sa*sc**2, cb*sc**2, ca*sc**2, cd*sc**2, cc*sc**2, sa**2*sc, cb*sa*sc, ca*sa*sc, cd*sa*sc, cc*sa*sc, ca*cb*sc, cd*cb*sc, cc*cb*sc, cd*ca*sc, cc*ca*sc, sa**3, cb*sa**2, ca*sa**2, cd*sa**2, cc*sa**2, ca*cb*sa, cd*cb*sa, cc*cb*sa, cd*ca*sa, cc*ca*sa, cd*ca*cb, cc*ca*cb, sb**4, sd*sb**3, sc*sb**3, sa*sb**3, cb*sb**3, ca*sb**3, cd*sb**3, cc*sb**3, sd**2*sb**2, sc*sd*sb**2, sa*sd*sb**2, cb*sd*sb**2, ca*sd*sb**2, cd*sd*sb**2, cc*sd*sb**2, sc**2*sb**2;['cc', 'cd', 'ca', 'cb', 'sa', 'sc', 'sd', 'sb']
353;cc;cc_cd_sb_sa_sd_cb_sc_ca;663.6274079410359;6551;1409.91796875;sa**2, sb**2, cd**2, cc*cd, cc**2, sd*cb*ca, sa*cb*ca, sb*cb*ca, cd*cb*ca, cc*cb*ca, sd**2*ca, sa*sd*ca, sb*sd*ca, cd*sd*ca, cc*sd*ca, sb*sa*ca, cd*sa*ca, cc*sa*ca, cd*sb*ca, cc*sb*ca, sc**3, cb*sc**2, sd*sc**2, sa*sc**2, sb*sc**2, cd*sc**2, cc*sc**2, cb**2*sc, sd*cb*sc, sa*cb*sc, sb*cb*sc, cd*cb*sc, cc*cb*sc, sd**2*sc, sa*sd*sc, sb*sd*sc, cd*sd*sc, cc*sd*sc, sb*sa*sc, cd*sa*sc, cc*sa*sc, cd*sb*sc, cc*sb*sc, cb**3, sd*cb**2, sa*cb**2, sb*cb**2, cd*cb**2, cc*cb**2, sd**2*cb, sa*sd*cb, sb*sd*cb, cd*sd*cb, cc*sd*cb, sb*sa*cb, cd*sa*cb, cc*sa*cb, cd*sb*cb, cc*sb*cb, sd**3, sa*sd**2, sb*sd**2, cd*sd**2, cc*sd**2, sb*sa*sd, cd*sa*sd, cc*sa*sd, cd*sb*sd, cc*sb*sd, cd*sb*sa, cc*sb*sa, ca**4, sc*ca**3, cb*ca**3, sd*ca**3, sa*ca**3, sb*ca**3, cd*ca**3, cc*ca**3, sc**2*ca**2, cb*sc*ca**2, sd*sc*ca**2, sa*sc*ca**2, sb*sc*ca**2, cd*sc*ca**2, cc*sc*ca**2, cb**2*ca**2;['cc', 'cd', 'sb', 'sa', 'sd', 'cb', 'sc', 'ca']
354;sa;sa_cc_sd_cb_cd_sc_ca_sb;601.5005080309929;5578;1409.91796875;cc*cd, cb**2, sd**2, cc**2, sa**2, cd*sc*sb, cb*sc*sb, sd*sc*sb, cc*sc*sb, sa*sc*sb, cd**2*sb, cb*cd*sb, sd*cd*sb, sa*cd*sb, sd*cb*sb, cc*cb*sb, sa*cb*sb, cc*sd*sb, sa*sd*sb, sa*cc*sb, ca**3, sc*ca**2, cd*ca**2, cb*ca**2, sd*ca**2, cc*ca**2, sa*ca**2, sc**2*ca, cd*sc*ca, cb*sc*ca, sd*sc*ca, cc*sc*ca, sa*sc*ca, cd**2*ca, cb*cd*ca, sd*cd*ca, sa*cd*ca, sd*cb*ca, cc*cb*ca, sa*cb*ca, cc*sd*ca, sa*sd*ca, sa*cc*ca, sc**3, cd*sc**2, cb*sc**2, sd*sc**2, cc*sc**2, sa*sc**2, cd**2*sc, cb*cd*sc, sd*cd*sc, sa*cd*sc, sd*cb*sc, cc*cb*sc, sa*cb*sc, cc*sd*sc, sa*sd*sc, sa*cc*sc, cd**3, cb*cd**2, sd*cd**2, sa*cd**2, sd*cb*cd, sa*cb*cd, sa*sd*cd, cc*sd*cb, sa*sd*cb, sa*cc*cb, sa*cc*sd, sb**4, ca*sb**3, sc*sb**3, cd*sb**3, cb*sb**3, sd*sb**3, cc*sb**3, sa*sb**3, ca**2*sb**2, sc*ca*sb**2, cd*ca*sb**2, cb*ca*sb**2, sd*ca*sb**2, cc*ca*sb**2, sa*ca*sb**2, sc**2*sb**2;['sa', 'cc', 'sd', 'cb', 'cd', 'sc', 'ca', 'sb']
355;sd;sd_cc_sc_cb_sb_sa_ca_cd;918.5079065359896;6896;1413.65234375;sa**2, cb**2, sd*sc, cc**2, sd**2, cb*sa*cd, sc*sa*cd, cc*sa*cd, sd*sa*cd, sb**2*cd, cb*sb*cd, sc*sb*cd, cc*sb*cd, sd*sb*cd, sc*cb*cd, cc*cb*cd, sd*cb*cd, sc**2*cd, cc*sc*cd, sd*cc*cd, ca**3, sa*ca**2, sb*ca**2, cb*ca**2, sc*ca**2, cc*ca**2, sd*ca**2, sb*sa*ca, cb*sa*ca, sc*sa*ca, cc*sa*ca, sd*sa*ca, sb**2*ca, cb*sb*ca, sc*sb*ca, cc*sb*ca, sd*sb*ca, sc*cb*ca, cc*cb*ca, sd*cb*ca, sc**2*ca, cc*sc*ca, sd*cc*ca, sb**2*sa, cb*sb*sa, sc*sb*sa, cc*sb*sa, sd*sb*sa, sc*cb*sa, cc*cb*sa, sd*cb*sa, sc**2*sa, cc*sc*sa, sd*cc*sa, sb**3, cb*sb**2, sc*sb**2, cc*sb**2, sd*sb**2, sc*cb*sb, cc*cb*sb, sd*cb*sb, sc**2*sb, cc*sc*sb, sd*cc*sb, sc**2*cb, cc*sc*cb, sd*cc*cb, sc**3, cc*sc**2, cd**4, ca*cd**3, sa*cd**3, sb*cd**3, cb*cd**3, sc*cd**3, cc*cd**3, sd*cd**3, ca**2*cd**2, sa*ca*cd**2, sb*ca*cd**2, cb*ca*cd**2, sc*ca*cd**2, cc*ca*cd**2, sd*ca*cd**2, sb*sa*cd**2;['sd', 'cc', 'sc', 'cb', 'sb', 'sa', 'ca', 'cd']
356;sa;sa_ca_sd_cb_sc_cc_sb_cd;847.8762453220552;6467;1413.65234375;sc**2, sd*sc, cb**2, sd**2, sa**2, cc**2*cd, sc*cc*cd, sd*cc*cd, ca*cc*cd, sa*cc*cd, cb*sc*cd, ca*sc*cd, sa*sc*cd, sd*cb*cd, ca*cb*cd, sa*cb*cd, ca*sd*cd, sa*sd*cd, ca**2*cd, sa*ca*cd, sb**3, cc*sb**2, sc*sb**2, cb*sb**2, sd*sb**2, ca*sb**2, sa*sb**2, cc**2*sb, sc*cc*sb, cb*cc*sb, sd*cc*sb, ca*cc*sb, sa*cc*sb, cb*sc*sb, ca*sc*sb, sa*sc*sb, sd*cb*sb, ca*cb*sb, sa*cb*sb, ca*sd*sb, sa*sd*sb, ca**2*sb, sa*ca*sb, cc**3, sc*cc**2, cb*cc**2, sd*cc**2, ca*cc**2, sa*cc**2, cb*sc*cc, ca*sc*cc, sa*sc*cc, sd*cb*cc, ca*cb*cc, sa*cb*cc, ca*sd*cc, sa*sd*cc, ca**2*cc, sa*ca*cc, ca*cb*sc, sa*cb*sc, ca**2*sc, sa*ca*sc, ca*sd*cb, sa*sd*cb, ca**2*cb, sa*ca*cb, ca**2*sd, sa*ca*sd, ca**3, sa*ca**2, cd**4, sb*cd**3, cc*cd**3, sc*cd**3, cb*cd**3, sd*cd**3, ca*cd**3, sa*cd**3, sb**2*cd**2, cc*sb*cd**2, sc*sb*cd**2, cb*sb*cd**2, sd*sb*cd**2, ca*sb*cd**2, sa*sb*cd**2, cb*cc*cd**2;['sa', 'ca', 'sd', 'cb', 'sc', 'cc', 'sb', 'cd']
357;cc;cc_sa_sc_cb_sd_ca_cd_sb;576.0459692350123;6368;1413.65234375;sd**2, sc*sd, cb**2, sa**2, cc**2, sd*ca*sb, cb*ca*sb, sc*ca*sb, sa*ca*sb, cc*ca*sb, cb*sd*sb, sa*sd*sb, cc*sd*sb, sc*cb*sb, sa*cb*sb, cc*cb*sb, sc**2*sb, sa*sc*sb, cc*sc*sb, cc*sa*sb, cd**3, ca*cd**2, sd*cd**2, cb*cd**2, sc*cd**2, sa*cd**2, cc*cd**2, ca**2*cd, sd*ca*cd, cb*ca*cd, sc*ca*cd, sa*ca*cd, cc*ca*cd, cb*sd*cd, sa*sd*cd, cc*sd*cd, sc*cb*cd, sa*cb*cd, cc*cb*cd, sc**2*cd, sa*sc*cd, cc*sc*cd, cc*sa*cd, ca**3, sd*ca**2, cb*ca**2, sc*ca**2, sa*ca**2, cc*ca**2, cb*sd*ca, sa*sd*ca, cc*sd*ca, sc*cb*ca, sa*cb*ca, cc*cb*ca, sc**2*ca, sa*sc*ca, cc*sc*ca, cc*sa*ca, sa*cb*sd, cc*cb*sd, cc*sa*sd, sc**2*cb, sa*sc*cb, cc*sc*cb, cc*sa*cb, sc**3, sa*sc**2, cc*sc**2, cc*sa*sc, sb**4, cd*sb**3, ca*sb**3, sd*sb**3, cb*sb**3, sc*sb**3, sa*sb**3, cc*sb**3, cd**2*sb**2, ca*cd*sb**2, sd*cd*sb**2, cb*cd*sb**2, sc*cd*sb**2, sa*cd*sb**2, cc*cd*sb**2, ca**2*sb**2;['cc', 'sa', 'sc', 'cb', 'sd', 'ca', 'cd', 'sb']
358;cc;cc_sb_sd_sa_sc_ca_cd_cb;601.4632520240266;6507;1413.65234375;sd*sc, sa**2, sd**2, sb**2, cc**2, sc*ca*cb, sa*ca*cb, sd*ca*cb, sb*ca*cb, cc*ca*cb, sc**2*cb, sa*sc*cb, sb*sc*cb, cc*sc*cb, sd*sa*cb, sb*sa*cb, cc*sa*cb, sb*sd*cb, cc*sd*cb, cc*sb*cb, cd**3, ca*cd**2, sc*cd**2, sa*cd**2, sd*cd**2, sb*cd**2, cc*cd**2, ca**2*cd, sc*ca*cd, sa*ca*cd, sd*ca*cd, sb*ca*cd, cc*ca*cd, sc**2*cd, sa*sc*cd, sb*sc*cd, cc*sc*cd, sd*sa*cd, sb*sa*cd, cc*sa*cd, sb*sd*cd, cc*sd*cd, cc*sb*cd, ca**3, sc*ca**2, sa*ca**2, sd*ca**2, sb*ca**2, cc*ca**2, sc**2*ca, sa*sc*ca, sb*sc*ca, cc*sc*ca, sd*sa*ca, sb*sa*ca, cc*sa*ca, sb*sd*ca, cc*sd*ca, cc*sb*ca, sc**3, sa*sc**2, sb*sc**2, cc*sc**2, sb*sa*sc, cc*sa*sc, cc*sb*sc, sb*sd*sa, cc*sd*sa, cc*sb*sa, cc*sb*sd, cb**4, cd*cb**3, ca*cb**3, sc*cb**3, sa*cb**3, sd*cb**3, sb*cb**3, cc*cb**3, cd**2*cb**2, ca*cd*cb**2, sc*cd*cb**2, sa*cd*cb**2, sd*cd*cb**2, sb*cd*cb**2, cc*cd*cb**2, ca**2*cb**2;['cc', 'sb', 'sd', 'sa', 'sc', 'ca', 'cd', 'cb']
359;cc;cc_sb_cd_sd_sa_sc_cb_ca;1089.3966679590521;5765;1413.65234375;sa**2, cd**2, cc*cd, sb**2, cc**2, sa*sc*ca, sd*sc*ca, cd*sc*ca, sb*sc*ca, cc*sc*ca, sd*sa*ca, cd*sa*ca, sb*sa*ca, cc*sa*ca, sd**2*ca, cd*sd*ca, sb*sd*ca, cc*sd*ca, sb*cd*ca, cc*sb*ca, cb**3, sc*cb**2, sa*cb**2, sd*cb**2, cd*cb**2, sb*cb**2, cc*cb**2, sc**2*cb, sa*sc*cb, sd*sc*cb, cd*sc*cb, sb*sc*cb, cc*sc*cb, sd*sa*cb, cd*sa*cb, sb*sa*cb, cc*sa*cb, sd**2*cb, cd*sd*cb, sb*sd*cb, cc*sd*cb, sb*cd*cb, cc*sb*cb, sc**3, sa*sc**2, sd*sc**2, cd*sc**2, sb*sc**2, cc*sc**2, sd*sa*sc, cd*sa*sc, sb*sa*sc, cc*sa*sc, sd**2*sc, cd*sd*sc, sb*sd*sc, cc*sd*sc, sb*cd*sc, cc*sb*sc, sd**2*sa, cd*sd*sa, sb*sd*sa, cc*sd*sa, sb*cd*sa, cc*sb*sa, sd**3, cd*sd**2, sb*sd**2, cc*sd**2, sb*cd*sd, cc*sb*sd, ca**4, cb*ca**3, sc*ca**3, sa*ca**3, sd*ca**3, cd*ca**3, sb*ca**3, cc*ca**3, cb**2*ca**2, sc*cb*ca**2, sa*cb*ca**2, sd*cb*ca**2, cd*cb*ca**2, sb*cb*ca**2, cc*cb*ca**2, sc**2*ca**2;['cc', 'sb', 'cd', 'sd', 'sa', 'sc', 'cb', 'ca']
360;cd;cd_cb_ca_cc_sd_sb_sc_sa;667.5887726290384;6592;1412.66796875;cc**2, cd*cc, ca**2, cb**2, cd**2, sd*sb*sa, cc*sb*sa, ca*sb*sa, cb*sb*sa, cd*sb*sa, sd**2*sa, cc*sd*sa, ca*sd*sa, cb*sd*sa, cd*sd*sa, ca*cc*sa, cb*cc*sa, cb*ca*sa, cd*ca*sa, cd*cb*sa, sc**3, sb*sc**2, sd*sc**2, cc*sc**2, ca*sc**2, cb*sc**2, cd*sc**2, sb**2*sc, sd*sb*sc, cc*sb*sc, ca*sb*sc, cb*sb*sc, cd*sb*sc, sd**2*sc, cc*sd*sc, ca*sd*sc, cb*sd*sc, cd*sd*sc, ca*cc*sc, cb*cc*sc, cb*ca*sc, cd*ca*sc, cd*cb*sc, sb**3, sd*sb**2, cc*sb**2, ca*sb**2, cb*sb**2, cd*sb**2, sd**2*sb, cc*sd*sb, ca*sd*sb, cb*sd*sb, cd*sd*sb, ca*cc*sb, cb*cc*sb, cb*ca*sb, cd*ca*sb, cd*cb*sb, sd**3, cc*sd**2, ca*sd**2, cb*sd**2, cd*sd**2, ca*cc*sd, cb*cc*sd, cb*ca*sd, cd*ca*sd, cd*cb*sd, cb*ca*cc, cd*cb*ca, sa**4, sc*sa**3, sb*sa**3, sd*sa**3, cc*sa**3, ca*sa**3, cb*sa**3, cd*sa**3, sc**2*sa**2, sb*sc*sa**2, sd*sc*sa**2, cc*sc*sa**2, ca*sc*sa**2, cb*sc*sa**2, cd*sc*sa**2, sb**2*sa**2;['cd', 'cb', 'ca', 'cc', 'sd', 'sb', 'sc', 'sa']
361;cd;cd_sd_ca_cb_sa_sb_cc_sc;479.06395764206536;5665;1412.66796875;cc**2, cd*cc, cb**2, ca**2, cd**2, sd*cc*sc, sd*sb*sc, cd*sb*sc, sa**2*sc, cb*sa*sc, ca*sa*sc, sd*sa*sc, cd*sa*sc, ca*cb*sc, sd*cb*sc, cd*cb*sc, sd*ca*sc, cd*ca*sc, sd**2*sc, cd*sd*sc, sb**2*cc, sa*sb*cc, cb*sb*cc, ca*sb*cc, sd*sb*cc, sa**2*cc, cb*sa*cc, ca*sa*cc, sd*sa*cc, ca*cb*cc, sd*cb*cc, sd*ca*cc, sd**2*cc, sb**3, sa*sb**2, cb*sb**2, ca*sb**2, sd*sb**2, cd*sb**2, sa**2*sb, cb*sa*sb, ca*sa*sb, sd*sa*sb, cd*sa*sb, ca*cb*sb, sd*cb*sb, cd*cb*sb, sd*ca*sb, cd*ca*sb, sd**2*sb, cd*sd*sb, sa**3, cb*sa**2, ca*sa**2, sd*sa**2, cd*sa**2, ca*cb*sa, sd*cb*sa, cd*cb*sa, sd*ca*sa, cd*ca*sa, sd**2*sa, cd*sd*sa, sd*ca*cb, cd*ca*cb, sd**2*cb, cd*sd*cb, sd**2*ca, cd*sd*ca, sd**3, cd*sd**2, sc**4, cc*sc**3, sb*sc**3, sa*sc**3, cb*sc**3, ca*sc**3, sd*sc**3, cd*sc**3, sb*cc*sc**2, sa*cc*sc**2, cb*cc*sc**2, ca*cc*sc**2, sb**2*sc**2, sa*sb*sc**2, cb*sb*sc**2, ca*sb*sc**2;['cd', 'sd', 'ca', 'cb', 'sa', 'sb', 'cc', 'sc']
362;cb;cb_sc_cc_ca_sd_sa_sb_cd;592.7211016120855;6200;1412.66796875;sd**2, sc*sd, ca**2, sc**2, cb**2, sd*sa*cd, ca*sa*cd, cc*sa*cd, sc*sa*cd, cb*sa*cd, ca*sd*cd, cc*sd*cd, cb*sd*cd, cc*ca*cd, sc*ca*cd, cb*ca*cd, cc**2*cd, sc*cc*cd, cb*cc*cd, cb*sc*cd, sb**3, sa*sb**2, sd*sb**2, ca*sb**2, cc*sb**2, sc*sb**2, cb*sb**2, sa**2*sb, sd*sa*sb, ca*sa*sb, cc*sa*sb, sc*sa*sb, cb*sa*sb, ca*sd*sb, cc*sd*sb, cb*sd*sb, cc*ca*sb, sc*ca*sb, cb*ca*sb, cc**2*sb, sc*cc*sb, cb*cc*sb, cb*sc*sb, sa**3, sd*sa**2, ca*sa**2, cc*sa**2, sc*sa**2, cb*sa**2, ca*sd*sa, cc*sd*sa, cb*sd*sa, cc*ca*sa, sc*ca*sa, cb*ca*sa, cc**2*sa, sc*cc*sa, cb*cc*sa, cb*sc*sa, cc*ca*sd, cb*ca*sd, cc**2*sd, cb*cc*sd, cc**2*ca, sc*cc*ca, cb*cc*ca, cb*sc*ca, cc**3, sc*cc**2, cb*cc**2, cb*sc*cc, cd**4, sb*cd**3, sa*cd**3, sd*cd**3, ca*cd**3, cc*cd**3, sc*cd**3, cb*cd**3, sb**2*cd**2, sa*sb*cd**2, sd*sb*cd**2, ca*sb*cd**2, cc*sb*cd**2, sc*sb*cd**2, cb*sb*cd**2, sa**2*cd**2;['cb', 'sc', 'cc', 'ca', 'sd', 'sa', 'sb', 'cd']
363;cd;cd_ca_sd_sb_cc_cb_sc_sa;500.1523849859368;6052;1412.66796875;cc**2, cd*cc, sb**2, ca**2, cd**2, cc*cb*sa, sb*cb*sa, sd*cb*sa, ca*cb*sa, cd*cb*sa, sb*cc*sa, sd*cc*sa, ca*cc*sa, sd*sb*sa, ca*sb*sa, cd*sb*sa, sd**2*sa, ca*sd*sa, cd*sd*sa, cd*ca*sa, sc**3, cb*sc**2, cc*sc**2, sb*sc**2, sd*sc**2, ca*sc**2, cd*sc**2, cb**2*sc, cc*cb*sc, sb*cb*sc, sd*cb*sc, ca*cb*sc, cd*cb*sc, sb*cc*sc, sd*cc*sc, ca*cc*sc, sd*sb*sc, ca*sb*sc, cd*sb*sc, sd**2*sc, ca*sd*sc, cd*sd*sc, cd*ca*sc, cb**3, cc*cb**2, sb*cb**2, sd*cb**2, ca*cb**2, cd*cb**2, sb*cc*cb, sd*cc*cb, ca*cc*cb, sd*sb*cb, ca*sb*cb, cd*sb*cb, sd**2*cb, ca*sd*cb, cd*sd*cb, cd*ca*cb, sd*sb*cc, ca*sb*cc, sd**2*cc, ca*sd*cc, sd**2*sb, ca*sd*sb, cd*sd*sb, cd*ca*sb, sd**3, ca*sd**2, cd*sd**2, cd*ca*sd, sa**4, sc*sa**3, cb*sa**3, cc*sa**3, sb*sa**3, sd*sa**3, ca*sa**3, cd*sa**3, sc**2*sa**2, cb*sc*sa**2, cc*sc*sa**2, sb*sc*sa**2, sd*sc*sa**2, ca*sc*sa**2, cd*sc*sa**2, cb**2*sa**2;['cd', 'ca', 'sd', 'sb', 'cc', 'cb', 'sc', 'sa']
364;cb;cb_sa_ca_sb_sd_cd_sc_cc;270.97400809498504;4720;1412.66796875;sc**2, sd*sc, sd**2, sa**2, cb**2, cd*sc*cc, cd**2*cc, sd*cd*cc, sb*sd*cc, ca*sd*cc, sa*sd*cc, cb*sd*cc, sb**2*cc, ca*sb*cc, sa*sb*cc, cb*sb*cc, ca**2*cc, sa*ca*cc, cb*ca*cc, cb*sa*cc, cd**2*sc, sb*cd*sc, ca*cd*sc, sa*cd*sc, cb*cd*sc, sb**2*sc, ca*sb*sc, sa*sb*sc, cb*sb*sc, ca**2*sc, sa*ca*sc, cb*ca*sc, cb*sa*sc, cd**3, sd*cd**2, sb*cd**2, ca*cd**2, sa*cd**2, cb*cd**2, sb*sd*cd, ca*sd*cd, sa*sd*cd, cb*sd*cd, sb**2*cd, ca*sb*cd, sa*sb*cd, cb*sb*cd, ca**2*cd, sa*ca*cd, cb*ca*cd, cb*sa*cd, sb**2*sd, ca*sb*sd, sa*sb*sd, cb*sb*sd, ca**2*sd, sa*ca*sd, cb*ca*sd, cb*sa*sd, sb**3, ca*sb**2, sa*sb**2, cb*sb**2, ca**2*sb, sa*ca*sb, cb*ca*sb, cb*sa*sb, ca**3, sa*ca**2, cb*ca**2, cb*sa*ca, cc**4, sc*cc**3, cd*cc**3, sd*cc**3, sb*cc**3, ca*cc**3, sa*cc**3, cb*cc**3, sb*sc*cc**2, ca*sc*cc**2, sa*sc*cc**2, cb*sc*cc**2, sb*cd*cc**2, ca*cd*cc**2, sa*cd*cc**2, cb*cd*cc**2;['cb', 'sa', 'ca', 'sb', 'sd', 'cd', 'sc', 'cc']
365;sc;sc_cc_cb_sd_ca_cd_sa_sb;591.218533740961;6242;1413.0625;ca**2, sd**2, sc*sd, cb**2, sc**2, ca*cd*sb, sd*cd*sb, cb*cd*sb, cc*cd*sb, sc*cd*sb, sd*ca*sb, cb*ca*sb, cc*ca*sb, sc*ca*sb, cb*sd*sb, cc*sd*sb, cc*cb*sb, sc*cb*sb, cc**2*sb, sc*cc*sb, sa**3, cd*sa**2, ca*sa**2, sd*sa**2, cb*sa**2, cc*sa**2, sc*sa**2, cd**2*sa, ca*cd*sa, sd*cd*sa, cb*cd*sa, cc*cd*sa, sc*cd*sa, sd*ca*sa, cb*ca*sa, cc*ca*sa, sc*ca*sa, cb*sd*sa, cc*sd*sa, cc*cb*sa, sc*cb*sa, cc**2*sa, sc*cc*sa, cd**3, ca*cd**2, sd*cd**2, cb*cd**2, cc*cd**2, sc*cd**2, sd*ca*cd, cb*ca*cd, cc*ca*cd, sc*ca*cd, cb*sd*cd, cc*sd*cd, cc*cb*cd, sc*cb*cd, cc**2*cd, sc*cc*cd, cb*sd*ca, cc*sd*ca, cc*cb*ca, sc*cb*ca, cc**2*ca, sc*cc*ca, cc*cb*sd, cc**2*sd, cc**2*cb, sc*cc*cb, cc**3, sc*cc**2, sb**4, sa*sb**3, cd*sb**3, ca*sb**3, sd*sb**3, cb*sb**3, cc*sb**3, sc*sb**3, sa**2*sb**2, cd*sa*sb**2, ca*sa*sb**2, sd*sa*sb**2, cb*sa*sb**2, cc*sa*sb**2, sc*sa*sb**2, cd**2*sb**2;['sc', 'cc', 'cb', 'sd', 'ca', 'cd', 'sa', 'sb']
366;cc;cc_ca_sd_sc_sa_cb_cd_sb;1069.9530262529152;6086;1413.0625;cb**2, sd*sc, sd**2, ca**2, cc**2, sc*cb*sb, sd*cb*sb, ca*cb*sb, cc*cb*sb, sa**2*sb, sc*sa*sb, sd*sa*sb, ca*sa*sb, cc*sa*sb, sc**2*sb, ca*sc*sb, cc*sc*sb, ca*sd*sb, cc*sd*sb, cc*ca*sb, cd**3, cb*cd**2, sa*cd**2, sc*cd**2, sd*cd**2, ca*cd**2, cc*cd**2, sa*cb*cd, sc*cb*cd, sd*cb*cd, ca*cb*cd, cc*cb*cd, sa**2*cd, sc*sa*cd, sd*sa*cd, ca*sa*cd, cc*sa*cd, sc**2*cd, ca*sc*cd, cc*sc*cd, ca*sd*cd, cc*sd*cd, cc*ca*cd, sa**2*cb, sc*sa*cb, sd*sa*cb, ca*sa*cb, cc*sa*cb, sc**2*cb, ca*sc*cb, cc*sc*cb, ca*sd*cb, cc*sd*cb, cc*ca*cb, sa**3, sc*sa**2, sd*sa**2, ca*sa**2, cc*sa**2, sc**2*sa, ca*sc*sa, cc*sc*sa, ca*sd*sa, cc*sd*sa, cc*ca*sa, sc**3, ca*sc**2, cc*sc**2, cc*ca*sc, cc*ca*sd, sb**4, cd*sb**3, cb*sb**3, sa*sb**3, sc*sb**3, sd*sb**3, ca*sb**3, cc*sb**3, cd**2*sb**2, cb*cd*sb**2, sa*cd*sb**2, sc*cd*sb**2, sd*cd*sb**2, ca*cd*sb**2, cc*cd*sb**2, sa*cb*sb**2;['cc', 'ca', 'sd', 'sc', 'sa', 'cb', 'cd', 'sb']
367;sd;sd_cd_sb_sc_cc_ca_sa_cb;1439.3707948100055;6582;1413.73828125;ca**2, sc**2, sd*sc, sb**2, sd**2, sc*ca*cb, sb*ca*cb, cd*ca*cb, sd*ca*cb, cc**2*cb, sc*cc*cb, sb*cc*cb, cd*cc*cb, sd*cc*cb, sb*sc*cb, cd*sc*cb, cd*sb*cb, sd*sb*cb, cd**2*cb, sd*cd*cb, sa**3, ca*sa**2, cc*sa**2, sc*sa**2, sb*sa**2, cd*sa**2, sd*sa**2, cc*ca*sa, sc*ca*sa, sb*ca*sa, cd*ca*sa, sd*ca*sa, cc**2*sa, sc*cc*sa, sb*cc*sa, cd*cc*sa, sd*cc*sa, sb*sc*sa, cd*sc*sa, cd*sb*sa, sd*sb*sa, cd**2*sa, sd*cd*sa, cc**2*ca, sc*cc*ca, sb*cc*ca, cd*cc*ca, sd*cc*ca, sb*sc*ca, cd*sc*ca, cd*sb*ca, sd*sb*ca, cd**2*ca, sd*cd*ca, cc**3, sc*cc**2, sb*cc**2, cd*cc**2, sd*cc**2, sb*sc*cc, cd*sc*cc, cd*sb*cc, sd*sb*cc, cd**2*cc, sd*cd*cc, cd*sb*sc, cd**2*sc, cd**2*sb, sd*cd*sb, cd**3, sd*cd**2, cb**4, sa*cb**3, ca*cb**3, cc*cb**3, sc*cb**3, sb*cb**3, cd*cb**3, sd*cb**3, sa**2*cb**2, ca*sa*cb**2, cc*sa*cb**2, sc*sa*cb**2, sb*sa*cb**2, cd*sa*cb**2, sd*sa*cb**2, cc*ca*cb**2;['sd', 'cd', 'sb', 'sc', 'cc', 'ca', 'sa', 'cb']
368;sd;sd_sc_cd_sb_sa_cb_cc_ca;479.1794627360068;6630;1413.73828125;sa**2, sb**2, sc**2, sd*sc, sd**2, sa*cb*ca, sb*cb*ca, cd*cb*ca, sc*cb*ca, sd*cb*ca, sb*sa*ca, cd*sa*ca, sc*sa*ca, sd*sa*ca, cd*sb*ca, sc*sb*ca, sd*sb*ca, cd**2*ca, sc*cd*ca, sd*cd*ca, cc**3, cb*cc**2, sa*cc**2, sb*cc**2, cd*cc**2, sc*cc**2, sd*cc**2, cb**2*cc, sa*cb*cc, sb*cb*cc, cd*cb*cc, sc*cb*cc, sd*cb*cc, sb*sa*cc, cd*sa*cc, sc*sa*cc, sd*sa*cc, cd*sb*cc, sc*sb*cc, sd*sb*cc, cd**2*cc, sc*cd*cc, sd*cd*cc, cb**3, sa*cb**2, sb*cb**2, cd*cb**2, sc*cb**2, sd*cb**2, sb*sa*cb, cd*sa*cb, sc*sa*cb, sd*sa*cb, cd*sb*cb, sc*sb*cb, sd*sb*cb, cd**2*cb, sc*cd*cb, sd*cd*cb, cd*sb*sa, sc*sb*sa, sd*sb*sa, cd**2*sa, sc*cd*sa, sd*cd*sa, cd**2*sb, sc*cd*sb, sd*cd*sb, cd**3, sc*cd**2, sd*cd**2, ca**4, cc*ca**3, cb*ca**3, sa*ca**3, sb*ca**3, cd*ca**3, sc*ca**3, sd*ca**3, cc**2*ca**2, cb*cc*ca**2, sa*cc*ca**2, sb*cc*ca**2, cd*cc*ca**2, sc*cc*ca**2, sd*cc*ca**2, cb**2*ca**2;['sd', 'sc', 'cd', 'sb', 'sa', 'cb', 'cc', 'ca']
369;sa;sa_sb_sc_cc_cb_cd_ca_sd;508.40695683902595;5582;1412.75390625;cd**2, cc*cd, sc**2, sb**2, sa**2, sc*cd*sd, sb*cd*sd, sa*cd*sd, cb**2*sd, cc*cb*sd, sc*cb*sd, sb*cb*sd, sa*cb*sd, cc**2*sd, sc*cc*sd, sb*cc*sd, sa*cc*sd, sb*sc*sd, sa*sc*sd, sa*sb*sd, ca**3, cd*ca**2, cb*ca**2, cc*ca**2, sc*ca**2, sb*ca**2, sa*ca**2, cb*cd*ca, sc*cd*ca, sb*cd*ca, sa*cd*ca, cb**2*ca, cc*cb*ca, sc*cb*ca, sb*cb*ca, sa*cb*ca, cc**2*ca, sc*cc*ca, sb*cc*ca, sa*cc*ca, sb*sc*ca, sa*sc*ca, sa*sb*ca, cb**2*cd, sc*cb*cd, sb*cb*cd, sa*cb*cd, sb*sc*cd, sa*sc*cd, sa*sb*cd, cb**3, cc*cb**2, sc*cb**2, sb*cb**2, sa*cb**2, cc**2*cb, sc*cc*cb, sb*cc*cb, sa*cc*cb, sb*sc*cb, sa*sc*cb, sa*sb*cb, cc**3, sc*cc**2, sb*cc**2, sa*cc**2, sb*sc*cc, sa*sc*cc, sa*sb*cc, sa*sb*sc, sd**4, ca*sd**3, cd*sd**3, cb*sd**3, cc*sd**3, sc*sd**3, sb*sd**3, sa*sd**3, ca**2*sd**2, cd*ca*sd**2, cb*ca*sd**2, cc*ca*sd**2, sc*ca*sd**2, sb*ca*sd**2, sa*ca*sd**2, cb*cd*sd**2;['sa', 'sb', 'sc', 'cc', 'cb', 'cd', 'ca', 'sd']
370;sa;sa_sb_sd_cc_cb_cd_ca_sc;425.37347456999123;5803;1411.76953125;cc*cd, cc**2, sd**2, sb**2, sa**2, cd**2*sc, sd*cd*sc, sb*cd*sc, sa*cd*sc, cb**2*sc, cc*cb*sc, sd*cb*sc, sb*cb*sc, sa*cb*sc, sd*cc*sc, sb*cc*sc, sa*cc*sc, sb*sd*sc, sa*sd*sc, sa*sb*sc, ca**3, cd*ca**2, cb*ca**2, cc*ca**2, sd*ca**2, sb*ca**2, sa*ca**2, cd**2*ca, cb*cd*ca, sd*cd*ca, sb*cd*ca, sa*cd*ca, cb**2*ca, cc*cb*ca, sd*cb*ca, sb*cb*ca, sa*cb*ca, sd*cc*ca, sb*cc*ca, sa*cc*ca, sb*sd*ca, sa*sd*ca, sa*sb*ca, cd**3, cb*cd**2, sd*cd**2, sb*cd**2, sa*cd**2, cb**2*cd, sd*cb*cd, sb*cb*cd, sa*cb*cd, sb*sd*cd, sa*sd*cd, sa*sb*cd, cb**3, cc*cb**2, sd*cb**2, sb*cb**2, sa*cb**2, sd*cc*cb, sb*cc*cb, sa*cc*cb, sb*sd*cb, sa*sd*cb, sa*sb*cb, sb*sd*cc, sa*sd*cc, sa*sb*cc, sa*sb*sd, sc**4, ca*sc**3, cd*sc**3, cb*sc**3, cc*sc**3, sd*sc**3, sb*sc**3, sa*sc**3, ca**2*sc**2, cd*ca*sc**2, cb*ca*sc**2, cc*ca*sc**2, sd*ca*sc**2, sb*ca*sc**2, sa*ca*sc**2, cb*cd*sc**2;['sa', 'sb', 'sd', 'cc', 'cb', 'cd', 'ca', 'sc']
371;ca;ca_sb_sc_sa_cc_cb_cd_sd;421.59280910890084;4919;1411.76953125;cd**2, cc*cd, sc**2, sb**2, ca**2, sc*cd*sd, sb*cb*sd, ca*cb*sd, cc**2*sd, sa*cc*sd, sc*cc*sd, sb*cc*sd, ca*cc*sd, sa**2*sd, sc*sa*sd, sb*sa*sd, ca*sa*sd, sb*sc*sd, ca*sc*sd, ca*sb*sd, cb**2*cd, sa*cb*cd, sc*cb*cd, sb*cb*cd, ca*cb*cd, sa**2*cd, sc*sa*cd, sb*sa*cd, ca*sa*cd, sb*sc*cd, ca*sc*cd, ca*sb*cd, cb**3, cc*cb**2, sa*cb**2, sc*cb**2, sb*cb**2, ca*cb**2, cc**2*cb, sa*cc*cb, sc*cc*cb, sb*cc*cb, ca*cc*cb, sa**2*cb, sc*sa*cb, sb*sa*cb, ca*sa*cb, sb*sc*cb, ca*sc*cb, ca*sb*cb, cc**3, sa*cc**2, sc*cc**2, sb*cc**2, ca*cc**2, sa**2*cc, sc*sa*cc, sb*sa*cc, ca*sa*cc, sb*sc*cc, ca*sc*cc, ca*sb*cc, sa**3, sc*sa**2, sb*sa**2, ca*sa**2, sb*sc*sa, ca*sc*sa, ca*sb*sa, ca*sb*sc, sd**4, cd*sd**3, cb*sd**3, cc*sd**3, sa*sd**3, sc*sd**3, sb*sd**3, ca*sd**3, cb*cd*sd**2, sa*cd*sd**2, sb*cd*sd**2, ca*cd*sd**2, cb**2*sd**2, cc*cb*sd**2, sa*cb*sd**2, sc*cb*sd**2;['ca', 'sb', 'sc', 'sa', 'cc', 'cb', 'cd', 'sd']
372;cd;cd_cb_sc_sd_sb_cc_ca_sa;1846.570795123931;6411;1410.78515625;ca**2, sc*sd, sc**2, cb**2, cd**2, sd*cc*sa, sc*cc*sa, cb*cc*sa, cd*cc*sa, sb**2*sa, sd*sb*sa, sc*sb*sa, cb*sb*sa, cd*sb*sa, sd**2*sa, cb*sd*sa, cd*sd*sa, cb*sc*sa, cd*sc*sa, cd*cb*sa, cc**2*ca, sb*cc*ca, sd*cc*ca, sc*cc*ca, cb*cc*ca, cd*cc*ca, sb**2*ca, sd*sb*ca, sc*sb*ca, cb*sb*ca, cd*sb*ca, sd**2*ca, cb*sd*ca, cd*sd*ca, cb*sc*ca, cd*sc*ca, cd*cb*ca, cc**3, sb*cc**2, sd*cc**2, sc*cc**2, cb*cc**2, cd*cc**2, sb**2*cc, sd*sb*cc, sc*sb*cc, cb*sb*cc, cd*sb*cc, sd**2*cc, cb*sd*cc, cd*sd*cc, cb*sc*cc, cd*sc*cc, cd*cb*cc, sb**3, sd*sb**2, sc*sb**2, cb*sb**2, cd*sb**2, sd**2*sb, cb*sd*sb, cd*sd*sb, cb*sc*sb, cd*sc*sb, cd*cb*sb, sd**3, cb*sd**2, cd*sd**2, cd*cb*sd, cd*cb*sc, sa**4, ca*sa**3, cc*sa**3, sb*sa**3, sd*sa**3, sc*sa**3, cb*sa**3, cd*sa**3, cc*ca*sa**2, sb*ca*sa**2, sd*ca*sa**2, sc*ca*sa**2, cb*ca*sa**2, cd*ca*sa**2, cc**2*sa**2, sb*cc*sa**2;['cd', 'cb', 'sc', 'sd', 'sb', 'cc', 'ca', 'sa']
373;sb;sb_cc_ca_sd_cb_sc_cd_sa;1053.017544570961;6028;1410.78515625;sd*sc, sd**2, ca**2, cc**2, sb**2, cb*sc*sa, ca*sc*sa, cc*sc*sa, sb*sc*sa, cb**2*sa, sd*cb*sa, ca*cb*sa, cc*cb*sa, sb*cb*sa, ca*sd*sa, cc*sd*sa, sb*sd*sa, cc*ca*sa, sb*ca*sa, sb*cc*sa, cd**3, sc*cd**2, cb*cd**2, sd*cd**2, ca*cd**2, cc*cd**2, sb*cd**2, sc**2*cd, cb*sc*cd, ca*sc*cd, cc*sc*cd, sb*sc*cd, cb**2*cd, sd*cb*cd, ca*cb*cd, cc*cb*cd, sb*cb*cd, ca*sd*cd, cc*sd*cd, sb*sd*cd, cc*ca*cd, sb*ca*cd, sb*cc*cd, sc**3, cb*sc**2, ca*sc**2, cc*sc**2, sb*sc**2, cb**2*sc, ca*cb*sc, cc*cb*sc, sb*cb*sc, cc*ca*sc, sb*ca*sc, sb*cc*sc, cb**3, sd*cb**2, ca*cb**2, cc*cb**2, sb*cb**2, ca*sd*cb, cc*sd*cb, sb*sd*cb, cc*ca*cb, sb*ca*cb, sb*cc*cb, cc*ca*sd, sb*ca*sd, sb*cc*sd, sb*cc*ca, sa**4, cd*sa**3, sc*sa**3, cb*sa**3, sd*sa**3, ca*sa**3, cc*sa**3, sb*sa**3, cd**2*sa**2, sc*cd*sa**2, cb*cd*sa**2, sd*cd*sa**2, ca*cd*sa**2, cc*cd*sa**2, sb*cd*sa**2, sc**2*sa**2;['sb', 'cc', 'ca', 'sd', 'cb', 'sc', 'cd', 'sa']
374;sa;sa_cb_sc_cc_ca_sd_sb_cd;667.8642213260755;5789;1410.78515625;sd**2, sc*sd, sc**2, cb**2, sa**2, cc*sd*cd, cb*sd*cd, sa*sd*cd, ca**2*cd, cc*ca*cd, sc*ca*cd, cb*ca*cd, sa*ca*cd, cc**2*cd, sc*cc*cd, cb*cc*cd, sa*cc*cd, cb*sc*cd, sa*sc*cd, sa*cb*cd, sb**3, sd*sb**2, ca*sb**2, cc*sb**2, sc*sb**2, cb*sb**2, sa*sb**2, ca*sd*sb, cc*sd*sb, cb*sd*sb, sa*sd*sb, ca**2*sb, cc*ca*sb, sc*ca*sb, cb*ca*sb, sa*ca*sb, cc**2*sb, sc*cc*sb, cb*cc*sb, sa*cc*sb, cb*sc*sb, sa*sc*sb, sa*cb*sb, ca**2*sd, cc*ca*sd, cb*ca*sd, sa*ca*sd, cc**2*sd, cb*cc*sd, sa*cc*sd, sa*cb*sd, ca**3, cc*ca**2, sc*ca**2, cb*ca**2, sa*ca**2, cc**2*ca, sc*cc*ca, cb*cc*ca, sa*cc*ca, cb*sc*ca, sa*sc*ca, sa*cb*ca, cc**3, sc*cc**2, cb*cc**2, sa*cc**2, cb*sc*cc, sa*sc*cc, sa*cb*cc, sa*cb*sc, cd**4, sb*cd**3, sd*cd**3, ca*cd**3, cc*cd**3, sc*cd**3, cb*cd**3, sa*cd**3, sb**2*cd**2, sd*sb*cd**2, ca*sb*cd**2, cc*sb*cd**2, sc*sb*cd**2, cb*sb*cd**2, sa*sb*cd**2, ca*sd*cd**2;['sa', 'cb', 'sc', 'cc', 'ca', 'sd', 'sb', 'cd']
375;sd;sd_cb_ca_cd_sa_cc_sb_sc;450.7084889860125;5430;1410.78515625;cc**2, cd*cc, ca**2, cb**2, sd**2, ca*cc*sc, cb*cc*sc, sd*cc*sc, sa**2*sc, cd*sa*sc, ca*sa*sc, cb*sa*sc, sd*sa*sc, cd**2*sc, ca*cd*sc, cb*cd*sc, sd*cd*sc, cb*ca*sc, sd*ca*sc, sd*cb*sc, sb**3, cc*sb**2, sa*sb**2, cd*sb**2, ca*sb**2, cb*sb**2, sd*sb**2, sa*cc*sb, ca*cc*sb, cb*cc*sb, sd*cc*sb, sa**2*sb, cd*sa*sb, ca*sa*sb, cb*sa*sb, sd*sa*sb, cd**2*sb, ca*cd*sb, cb*cd*sb, sd*cd*sb, cb*ca*sb, sd*ca*sb, sd*cb*sb, sa**2*cc, ca*sa*cc, cb*sa*cc, sd*sa*cc, cb*ca*cc, sd*ca*cc, sd*cb*cc, sa**3, cd*sa**2, ca*sa**2, cb*sa**2, sd*sa**2, cd**2*sa, ca*cd*sa, cb*cd*sa, sd*cd*sa, cb*ca*sa, sd*ca*sa, sd*cb*sa, cd**3, ca*cd**2, cb*cd**2, sd*cd**2, cb*ca*cd, sd*ca*cd, sd*cb*cd, sd*cb*ca, sc**4, sb*sc**3, cc*sc**3, sa*sc**3, cd*sc**3, ca*sc**3, cb*sc**3, sd*sc**3, sb**2*sc**2, cc*sb*sc**2, sa*sb*sc**2, cd*sb*sc**2, ca*sb*sc**2, cb*sb*sc**2, sd*sb*sc**2, sa*cc*sc**2;['sd', 'cb', 'ca', 'cd', 'sa', 'cc', 'sb', 'sc']
376;cd;cd_sb_sc_sa_sd_cb_cc_ca;474.1957553069806;6436;1410.78515625;sc*sd, sa**2, sc**2, sb**2, cd**2, sd*cb*ca, sa*cb*ca, sc*cb*ca, sb*cb*ca, cd*cb*ca, sd**2*ca, sa*sd*ca, sb*sd*ca, cd*sd*ca, sc*sa*ca, sb*sa*ca, cd*sa*ca, sb*sc*ca, cd*sc*ca, cd*sb*ca, cc**3, cb*cc**2, sd*cc**2, sa*cc**2, sc*cc**2, sb*cc**2, cd*cc**2, cb**2*cc, sd*cb*cc, sa*cb*cc, sc*cb*cc, sb*cb*cc, cd*cb*cc, sd**2*cc, sa*sd*cc, sb*sd*cc, cd*sd*cc, sc*sa*cc, sb*sa*cc, cd*sa*cc, sb*sc*cc, cd*sc*cc, cd*sb*cc, cb**3, sd*cb**2, sa*cb**2, sc*cb**2, sb*cb**2, cd*cb**2, sd**2*cb, sa*sd*cb, sb*sd*cb, cd*sd*cb, sc*sa*cb, sb*sa*cb, cd*sa*cb, sb*sc*cb, cd*sc*cb, cd*sb*cb, sd**3, sa*sd**2, sb*sd**2, cd*sd**2, sb*sa*sd, cd*sa*sd, cd*sb*sd, sb*sc*sa, cd*sc*sa, cd*sb*sa, cd*sb*sc, ca**4, cc*ca**3, cb*ca**3, sd*ca**3, sa*ca**3, sc*ca**3, sb*ca**3, cd*ca**3, cc**2*ca**2, cb*cc*ca**2, sd*cc*ca**2, sa*cc*ca**2, sc*cc*ca**2, sb*cc*ca**2, cd*cc*ca**2, cb**2*ca**2;['cd', 'sb', 'sc', 'sa', 'sd', 'cb', 'cc', 'ca']
377;sb;sb_sa_cd_cc_ca_sc_cb_sd;1479.013005492976;6739;1410.78515625;cc**2, cd*cc, cd**2, sa**2, sb**2, sc**2*sd, cc*sc*sd, cd*sc*sd, sa*sc*sd, sb*sc*sd, ca**2*sd, cc*ca*sd, cd*ca*sd, sa*ca*sd, sb*ca*sd, sa*cc*sd, sb*cc*sd, sa*cd*sd, sb*cd*sd, sb*sa*sd, cb**3, sc*cb**2, ca*cb**2, cc*cb**2, cd*cb**2, sa*cb**2, sb*cb**2, sc**2*cb, ca*sc*cb, cc*sc*cb, cd*sc*cb, sa*sc*cb, sb*sc*cb, ca**2*cb, cc*ca*cb, cd*ca*cb, sa*ca*cb, sb*ca*cb, sa*cc*cb, sb*cc*cb, sa*cd*cb, sb*cd*cb, sb*sa*cb, sc**3, ca*sc**2, cc*sc**2, cd*sc**2, sa*sc**2, sb*sc**2, ca**2*sc, cc*ca*sc, cd*ca*sc, sa*ca*sc, sb*ca*sc, sa*cc*sc, sb*cc*sc, sa*cd*sc, sb*cd*sc, sb*sa*sc, ca**3, cc*ca**2, cd*ca**2, sa*ca**2, sb*ca**2, sa*cc*ca, sb*cc*ca, sa*cd*ca, sb*cd*ca, sb*sa*ca, sb*sa*cc, sb*sa*cd, sd**4, cb*sd**3, sc*sd**3, ca*sd**3, cc*sd**3, cd*sd**3, sa*sd**3, sb*sd**3, cb**2*sd**2, sc*cb*sd**2, ca*cb*sd**2, cc*cb*sd**2, cd*cb*sd**2, sa*cb*sd**2, sb*cb*sd**2, ca*sc*sd**2;['sb', 'sa', 'cd', 'cc', 'ca', 'sc', 'cb', 'sd']
378;sd;sd_ca_sc_sb_sa_cb_cd_cc;381.57290172507055;5421;1410.78515625;sb**2, sc**2, sd*sc, ca**2, sd**2, cd**2*cc, sc*cd*cc, sd*cd*cc, ca*cb*cc, sd*cb*cc, sa**2*cc, sb*sa*cc, sc*sa*cc, ca*sa*cc, sd*sa*cc, sc*sb*cc, ca*sb*cc, sd*sb*cc, ca*sc*cc, sd*ca*cc, cd**3, cb*cd**2, sa*cd**2, sb*cd**2, sc*cd**2, ca*cd**2, sd*cd**2, cb**2*cd, sa*cb*cd, sb*cb*cd, sc*cb*cd, ca*cb*cd, sd*cb*cd, sa**2*cd, sb*sa*cd, sc*sa*cd, ca*sa*cd, sd*sa*cd, sc*sb*cd, ca*sb*cd, sd*sb*cd, ca*sc*cd, sd*ca*cd, cb**3, sa*cb**2, sb*cb**2, sc*cb**2, ca*cb**2, sd*cb**2, sa**2*cb, sb*sa*cb, sc*sa*cb, ca*sa*cb, sd*sa*cb, sc*sb*cb, ca*sb*cb, sd*sb*cb, ca*sc*cb, sd*ca*cb, sa**3, sb*sa**2, sc*sa**2, ca*sa**2, sd*sa**2, sc*sb*sa, ca*sb*sa, sd*sb*sa, ca*sc*sa, sd*ca*sa, ca*sc*sb, sd*ca*sb, cc**4, cd*cc**3, cb*cc**3, sa*cc**3, sb*cc**3, sc*cc**3, ca*cc**3, sd*cc**3, cb*cd*cc**2, sa*cd*cc**2, sb*cd*cc**2, ca*cd*cc**2, cb**2*cc**2, sa*cb*cc**2, sb*cb*cc**2, sc*cb*cc**2;['sd', 'ca', 'sc', 'sb', 'sa', 'cb', 'cd', 'cc']
379;cd;cd_cb_sb_sc_sd_cc_ca_sa;1496.9031600150047;6121;1410.78515625;ca**2, sc*sd, sc**2, cb**2, cd**2, sc*cc*sa, sb*cc*sa, cb*cc*sa, cd*cc*sa, sd**2*sa, sb*sd*sa, cb*sd*sa, cd*sd*sa, sb*sc*sa, cb*sc*sa, cd*sc*sa, sb**2*sa, cb*sb*sa, cd*sb*sa, cd*cb*sa, cc**2*ca, sd*cc*ca, sc*cc*ca, sb*cc*ca, cb*cc*ca, cd*cc*ca, sd**2*ca, sb*sd*ca, cb*sd*ca, cd*sd*ca, sb*sc*ca, cb*sc*ca, cd*sc*ca, sb**2*ca, cb*sb*ca, cd*sb*ca, cd*cb*ca, cc**3, sd*cc**2, sc*cc**2, sb*cc**2, cb*cc**2, cd*cc**2, sd**2*cc, sb*sd*cc, cb*sd*cc, cd*sd*cc, sb*sc*cc, cb*sc*cc, cd*sc*cc, sb**2*cc, cb*sb*cc, cd*sb*cc, cd*cb*cc, sd**3, sb*sd**2, cb*sd**2, cd*sd**2, sb**2*sd, cb*sb*sd, cd*sb*sd, cd*cb*sd, sb**2*sc, cb*sb*sc, cd*sb*sc, cd*cb*sc, sb**3, cb*sb**2, cd*sb**2, cd*cb*sb, sa**4, ca*sa**3, cc*sa**3, sd*sa**3, sc*sa**3, sb*sa**3, cb*sa**3, cd*sa**3, cc*ca*sa**2, sd*ca*sa**2, sc*ca*sa**2, sb*ca*sa**2, cb*ca*sa**2, cd*ca*sa**2, cc**2*sa**2, sd*cc*sa**2;['cd', 'cb', 'sb', 'sc', 'sd', 'cc', 'ca', 'sa']
380;cb;cb_ca_sc_sd_sb_cc_sa_cd;861.6173867640318;6420;1410.78515625;sd**2, sc*sd, sc**2, ca**2, cb**2, cc**2*cd, sd*cc*cd, sc*cc*cd, ca*cc*cd, cb*cc*cd, sb**2*cd, sd*sb*cd, sc*sb*cd, ca*sb*cd, cb*sb*cd, ca*sd*cd, cb*sd*cd, ca*sc*cd, cb*sc*cd, cb*ca*cd, sa**3, cc*sa**2, sb*sa**2, sd*sa**2, sc*sa**2, ca*sa**2, cb*sa**2, cc**2*sa, sb*cc*sa, sd*cc*sa, sc*cc*sa, ca*cc*sa, cb*cc*sa, sb**2*sa, sd*sb*sa, sc*sb*sa, ca*sb*sa, cb*sb*sa, ca*sd*sa, cb*sd*sa, ca*sc*sa, cb*sc*sa, cb*ca*sa, cc**3, sb*cc**2, sd*cc**2, sc*cc**2, ca*cc**2, cb*cc**2, sb**2*cc, sd*sb*cc, sc*sb*cc, ca*sb*cc, cb*sb*cc, ca*sd*cc, cb*sd*cc, ca*sc*cc, cb*sc*cc, cb*ca*cc, sb**3, sd*sb**2, sc*sb**2, ca*sb**2, cb*sb**2, ca*sd*sb, cb*sd*sb, ca*sc*sb, cb*sc*sb, cb*ca*sb, cb*ca*sd, cb*ca*sc, cd**4, sa*cd**3, cc*cd**3, sb*cd**3, sd*cd**3, sc*cd**3, ca*cd**3, cb*cd**3, sa**2*cd**2, cc*sa*cd**2, sb*sa*cd**2, sd*sa*cd**2, sc*sa*cd**2, ca*sa*cd**2, cb*sa*cd**2, sb*cc*cd**2;['cb', 'ca', 'sc', 'sd', 'sb', 'cc', 'sa', 'cd']
381;cc;cc_sb_cb_cd_sd_ca_sc_sa;849.8409490539925;6131;1410.78515625;ca**2, cd**2, cc*cd, sb**2, cc**2, cd*ca*sa, cb*ca*sa, sb*ca*sa, cc*ca*sa, sd**2*sa, cd*sd*sa, cb*sd*sa, sb*sd*sa, cc*sd*sa, cb*cd*sa, sb*cd*sa, cb**2*sa, sb*cb*sa, cc*cb*sa, cc*sb*sa, sc**3, ca*sc**2, sd*sc**2, cd*sc**2, cb*sc**2, sb*sc**2, cc*sc**2, sd*ca*sc, cd*ca*sc, cb*ca*sc, sb*ca*sc, cc*ca*sc, sd**2*sc, cd*sd*sc, cb*sd*sc, sb*sd*sc, cc*sd*sc, cb*cd*sc, sb*cd*sc, cb**2*sc, sb*cb*sc, cc*cb*sc, cc*sb*sc, sd**2*ca, cd*sd*ca, cb*sd*ca, sb*sd*ca, cc*sd*ca, cb*cd*ca, sb*cd*ca, cb**2*ca, sb*cb*ca, cc*cb*ca, cc*sb*ca, sd**3, cd*sd**2, cb*sd**2, sb*sd**2, cc*sd**2, cb*cd*sd, sb*cd*sd, cb**2*sd, sb*cb*sd, cc*cb*sd, cc*sb*sd, cb**2*cd, sb*cb*cd, cb**3, sb*cb**2, cc*cb**2, cc*sb*cb, sa**4, sc*sa**3, ca*sa**3, sd*sa**3, cd*sa**3, cb*sa**3, sb*sa**3, cc*sa**3, sc**2*sa**2, ca*sc*sa**2, sd*sc*sa**2, cd*sc*sa**2, cb*sc*sa**2, sb*sc*sa**2, cc*sc*sa**2, sd*ca*sa**2;['cc', 'sb', 'cb', 'cd', 'sd', 'ca', 'sc', 'sa']
382;sa;sa_cb_sd_cc_cd_ca_sb_sc;668.475545717054;5983;1410.78515625;cc*cd, cc**2, sd**2, cb**2, sa**2, cd*ca*sc, cc*ca*sc, sd*ca*sc, cb*ca*sc, sa*ca*sc, cd**2*sc, sd*cd*sc, cb*cd*sc, sa*cd*sc, sd*cc*sc, cb*cc*sc, sa*cc*sc, cb*sd*sc, sa*sd*sc, sa*cb*sc, sb**3, ca*sb**2, cd*sb**2, cc*sb**2, sd*sb**2, cb*sb**2, sa*sb**2, ca**2*sb, cd*ca*sb, cc*ca*sb, sd*ca*sb, cb*ca*sb, sa*ca*sb, cd**2*sb, sd*cd*sb, cb*cd*sb, sa*cd*sb, sd*cc*sb, cb*cc*sb, sa*cc*sb, cb*sd*sb, sa*sd*sb, sa*cb*sb, ca**3, cd*ca**2, cc*ca**2, sd*ca**2, cb*ca**2, sa*ca**2, cd**2*ca, sd*cd*ca, cb*cd*ca, sa*cd*ca, sd*cc*ca, cb*cc*ca, sa*cc*ca, cb*sd*ca, sa*sd*ca, sa*cb*ca, cd**3, sd*cd**2, cb*cd**2, sa*cd**2, cb*sd*cd, sa*sd*cd, sa*cb*cd, cb*sd*cc, sa*sd*cc, sa*cb*cc, sa*cb*sd, sc**4, sb*sc**3, ca*sc**3, cd*sc**3, cc*sc**3, sd*sc**3, cb*sc**3, sa*sc**3, sb**2*sc**2, ca*sb*sc**2, cd*sb*sc**2, cc*sb*sc**2, sd*sb*sc**2, cb*sb*sc**2, sa*sb*sc**2, ca**2*sc**2;['sa', 'cb', 'sd', 'cc', 'cd', 'ca', 'sb', 'sc']
383;sb;sb_cb_cc_cd_sc_sa_ca_sd;444.2277066229144;6299;1410.78515625;sa**2, cd**2, cc*cd, cc**2, sb**2, cd*sa*sd, cc*sa*sd, cb*sa*sd, sb*sa*sd, sc**2*sd, cd*sc*sd, cc*sc*sd, cb*sc*sd, sb*sc*sd, cb*cd*sd, sb*cd*sd, cb*cc*sd, sb*cc*sd, cb**2*sd, sb*cb*sd, ca**3, sa*ca**2, sc*ca**2, cd*ca**2, cc*ca**2, cb*ca**2, sb*ca**2, sc*sa*ca, cd*sa*ca, cc*sa*ca, cb*sa*ca, sb*sa*ca, sc**2*ca, cd*sc*ca, cc*sc*ca, cb*sc*ca, sb*sc*ca, cb*cd*ca, sb*cd*ca, cb*cc*ca, sb*cc*ca, cb**2*ca, sb*cb*ca, sc**2*sa, cd*sc*sa, cc*sc*sa, cb*sc*sa, sb*sc*sa, cb*cd*sa, sb*cd*sa, cb*cc*sa, sb*cc*sa, cb**2*sa, sb*cb*sa, sc**3, cd*sc**2, cc*sc**2, cb*sc**2, sb*sc**2, cb*cd*sc, sb*cd*sc, cb*cc*sc, sb*cc*sc, cb**2*sc, sb*cb*sc, cb**2*cd, sb*cb*cd, cb**2*cc, sb*cb*cc, cb**3, sb*cb**2, sd**4, ca*sd**3, sa*sd**3, sc*sd**3, cd*sd**3, cc*sd**3, cb*sd**3, sb*sd**3, ca**2*sd**2, sa*ca*sd**2, sc*ca*sd**2, cd*ca*sd**2, cc*ca*sd**2, cb*ca*sd**2, sb*ca*sd**2, sc*sa*sd**2;['sb', 'cb', 'cc', 'cd', 'sc', 'sa', 'ca', 'sd']
384;ca;ca_sb_sc_cb_cc_sd_sa_cd;636.6316128659528;6029;1410.78515625;sd**2, sc*sd, sc**2, sb**2, ca**2, cc*sd*cd, sb*sd*cd, ca*sd*cd, cc**2*cd, cb*cc*cd, sc*cc*cd, sb*cc*cd, ca*cc*cd, cb**2*cd, sc*cb*cd, sb*cb*cd, ca*cb*cd, sb*sc*cd, ca*sc*cd, ca*sb*cd, sa**3, sd*sa**2, cc*sa**2, cb*sa**2, sc*sa**2, sb*sa**2, ca*sa**2, cc*sd*sa, cb*sd*sa, sb*sd*sa, ca*sd*sa, cc**2*sa, cb*cc*sa, sc*cc*sa, sb*cc*sa, ca*cc*sa, cb**2*sa, sc*cb*sa, sb*cb*sa, ca*cb*sa, sb*sc*sa, ca*sc*sa, ca*sb*sa, cc**2*sd, cb*cc*sd, sb*cc*sd, ca*cc*sd, cb**2*sd, sb*cb*sd, ca*cb*sd, ca*sb*sd, cc**3, cb*cc**2, sc*cc**2, sb*cc**2, ca*cc**2, cb**2*cc, sc*cb*cc, sb*cb*cc, ca*cb*cc, sb*sc*cc, ca*sc*cc, ca*sb*cc, cb**3, sc*cb**2, sb*cb**2, ca*cb**2, sb*sc*cb, ca*sc*cb, ca*sb*cb, ca*sb*sc, cd**4, sa*cd**3, sd*cd**3, cc*cd**3, cb*cd**3, sc*cd**3, sb*cd**3, ca*cd**3, sa**2*cd**2, sd*sa*cd**2, cc*sa*cd**2, cb*sa*cd**2, sc*sa*cd**2, sb*sa*cd**2, ca*sa*cd**2, cb*sd*cd**2;['ca', 'sb', 'sc', 'cb', 'cc', 'sd', 'sa', 'cd']
385;ca;ca_cc_sa_sb_cd_sd_cb_sc;775.2397263670573;6399;1410.78515625;cd**2, cc*cd, sb**2, cc**2, ca**2, sd**2*sc, cd*sd*sc, sa*sd*sc, cc*sd*sc, ca*sd*sc, sb*cd*sc, sa*cd*sc, ca*cd*sc, sa*sb*sc, cc*sb*sc, ca*sb*sc, sa**2*sc, cc*sa*sc, ca*sa*sc, ca*cc*sc, cb**3, sd*cb**2, cd*cb**2, sb*cb**2, sa*cb**2, cc*cb**2, ca*cb**2, sd**2*cb, cd*sd*cb, sb*sd*cb, sa*sd*cb, cc*sd*cb, ca*sd*cb, sb*cd*cb, sa*cd*cb, ca*cd*cb, sa*sb*cb, cc*sb*cb, ca*sb*cb, sa**2*cb, cc*sa*cb, ca*sa*cb, ca*cc*cb, sd**3, cd*sd**2, sb*sd**2, sa*sd**2, cc*sd**2, ca*sd**2, sb*cd*sd, sa*cd*sd, ca*cd*sd, sa*sb*sd, cc*sb*sd, ca*sb*sd, sa**2*sd, cc*sa*sd, ca*sa*sd, ca*cc*sd, sa*sb*cd, ca*sb*cd, sa**2*cd, ca*sa*cd, sa**2*sb, cc*sa*sb, ca*sa*sb, ca*cc*sb, sa**3, cc*sa**2, ca*sa**2, ca*cc*sa, sc**4, cb*sc**3, sd*sc**3, cd*sc**3, sb*sc**3, sa*sc**3, cc*sc**3, ca*sc**3, cb**2*sc**2, sd*cb*sc**2, cd*cb*sc**2, sb*cb*sc**2, sa*cb*sc**2, cc*cb*sc**2, ca*cb*sc**2, sb*sd*sc**2;['ca', 'cc', 'sa', 'sb', 'cd', 'sd', 'cb', 'sc']
386;sc;sc_cc_ca_cd_sb_sa_cb_sd;455.6453792130342;5986;1410.78515625;sb**2, cd**2, cc*cd, ca**2, sc**2, sb*sa*sd, cd*sa*sd, ca*sa*sd, cc*sa*sd, sc*sa*sd, cd*sb*sd, ca*sb*sd, cc*sb*sd, sc*sb*sd, ca*cd*sd, sc*cd*sd, cc*ca*sd, sc*ca*sd, cc**2*sd, sc*cc*sd, cb**3, sa*cb**2, sb*cb**2, cd*cb**2, ca*cb**2, cc*cb**2, sc*cb**2, sa**2*cb, sb*sa*cb, cd*sa*cb, ca*sa*cb, cc*sa*cb, sc*sa*cb, cd*sb*cb, ca*sb*cb, cc*sb*cb, sc*sb*cb, ca*cd*cb, sc*cd*cb, cc*ca*cb, sc*ca*cb, cc**2*cb, sc*cc*cb, sa**3, sb*sa**2, cd*sa**2, ca*sa**2, cc*sa**2, sc*sa**2, cd*sb*sa, ca*sb*sa, cc*sb*sa, sc*sb*sa, ca*cd*sa, sc*cd*sa, cc*ca*sa, sc*ca*sa, cc**2*sa, sc*cc*sa, ca*cd*sb, sc*cd*sb, cc*ca*sb, sc*ca*sb, cc**2*sb, sc*cc*sb, sc*ca*cd, cc**2*ca, sc*cc*ca, cc**3, sc*cc**2, sd**4, cb*sd**3, sa*sd**3, sb*sd**3, cd*sd**3, ca*sd**3, cc*sd**3, sc*sd**3, cb**2*sd**2, sa*cb*sd**2, sb*cb*sd**2, cd*cb*sd**2, ca*cb*sd**2, cc*cb*sd**2, sc*cb*sd**2, sa**2*sd**2;['sc', 'cc', 'ca', 'cd', 'sb', 'sa', 'cb', 'sd']
387;cb;cb_ca_cc_sa_sb_sc_cd_sd;1511.496023970889;4924;1410.78515625;cd**2, cc*cd, cc**2, ca**2, cb**2, sc*cd*sd, sc**2*sd, cc*sc*sd, sb**2*sd, sa*sb*sd, cc*sb*sd, ca*sb*sd, cb*sb*sd, sa**2*sd, cc*sa*sd, ca*sa*sd, cb*sa*sd, ca*cc*sd, cb*cc*sd, cb*ca*sd, sc**2*cd, sb*sc*cd, sa*sc*cd, ca*sc*cd, cb*sc*cd, sb**2*cd, sa*sb*cd, ca*sb*cd, cb*sb*cd, sa**2*cd, ca*sa*cd, cb*sa*cd, cb*ca*cd, sc**3, sb*sc**2, sa*sc**2, cc*sc**2, ca*sc**2, cb*sc**2, sb**2*sc, sa*sb*sc, cc*sb*sc, ca*sb*sc, cb*sb*sc, sa**2*sc, cc*sa*sc, ca*sa*sc, cb*sa*sc, ca*cc*sc, cb*cc*sc, cb*ca*sc, sb**3, sa*sb**2, cc*sb**2, ca*sb**2, cb*sb**2, sa**2*sb, cc*sa*sb, ca*sa*sb, cb*sa*sb, ca*cc*sb, cb*cc*sb, cb*ca*sb, sa**3, cc*sa**2, ca*sa**2, cb*sa**2, ca*cc*sa, cb*cc*sa, cb*ca*sa, cb*ca*cc, sd**4, cd*sd**3, sc*sd**3, sb*sd**3, sa*sd**3, cc*sd**3, ca*sd**3, cb*sd**3, sb*cd*sd**2, sa*cd*sd**2, ca*cd*sd**2, cb*cd*sd**2, sb*sc*sd**2, sa*sc*sd**2, ca*sc*sd**2, cb*sc*sd**2;['cb', 'ca', 'cc', 'sa', 'sb', 'sc', 'cd', 'sd']
388;sb;sb_cd_cc_sa_sc_cb_sd_ca;636.9003243820043;6603;1410.78515625;sa**2, cc**2, cd*cc, cd**2, sb**2, sc*cb*ca, sa*cb*ca, cc*cb*ca, cd*cb*ca, sb*cb*ca, sc**2*ca, sa*sc*ca, cc*sc*ca, cd*sc*ca, sb*sc*ca, cc*sa*ca, cd*sa*ca, sb*sa*ca, sb*cc*ca, sb*cd*ca, sd**3, cb*sd**2, sc*sd**2, sa*sd**2, cc*sd**2, cd*sd**2, sb*sd**2, cb**2*sd, sc*cb*sd, sa*cb*sd, cc*cb*sd, cd*cb*sd, sb*cb*sd, sc**2*sd, sa*sc*sd, cc*sc*sd, cd*sc*sd, sb*sc*sd, cc*sa*sd, cd*sa*sd, sb*sa*sd, sb*cc*sd, sb*cd*sd, cb**3, sc*cb**2, sa*cb**2, cc*cb**2, cd*cb**2, sb*cb**2, sc**2*cb, sa*sc*cb, cc*sc*cb, cd*sc*cb, sb*sc*cb, cc*sa*cb, cd*sa*cb, sb*sa*cb, sb*cc*cb, sb*cd*cb, sc**3, sa*sc**2, cc*sc**2, cd*sc**2, sb*sc**2, cc*sa*sc, cd*sa*sc, sb*sa*sc, sb*cc*sc, sb*cd*sc, sb*cc*sa, sb*cd*sa, ca**4, sd*ca**3, cb*ca**3, sc*ca**3, sa*ca**3, cc*ca**3, cd*ca**3, sb*ca**3, sd**2*ca**2, cb*sd*ca**2, sc*sd*ca**2, sa*sd*ca**2, cc*sd*ca**2, cd*sd*ca**2, sb*sd*ca**2, cb**2*ca**2;['sb', 'cd', 'cc', 'sa', 'sc', 'cb', 'sd', 'ca']
389;ca;ca_cd_cb_cc_sd_sa_sb_sc;778.2186611830257;6725;1410.78515625;cc**2, cd*cc, cb**2, cd**2, ca**2, sd*sa*sc, cc*sa*sc, cb*sa*sc, cd*sa*sc, ca*sa*sc, sd**2*sc, cc*sd*sc, cb*sd*sc, cd*sd*sc, ca*sd*sc, cb*cc*sc, ca*cc*sc, cd*cb*sc, ca*cb*sc, ca*cd*sc, sb**3, sa*sb**2, sd*sb**2, cc*sb**2, cb*sb**2, cd*sb**2, ca*sb**2, sa**2*sb, sd*sa*sb, cc*sa*sb, cb*sa*sb, cd*sa*sb, ca*sa*sb, sd**2*sb, cc*sd*sb, cb*sd*sb, cd*sd*sb, ca*sd*sb, cb*cc*sb, ca*cc*sb, cd*cb*sb, ca*cb*sb, ca*cd*sb, sa**3, sd*sa**2, cc*sa**2, cb*sa**2, cd*sa**2, ca*sa**2, sd**2*sa, cc*sd*sa, cb*sd*sa, cd*sd*sa, ca*sd*sa, cb*cc*sa, ca*cc*sa, cd*cb*sa, ca*cb*sa, ca*cd*sa, sd**3, cc*sd**2, cb*sd**2, cd*sd**2, ca*sd**2, cb*cc*sd, ca*cc*sd, cd*cb*sd, ca*cb*sd, ca*cd*sd, ca*cb*cc, ca*cd*cb, sc**4, sb*sc**3, sa*sc**3, sd*sc**3, cc*sc**3, cb*sc**3, cd*sc**3, ca*sc**3, sb**2*sc**2, sa*sb*sc**2, sd*sb*sc**2, cc*sb*sc**2, cb*sb*sc**2, cd*sb*sc**2, ca*sb*sc**2, sa**2*sc**2;['ca', 'cd', 'cb', 'cc', 'sd', 'sa', 'sb', 'sc']
390;cd;cd_ca_cc_cb_sc_sd_sb_sa;466.02848018403165;5633;1410.78515625;cb**2, cc**2, cd*cc, ca**2, cd**2, sc*sd*sa, cb*sd*sa, cc*sd*sa, ca*sd*sa, cd*sd*sa, sc**2*sa, cb*sc*sa, cc*sc*sa, ca*sc*sa, cd*sc*sa, cc*cb*sa, ca*cb*sa, cd*cb*sa, ca*cc*sa, cd*ca*sa, sb**3, sd*sb**2, sc*sb**2, cb*sb**2, cc*sb**2, ca*sb**2, cd*sb**2, sd**2*sb, sc*sd*sb, cb*sd*sb, cc*sd*sb, ca*sd*sb, cd*sd*sb, sc**2*sb, cb*sc*sb, cc*sc*sb, ca*sc*sb, cd*sc*sb, cc*cb*sb, ca*cb*sb, cd*cb*sb, ca*cc*sb, cd*ca*sb, sd**3, sc*sd**2, cb*sd**2, cc*sd**2, ca*sd**2, cd*sd**2, sc**2*sd, cb*sc*sd, cc*sc*sd, ca*sc*sd, cd*sc*sd, cc*cb*sd, ca*cb*sd, cd*cb*sd, ca*cc*sd, cd*ca*sd, sc**3, cb*sc**2, cc*sc**2, ca*sc**2, cd*sc**2, cc*cb*sc, ca*cb*sc, cd*cb*sc, ca*cc*sc, cd*ca*sc, ca*cc*cb, cd*ca*cb, sa**4, sb*sa**3, sd*sa**3, sc*sa**3, cb*sa**3, cc*sa**3, ca*sa**3, cd*sa**3, sb**2*sa**2, sd*sb*sa**2, sc*sb*sa**2, cb*sb*sa**2, cc*sb*sa**2, ca*sb*sa**2, cd*sb*sa**2, sd**2*sa**2;['cd', 'ca', 'cc', 'cb', 'sc', 'sd', 'sb', 'sa']
391;ca;ca_sb_sc_cd_sa_cc_sd_cb;891.7298660369124;6100;1410.78515625;cd*cc, cd**2, sc**2, sb**2, ca**2, sa*cc*cb, sc*cc*cb, sb*cc*cb, ca*cc*cb, sa**2*cb, cd*sa*cb, sc*sa*cb, sb*sa*cb, ca*sa*cb, sc*cd*cb, sb*cd*cb, ca*cd*cb, sb*sc*cb, ca*sc*cb, ca*sb*cb, sd**3, cc*sd**2, sa*sd**2, cd*sd**2, sc*sd**2, sb*sd**2, ca*sd**2, cc**2*sd, sa*cc*sd, sc*cc*sd, sb*cc*sd, ca*cc*sd, sa**2*sd, cd*sa*sd, sc*sa*sd, sb*sa*sd, ca*sa*sd, sc*cd*sd, sb*cd*sd, ca*cd*sd, sb*sc*sd, ca*sc*sd, ca*sb*sd, cc**3, sa*cc**2, sc*cc**2, sb*cc**2, ca*cc**2, sa**2*cc, sc*sa*cc, sb*sa*cc, ca*sa*cc, sb*sc*cc, ca*sc*cc, ca*sb*cc, sa**3, cd*sa**2, sc*sa**2, sb*sa**2, ca*sa**2, sc*cd*sa, sb*cd*sa, ca*cd*sa, sb*sc*sa, ca*sc*sa, ca*sb*sa, sb*sc*cd, ca*sc*cd, ca*sb*cd, ca*sb*sc, cb**4, sd*cb**3, cc*cb**3, sa*cb**3, cd*cb**3, sc*cb**3, sb*cb**3, ca*cb**3, sd**2*cb**2, cc*sd*cb**2, sa*sd*cb**2, cd*sd*cb**2, sc*sd*cb**2, sb*sd*cb**2, ca*sd*cb**2, cc**2*cb**2;['ca', 'sb', 'sc', 'cd', 'sa', 'cc', 'sd', 'cb']
392;sb;sb_cd_sc_ca_cc_cb_sa_sd;969.807798836031;8059;1414.109375;cd*cc, ca**2, sc**2, cd**2, sb**2, cc*cb*sd, ca*cb*sd, sc*cb*sd, cd*cb*sd, sb*cb*sd, cc**2*sd, ca*cc*sd, sc*cc*sd, sb*cc*sd, sc*ca*sd, cd*ca*sd, sb*ca*sd, cd*sc*sd, sb*sc*sd, sb*cd*sd, sa**3, cb*sa**2, cc*sa**2, ca*sa**2, sc*sa**2, cd*sa**2, sb*sa**2, cb**2*sa, cc*cb*sa, ca*cb*sa, sc*cb*sa, cd*cb*sa, sb*cb*sa, cc**2*sa, ca*cc*sa, sc*cc*sa, sb*cc*sa, sc*ca*sa, cd*ca*sa, sb*ca*sa, cd*sc*sa, sb*sc*sa, sb*cd*sa, cb**3, cc*cb**2, ca*cb**2, sc*cb**2, cd*cb**2, sb*cb**2, cc**2*cb, ca*cc*cb, sc*cc*cb, sb*cc*cb, sc*ca*cb, cd*ca*cb, sb*ca*cb, cd*sc*cb, sb*sc*cb, sb*cd*cb, cc**3, ca*cc**2, sc*cc**2, sb*cc**2, sc*ca*cc, sb*ca*cc, sb*sc*cc, cd*sc*ca, sb*sc*ca, sb*cd*ca, sb*cd*sc, sd**4, sa*sd**3, cb*sd**3, cc*sd**3, ca*sd**3, sc*sd**3, cd*sd**3, sb*sd**3, sa**2*sd**2, cb*sa*sd**2, cc*sa*sd**2, ca*sa*sd**2, sc*sa*sd**2, cd*sa*sd**2, sb*sa*sd**2, cb**2*sd**2;['sb', 'cd', 'sc', 'ca', 'cc', 'cb', 'sa', 'sd']
393;cb;cb_ca_cd_cc_sc_sa_sd_sb;613.714814184932;6209;1414.109375;cc**2, cd*cc, cd**2, ca**2, cb**2, sc*sa*sb, cc*sa*sb, cd*sa*sb, ca*sa*sb, cb*sa*sb, sc**2*sb, cc*sc*sb, cd*sc*sb, ca*sc*sb, cb*sc*sb, ca*cc*sb, cb*cc*sb, ca*cd*sb, cb*cd*sb, cb*ca*sb, sd**3, sa*sd**2, sc*sd**2, cc*sd**2, cd*sd**2, ca*sd**2, cb*sd**2, sa**2*sd, sc*sa*sd, cc*sa*sd, cd*sa*sd, ca*sa*sd, cb*sa*sd, sc**2*sd, cc*sc*sd, cd*sc*sd, ca*sc*sd, cb*sc*sd, ca*cc*sd, cb*cc*sd, ca*cd*sd, cb*cd*sd, cb*ca*sd, sa**3, sc*sa**2, cc*sa**2, cd*sa**2, ca*sa**2, cb*sa**2, sc**2*sa, cc*sc*sa, cd*sc*sa, ca*sc*sa, cb*sc*sa, ca*cc*sa, cb*cc*sa, ca*cd*sa, cb*cd*sa, cb*ca*sa, sc**3, cc*sc**2, cd*sc**2, ca*sc**2, cb*sc**2, ca*cc*sc, cb*cc*sc, ca*cd*sc, cb*cd*sc, cb*ca*sc, cb*ca*cc, cb*ca*cd, sb**4, sd*sb**3, sa*sb**3, sc*sb**3, cc*sb**3, cd*sb**3, ca*sb**3, cb*sb**3, sd**2*sb**2, sa*sd*sb**2, sc*sd*sb**2, cc*sd*sb**2, cd*sd*sb**2, ca*sd*sb**2, cb*sd*sb**2, sa**2*sb**2;['cb', 'ca', 'cd', 'cc', 'sc', 'sa', 'sd', 'sb']
394;cd;cd_ca_cc_sa_sd_sc_sb_cb;1606.9839526870055;6048;1414.109375;sb**2, cc**2, cd*cc, ca**2, cd**2, sa*sc*cb, cc*sc*cb, ca*sc*cb, cd*sc*cb, sd**2*cb, sa*sd*cb, cc*sd*cb, ca*sd*cb, cd*sd*cb, sa**2*cb, cc*sa*cb, ca*sa*cb, cd*sa*cb, ca*cc*cb, cd*ca*cb, sc**2*sb, sd*sc*sb, sa*sc*sb, cc*sc*sb, ca*sc*sb, cd*sc*sb, sd**2*sb, sa*sd*sb, cc*sd*sb, ca*sd*sb, cd*sd*sb, sa**2*sb, cc*sa*sb, ca*sa*sb, cd*sa*sb, ca*cc*sb, cd*ca*sb, sc**3, sd*sc**2, sa*sc**2, cc*sc**2, ca*sc**2, cd*sc**2, sd**2*sc, sa*sd*sc, cc*sd*sc, ca*sd*sc, cd*sd*sc, sa**2*sc, cc*sa*sc, ca*sa*sc, cd*sa*sc, ca*cc*sc, cd*ca*sc, sd**3, sa*sd**2, cc*sd**2, ca*sd**2, cd*sd**2, sa**2*sd, cc*sa*sd, ca*sa*sd, cd*sa*sd, ca*cc*sd, cd*ca*sd, sa**3, cc*sa**2, ca*sa**2, cd*sa**2, ca*cc*sa, cd*ca*sa, cb**4, sb*cb**3, sc*cb**3, sd*cb**3, sa*cb**3, cc*cb**3, ca*cb**3, cd*cb**3, sc*sb*cb**2, sd*sb*cb**2, sa*sb*cb**2, cc*sb*cb**2, ca*sb*cb**2, cd*sb*cb**2, sc**2*cb**2, sd*sc*cb**2;['cd', 'ca', 'cc', 'sa', 'sd', 'sc', 'sb', 'cb']
395;sb;sb_sd_sa_cc_ca_sc_cb_cd;631.9654225209961;6569;1413.125;sd*sc, cc**2, sa**2, sd**2, sb**2, sc**2*cd, cc*sc*cd, sa*sc*cd, sb*sc*cd, ca**2*cd, cc*ca*cd, sa*ca*cd, sd*ca*cd, sb*ca*cd, sa*cc*cd, sd*cc*cd, sb*cc*cd, sd*sa*cd, sb*sa*cd, sb*sd*cd, cb**3, sc*cb**2, ca*cb**2, cc*cb**2, sa*cb**2, sd*cb**2, sb*cb**2, sc**2*cb, ca*sc*cb, cc*sc*cb, sa*sc*cb, sb*sc*cb, ca**2*cb, cc*ca*cb, sa*ca*cb, sd*ca*cb, sb*ca*cb, sa*cc*cb, sd*cc*cb, sb*cc*cb, sd*sa*cb, sb*sa*cb, sb*sd*cb, sc**3, ca*sc**2, cc*sc**2, sa*sc**2, sb*sc**2, ca**2*sc, cc*ca*sc, sa*ca*sc, sb*ca*sc, sa*cc*sc, sb*cc*sc, sb*sa*sc, ca**3, cc*ca**2, sa*ca**2, sd*ca**2, sb*ca**2, sa*cc*ca, sd*cc*ca, sb*cc*ca, sd*sa*ca, sb*sa*ca, sb*sd*ca, sd*sa*cc, sb*sa*cc, sb*sd*cc, sb*sd*sa, cd**4, cb*cd**3, sc*cd**3, ca*cd**3, cc*cd**3, sa*cd**3, sd*cd**3, sb*cd**3, cb**2*cd**2, sc*cb*cd**2, ca*cb*cd**2, cc*cb*cd**2, sa*cb*cd**2, sd*cb*cd**2, sb*cb*cd**2, ca*sc*cd**2;['sb', 'sd', 'sa', 'cc', 'ca', 'sc', 'cb', 'cd']
396;cc;cc_cd_sc_sd_sa_ca_cb_sb;450.26043190201744;5294;1412.140625;cb**2, sa**2, cd**2, cc*cd, cc**2, sd*ca*sb, sc*ca*sb, cd*ca*sb, cc*ca*sb, sd*sa*sb, sc*sa*sb, cd*sa*sb, cc*sa*sb, sd**2*sb, sc*sd*sb, cd*sd*sb, cc*sd*sb, sc**2*sb, cd*sc*sb, cc*sc*sb, ca**2*cb, sa*ca*cb, sd*ca*cb, sc*ca*cb, cd*ca*cb, cc*ca*cb, sd*sa*cb, sc*sa*cb, cd*sa*cb, cc*sa*cb, sd**2*cb, sc*sd*cb, cd*sd*cb, cc*sd*cb, sc**2*cb, cd*sc*cb, cc*sc*cb, ca**3, sa*ca**2, sd*ca**2, sc*ca**2, cd*ca**2, cc*ca**2, sd*sa*ca, sc*sa*ca, cd*sa*ca, cc*sa*ca, sd**2*ca, sc*sd*ca, cd*sd*ca, cc*sd*ca, sc**2*ca, cd*sc*ca, cc*sc*ca, sd**2*sa, sc*sd*sa, cd*sd*sa, cc*sd*sa, sc**2*sa, cd*sc*sa, cc*sc*sa, sd**3, sc*sd**2, cd*sd**2, cc*sd**2, sc**2*sd, cd*sc*sd, cc*sc*sd, sc**3, cd*sc**2, cc*sc**2, sb**4, cb*sb**3, ca*sb**3, sa*sb**3, sd*sb**3, sc*sb**3, cd*sb**3, cc*sb**3, ca*cb*sb**2, sa*cb*sb**2, sd*cb*sb**2, sc*cb*sb**2, cd*cb*sb**2, cc*cb*sb**2, ca**2*sb**2, sa*ca*sb**2;['cc', 'cd', 'sc', 'sd', 'sa', 'ca', 'cb', 'sb']
397;cd;cd_cc_sb_cb_sc_sa_ca_sd;512.0155815799953;6659;1411.15625;sa**2, sb**2, cc**2, cd*cc, cd**2, cb*sa*sd, sb*sa*sd, cc*sa*sd, cd*sa*sd, sc**2*sd, cb*sc*sd, sb*sc*sd, cc*sc*sd, cd*sc*sd, cb**2*sd, sb*cb*sd, cc*cb*sd, cd*cb*sd, cc*sb*sd, cd*sb*sd, ca**3, sa*ca**2, sc*ca**2, cb*ca**2, sb*ca**2, cc*ca**2, cd*ca**2, sc*sa*ca, cb*sa*ca, sb*sa*ca, cc*sa*ca, cd*sa*ca, sc**2*ca, cb*sc*ca, sb*sc*ca, cc*sc*ca, cd*sc*ca, cb**2*ca, sb*cb*ca, cc*cb*ca, cd*cb*ca, cc*sb*ca, cd*sb*ca, sc**2*sa, cb*sc*sa, sb*sc*sa, cc*sc*sa, cd*sc*sa, cb**2*sa, sb*cb*sa, cc*cb*sa, cd*cb*sa, cc*sb*sa, cd*sb*sa, sc**3, cb*sc**2, sb*sc**2, cc*sc**2, cd*sc**2, cb**2*sc, sb*cb*sc, cc*cb*sc, cd*cb*sc, cc*sb*sc, cd*sb*sc, cb**3, sb*cb**2, cc*cb**2, cd*cb**2, cc*sb*cb, cd*sb*cb, sd**4, ca*sd**3, sa*sd**3, sc*sd**3, cb*sd**3, sb*sd**3, cc*sd**3, cd*sd**3, ca**2*sd**2, sa*ca*sd**2, sc*ca*sd**2, cb*ca*sd**2, sb*ca*sd**2, cc*ca*sd**2, cd*ca*sd**2, sc*sa*sd**2;['cd', 'cc', 'sb', 'cb', 'sc', 'sa', 'ca', 'sd']
398;ca;ca_cb_sa_sc_sb_sd_cd_cc;767.3460532620084;5273;1411.15625;sd**2, sc*sd, sc**2, cb**2, ca**2, cd**2*cc, sd*cd*cc, sc*cd*cc, sb**2*cc, sc*sb*cc, sa*sb*cc, cb*sb*cc, ca*sb*cc, sa*sc*cc, cb*sc*cc, ca*sc*cc, sa**2*cc, cb*sa*cc, ca*sa*cc, ca*cb*cc, cd**3, sd*cd**2, sb*cd**2, sc*cd**2, sa*cd**2, cb*cd**2, ca*cd**2, sb*sd*cd, sa*sd*cd, cb*sd*cd, ca*sd*cd, sb**2*cd, sc*sb*cd, sa*sb*cd, cb*sb*cd, ca*sb*cd, sa*sc*cd, cb*sc*cd, ca*sc*cd, sa**2*cd, cb*sa*cd, ca*sa*cd, ca*cb*cd, sb**2*sd, sa*sb*sd, cb*sb*sd, ca*sb*sd, sa**2*sd, cb*sa*sd, ca*sa*sd, ca*cb*sd, sb**3, sc*sb**2, sa*sb**2, cb*sb**2, ca*sb**2, sa*sc*sb, cb*sc*sb, ca*sc*sb, sa**2*sb, cb*sa*sb, ca*sa*sb, ca*cb*sb, sa**2*sc, cb*sa*sc, ca*sa*sc, ca*cb*sc, sa**3, cb*sa**2, ca*sa**2, ca*cb*sa, cc**4, cd*cc**3, sd*cc**3, sb*cc**3, sc*cc**3, sa*cc**3, cb*cc**3, ca*cc**3, sb*cd*cc**2, sa*cd*cc**2, cb*cd*cc**2, ca*cd*cc**2, sb*sd*cc**2, sa*sd*cc**2, cb*sd*cc**2, ca*sd*cc**2;['ca', 'cb', 'sa', 'sc', 'sb', 'sd', 'cd', 'cc']
399;ca;ca_cd_sc_cc_sd_cb_sb_sa;461.7383357679937;5452;1411.15625;cb**2, cd*cc, sc**2, cd**2, ca**2, cc*cb*sa, sc*cb*sa, cd*cb*sa, ca*cb*sa, sd**2*sa, cc*sd*sa, sc*sd*sa, cd*sd*sa, ca*sd*sa, cc**2*sa, sc*cc*sa, ca*cc*sa, cd*sc*sa, ca*sc*sa, ca*cd*sa, sb**3, cb*sb**2, sd*sb**2, cc*sb**2, sc*sb**2, cd*sb**2, ca*sb**2, sd*cb*sb, cc*cb*sb, sc*cb*sb, cd*cb*sb, ca*cb*sb, sd**2*sb, cc*sd*sb, sc*sd*sb, cd*sd*sb, ca*sd*sb, cc**2*sb, sc*cc*sb, ca*cc*sb, cd*sc*sb, ca*sc*sb, ca*cd*sb, sd**2*cb, cc*sd*cb, sc*sd*cb, cd*sd*cb, ca*sd*cb, cc**2*cb, sc*cc*cb, ca*cc*cb, cd*sc*cb, ca*sc*cb, ca*cd*cb, sd**3, cc*sd**2, sc*sd**2, cd*sd**2, ca*sd**2, cc**2*sd, sc*cc*sd, ca*cc*sd, cd*sc*sd, ca*sc*sd, ca*cd*sd, cc**3, sc*cc**2, ca*cc**2, ca*sc*cc, ca*cd*sc, sa**4, sb*sa**3, cb*sa**3, sd*sa**3, cc*sa**3, sc*sa**3, cd*sa**3, ca*sa**3, sb**2*sa**2, cb*sb*sa**2, sd*sb*sa**2, cc*sb*sa**2, sc*sb*sa**2, cd*sb*sa**2, ca*sb*sa**2, sd*cb*sa**2;['ca', 'cd', 'sc', 'cc', 'sd', 'cb', 'sb', 'sa']
400;sa;sa_cc_sd_cd_ca_sc_cb_sb;610.2315486359876;5807;1411.15625;cb**2, cc*cd, sd**2, cc**2, sa**2, cd*sc*sb, sd*sc*sb, cc*sc*sb, sa*sc*sb, ca**2*sb, cd*ca*sb, sd*ca*sb, cc*ca*sb, sa*ca*sb, cd**2*sb, sd*cd*sb, sa*cd*sb, cc*sd*sb, sa*sd*sb, sa*cc*sb, sc**2*cb, ca*sc*cb, cd*sc*cb, sd*sc*cb, cc*sc*cb, sa*sc*cb, ca**2*cb, cd*ca*cb, sd*ca*cb, cc*ca*cb, sa*ca*cb, cd**2*cb, sd*cd*cb, sa*cd*cb, cc*sd*cb, sa*sd*cb, sa*cc*cb, sc**3, ca*sc**2, cd*sc**2, sd*sc**2, cc*sc**2, sa*sc**2, ca**2*sc, cd*ca*sc, sd*ca*sc, cc*ca*sc, sa*ca*sc, cd**2*sc, sd*cd*sc, sa*cd*sc, cc*sd*sc, sa*sd*sc, sa*cc*sc, ca**3, cd*ca**2, sd*ca**2, cc*ca**2, sa*ca**2, cd**2*ca, sd*cd*ca, sa*cd*ca, cc*sd*ca, sa*sd*ca, sa*cc*ca, cd**3, sd*cd**2, sa*cd**2, sa*sd*cd, sa*cc*sd, sb**4, cb*sb**3, sc*sb**3, ca*sb**3, cd*sb**3, sd*sb**3, cc*sb**3, sa*sb**3, sc*cb*sb**2, ca*cb*sb**2, cd*cb*sb**2, sd*cb*sb**2, cc*cb*sb**2, sa*cb*sb**2, sc**2*sb**2, ca*sc*sb**2;['sa', 'cc', 'sd', 'cd', 'ca', 'sc', 'cb', 'sb']
401;cc;cc_sb_sa_cb_ca_cd_sc_sd;510.6656630190555;5510;1411.15625;cd**2, cc*cd, sa**2, sb**2, cc**2, sc**2*sd, cd*sc*sd, cc*sc*sd, ca**2*sd, cb*ca*sd, sa*ca*sd, sb*ca*sd, cc*ca*sd, cb**2*sd, sa*cb*sd, sb*cb*sd, cc*cb*sd, sb*sa*sd, cc*sa*sd, cc*sb*sd, sc**3, cd*sc**2, ca*sc**2, cb*sc**2, sa*sc**2, sb*sc**2, cc*sc**2, ca*cd*sc, cb*cd*sc, sa*cd*sc, sb*cd*sc, ca**2*sc, cb*ca*sc, sa*ca*sc, sb*ca*sc, cc*ca*sc, cb**2*sc, sa*cb*sc, sb*cb*sc, cc*cb*sc, sb*sa*sc, cc*sa*sc, cc*sb*sc, ca**2*cd, cb*ca*cd, sa*ca*cd, sb*ca*cd, cb**2*cd, sa*cb*cd, sb*cb*cd, sb*sa*cd, ca**3, cb*ca**2, sa*ca**2, sb*ca**2, cc*ca**2, cb**2*ca, sa*cb*ca, sb*cb*ca, cc*cb*ca, sb*sa*ca, cc*sa*ca, cc*sb*ca, cb**3, sa*cb**2, sb*cb**2, cc*cb**2, sb*sa*cb, cc*sa*cb, cc*sb*cb, cc*sb*sa, sd**4, sc*sd**3, cd*sd**3, ca*sd**3, cb*sd**3, sa*sd**3, sb*sd**3, cc*sd**3, ca*sc*sd**2, cb*sc*sd**2, sa*sc*sd**2, sb*sc*sd**2, ca*cd*sd**2, cb*cd*sd**2, sa*cd*sd**2, sb*cd*sd**2;['cc', 'sb', 'sa', 'cb', 'ca', 'cd', 'sc', 'sd']
402;sd;sd_cc_cb_sc_sa_sb_cd_ca;456.15905349096283;6435;1411.15625;sa**2, sd*sc, cb**2, cc**2, sd**2, sa*sb*ca, sc*sb*ca, cb*sb*ca, cc*sb*ca, sd*sb*ca, sc*sa*ca, cb*sa*ca, cc*sa*ca, sd*sa*ca, sc**2*ca, cb*sc*ca, cc*sc*ca, cc*cb*ca, sd*cb*ca, sd*cc*ca, cd**3, sb*cd**2, sa*cd**2, sc*cd**2, cb*cd**2, cc*cd**2, sd*cd**2, sb**2*cd, sa*sb*cd, sc*sb*cd, cb*sb*cd, cc*sb*cd, sd*sb*cd, sc*sa*cd, cb*sa*cd, cc*sa*cd, sd*sa*cd, sc**2*cd, cb*sc*cd, cc*sc*cd, cc*cb*cd, sd*cb*cd, sd*cc*cd, sb**3, sa*sb**2, sc*sb**2, cb*sb**2, cc*sb**2, sd*sb**2, sc*sa*sb, cb*sa*sb, cc*sa*sb, sd*sa*sb, sc**2*sb, cb*sc*sb, cc*sc*sb, cc*cb*sb, sd*cb*sb, sd*cc*sb, sc**2*sa, cb*sc*sa, cc*sc*sa, cc*cb*sa, sd*cb*sa, sd*cc*sa, sc**3, cb*sc**2, cc*sc**2, cc*cb*sc, sd*cc*cb, ca**4, cd*ca**3, sb*ca**3, sa*ca**3, sc*ca**3, cb*ca**3, cc*ca**3, sd*ca**3, cd**2*ca**2, sb*cd*ca**2, sa*cd*ca**2, sc*cd*ca**2, cb*cd*ca**2, cc*cd*ca**2, sd*cd*ca**2, sb**2*ca**2;['sd', 'cc', 'cb', 'sc', 'sa', 'sb', 'cd', 'ca']
403;cb;cb_cc_sc_cd_sa_ca_sd_sb;1652.2949850989971;6564;1411.15625;sa**2, cd**2, cc*cd, cc**2, cb**2, sa*ca*sb, cd*ca*sb, sc*ca*sb, cc*ca*sb, cb*ca*sb, cd*sa*sb, sc*sa*sb, cc*sa*sb, cb*sa*sb, sc*cd*sb, cb*cd*sb, sc**2*sb, cc*sc*sb, cb*sc*sb, cb*cc*sb, sd**3, ca*sd**2, sa*sd**2, cd*sd**2, sc*sd**2, cc*sd**2, cb*sd**2, ca**2*sd, sa*ca*sd, cd*ca*sd, sc*ca*sd, cc*ca*sd, cb*ca*sd, cd*sa*sd, sc*sa*sd, cc*sa*sd, cb*sa*sd, sc*cd*sd, cb*cd*sd, sc**2*sd, cc*sc*sd, cb*sc*sd, cb*cc*sd, ca**3, sa*ca**2, cd*ca**2, sc*ca**2, cc*ca**2, cb*ca**2, cd*sa*ca, sc*sa*ca, cc*sa*ca, cb*sa*ca, sc*cd*ca, cb*cd*ca, sc**2*ca, cc*sc*ca, cb*sc*ca, cb*cc*ca, sc*cd*sa, cb*cd*sa, sc**2*sa, cc*sc*sa, cb*sc*sa, cb*cc*sa, sc**2*cd, cb*sc*cd, sc**3, cc*sc**2, cb*sc**2, cb*cc*sc, sb**4, sd*sb**3, ca*sb**3, sa*sb**3, cd*sb**3, sc*sb**3, cc*sb**3, cb*sb**3, sd**2*sb**2, ca*sd*sb**2, sa*sd*sb**2, cd*sd*sb**2, sc*sd*sb**2, cc*sd*sb**2, cb*sd*sb**2, ca**2*sb**2;['cb', 'cc', 'sc', 'cd', 'sa', 'ca', 'sd', 'sb']
404;sb;sb_sc_sd_ca_cc_cd_cb_sa;576.8390714969719;5746;1411.15625;ca**2, sd**2, sc*sd, sc**2, sb**2, cc*cd*sa, ca*cd*sa, sd*cd*sa, sc*cd*sa, sb*cd*sa, cc**2*sa, ca*cc*sa, sd*cc*sa, sc*cc*sa, sb*cc*sa, sd*ca*sa, sc*ca*sa, sb*ca*sa, sb*sd*sa, sb*sc*sa, cb**3, cd*cb**2, cc*cb**2, ca*cb**2, sd*cb**2, sc*cb**2, sb*cb**2, cd**2*cb, cc*cd*cb, ca*cd*cb, sd*cd*cb, sc*cd*cb, sb*cd*cb, cc**2*cb, ca*cc*cb, sd*cc*cb, sc*cc*cb, sb*cc*cb, sd*ca*cb, sc*ca*cb, sb*ca*cb, sb*sd*cb, sb*sc*cb, cd**3, cc*cd**2, ca*cd**2, sd*cd**2, sc*cd**2, sb*cd**2, cc**2*cd, ca*cc*cd, sd*cc*cd, sc*cc*cd, sb*cc*cd, sd*ca*cd, sc*ca*cd, sb*ca*cd, sb*sd*cd, sb*sc*cd, cc**3, ca*cc**2, sd*cc**2, sc*cc**2, sb*cc**2, sd*ca*cc, sc*ca*cc, sb*ca*cc, sb*sd*cc, sb*sc*cc, sb*sd*ca, sb*sc*ca, sa**4, cb*sa**3, cd*sa**3, cc*sa**3, ca*sa**3, sd*sa**3, sc*sa**3, sb*sa**3, cb**2*sa**2, cd*cb*sa**2, cc*cb*sa**2, ca*cb*sa**2, sd*cb*sa**2, sc*cb*sa**2, sb*cb*sa**2, cd**2*sa**2;['sb', 'sc', 'sd', 'ca', 'cc', 'cd', 'cb', 'sa']
405;sb;sb_sd_cd_sc_cb_sa_ca_cc;2541.909819605993;6742;1411.15625;sa**2, sc**2, sd*sc, sd**2, sb**2, sc*sa*cc, cd*sa*cc, sd*sa*cc, sb*sa*cc, cb**2*cc, sc*cb*cc, cd*cb*cc, sd*cb*cc, sb*cb*cc, cd*sc*cc, sb*sc*cc, cd**2*cc, sd*cd*cc, sb*cd*cc, sb*sd*cc, ca**3, sa*ca**2, cb*ca**2, sc*ca**2, cd*ca**2, sd*ca**2, sb*ca**2, cb*sa*ca, sc*sa*ca, cd*sa*ca, sd*sa*ca, sb*sa*ca, cb**2*ca, sc*cb*ca, cd*cb*ca, sd*cb*ca, sb*cb*ca, cd*sc*ca, sb*sc*ca, cd**2*ca, sd*cd*ca, sb*cd*ca, sb*sd*ca, cb**2*sa, sc*cb*sa, cd*cb*sa, sd*cb*sa, sb*cb*sa, cd*sc*sa, sb*sc*sa, cd**2*sa, sd*cd*sa, sb*cd*sa, sb*sd*sa, cb**3, sc*cb**2, cd*cb**2, sd*cb**2, sb*cb**2, cd*sc*cb, sb*sc*cb, cd**2*cb, sd*cd*cb, sb*cd*cb, sb*sd*cb, cd**2*sc, sb*cd*sc, cd**3, sd*cd**2, sb*cd**2, sb*sd*cd, cc**4, ca*cc**3, sa*cc**3, cb*cc**3, sc*cc**3, cd*cc**3, sd*cc**3, sb*cc**3, ca**2*cc**2, sa*ca*cc**2, cb*ca*cc**2, sc*ca*cc**2, cd*ca*cc**2, sd*ca*cc**2, sb*ca*cc**2, cb*sa*cc**2;['sb', 'sd', 'cd', 'sc', 'cb', 'sa', 'ca', 'cc']
406;cc;cc_sd_sa_cd_sc_ca_cb_sb;510.89458402304444;5868;1411.15625;cb**2, cc*cd, sa**2, sd**2, cc**2, cd*ca*sb, sa*ca*sb, sd*ca*sb, cc*ca*sb, sc**2*sb, cd*sc*sb, sa*sc*sb, sd*sc*sb, cc*sc*sb, cd**2*sb, sa*cd*sb, sd*cd*sb, sd*sa*sb, cc*sa*sb, cc*sd*sb, ca**2*cb, sc*ca*cb, cd*ca*cb, sa*ca*cb, sd*ca*cb, cc*ca*cb, sc**2*cb, cd*sc*cb, sa*sc*cb, sd*sc*cb, cc*sc*cb, cd**2*cb, sa*cd*cb, sd*cd*cb, sd*sa*cb, cc*sa*cb, cc*sd*cb, ca**3, sc*ca**2, cd*ca**2, sa*ca**2, sd*ca**2, cc*ca**2, sc**2*ca, cd*sc*ca, sa*sc*ca, sd*sc*ca, cc*sc*ca, cd**2*ca, sa*cd*ca, sd*cd*ca, sd*sa*ca, cc*sa*ca, cc*sd*ca, sc**3, cd*sc**2, sa*sc**2, sd*sc**2, cc*sc**2, cd**2*sc, sa*cd*sc, sd*cd*sc, sd*sa*sc, cc*sa*sc, cc*sd*sc, cd**3, sa*cd**2, sd*cd**2, sd*sa*cd, cc*sd*sa, sb**4, cb*sb**3, ca*sb**3, sc*sb**3, cd*sb**3, sa*sb**3, sd*sb**3, cc*sb**3, ca*cb*sb**2, sc*cb*sb**2, cd*cb*sb**2, sa*cb*sb**2, sd*cb*sb**2, cc*cb*sb**2, ca**2*sb**2, sc*ca*sb**2;['cc', 'sd', 'sa', 'cd', 'sc', 'ca', 'cb', 'sb']
407;cd;cd_sd_cb_cc_sb_sa_ca_sc;529.616974343895;7044;1411.15625;sa**2, cc**2, cd*cc, cb**2, cd**2, cc*sa*sc, cb*sa*sc, sd*sa*sc, cd*sa*sc, sb**2*sc, cc*sb*sc, cb*sb*sc, sd*sb*sc, cd*sb*sc, cb*cc*sc, sd*cc*sc, sd*cb*sc, cd*cb*sc, sd**2*sc, cd*sd*sc, ca**3, sa*ca**2, sb*ca**2, cc*ca**2, cb*ca**2, sd*ca**2, cd*ca**2, sb*sa*ca, cc*sa*ca, cb*sa*ca, sd*sa*ca, cd*sa*ca, sb**2*ca, cc*sb*ca, cb*sb*ca, sd*sb*ca, cd*sb*ca, cb*cc*ca, sd*cc*ca, sd*cb*ca, cd*cb*ca, sd**2*ca, cd*sd*ca, sb**2*sa, cc*sb*sa, cb*sb*sa, sd*sb*sa, cd*sb*sa, cb*cc*sa, sd*cc*sa, sd*cb*sa, cd*cb*sa, sd**2*sa, cd*sd*sa, sb**3, cc*sb**2, cb*sb**2, sd*sb**2, cd*sb**2, cb*cc*sb, sd*cc*sb, sd*cb*sb, cd*cb*sb, sd**2*sb, cd*sd*sb, sd*cb*cc, sd**2*cc, sd**2*cb, cd*sd*cb, sd**3, cd*sd**2, sc**4, ca*sc**3, sa*sc**3, sb*sc**3, cc*sc**3, cb*sc**3, sd*sc**3, cd*sc**3, ca**2*sc**2, sa*ca*sc**2, sb*ca*sc**2, cc*ca*sc**2, cb*ca*sc**2, sd*ca*sc**2, cd*ca*sc**2, sb*sa*sc**2;['cd', 'sd', 'cb', 'cc', 'sb', 'sa', 'ca', 'sc']
408;ca;ca_cd_sb_sc_cc_sa_cb_sd;665.744244348025;7213;1411.15625;cd*cc, sc**2, sb**2, cd**2, ca**2, cc*sa*sd, sc*sa*sd, sb*sa*sd, cd*sa*sd, ca*sa*sd, cc**2*sd, sc*cc*sd, sb*cc*sd, ca*cc*sd, sb*sc*sd, cd*sc*sd, ca*sc*sd, cd*sb*sd, ca*sb*sd, ca*cd*sd, cb**3, sa*cb**2, cc*cb**2, sc*cb**2, sb*cb**2, cd*cb**2, ca*cb**2, sa**2*cb, cc*sa*cb, sc*sa*cb, sb*sa*cb, cd*sa*cb, ca*sa*cb, cc**2*cb, sc*cc*cb, sb*cc*cb, ca*cc*cb, sb*sc*cb, cd*sc*cb, ca*sc*cb, cd*sb*cb, ca*sb*cb, ca*cd*cb, sa**3, cc*sa**2, sc*sa**2, sb*sa**2, cd*sa**2, ca*sa**2, cc**2*sa, sc*cc*sa, sb*cc*sa, ca*cc*sa, sb*sc*sa, cd*sc*sa, ca*sc*sa, cd*sb*sa, ca*sb*sa, ca*cd*sa, cc**3, sc*cc**2, sb*cc**2, ca*cc**2, sb*sc*cc, ca*sc*cc, ca*sb*cc, cd*sb*sc, ca*sb*sc, ca*cd*sc, ca*cd*sb, sd**4, cb*sd**3, sa*sd**3, cc*sd**3, sc*sd**3, sb*sd**3, cd*sd**3, ca*sd**3, cb**2*sd**2, sa*cb*sd**2, cc*cb*sd**2, sc*cb*sd**2, sb*cb*sd**2, cd*cb*sd**2, ca*cb*sd**2, sa**2*sd**2;['ca', 'cd', 'sb', 'sc', 'cc', 'sa', 'cb', 'sd']
409;sc;sc_sd_sa_cc_cb_cd_ca_sb;579.9385500469944;6055;1411.15625;cb**2, sa**2, sd**2, sc*sd, sc**2, cb*cd*sb, cc*cd*sb, sa*cd*sb, sd*cd*sb, sc*cd*sb, cc*cb*sb, sa*cb*sb, sd*cb*sb, sc*cb*sb, cc**2*sb, sa*cc*sb, sd*cc*sb, sc*cc*sb, sd*sa*sb, sc*sa*sb, ca**3, cd*ca**2, cb*ca**2, cc*ca**2, sa*ca**2, sd*ca**2, sc*ca**2, cd**2*ca, cb*cd*ca, cc*cd*ca, sa*cd*ca, sd*cd*ca, sc*cd*ca, cc*cb*ca, sa*cb*ca, sd*cb*ca, sc*cb*ca, cc**2*ca, sa*cc*ca, sd*cc*ca, sc*cc*ca, sd*sa*ca, sc*sa*ca, cd**3, cb*cd**2, cc*cd**2, sa*cd**2, sd*cd**2, sc*cd**2, cc*cb*cd, sa*cb*cd, sd*cb*cd, sc*cb*cd, cc**2*cd, sa*cc*cd, sd*cc*cd, sc*cc*cd, sd*sa*cd, sc*sa*cd, cc**2*cb, sa*cc*cb, sd*cc*cb, sc*cc*cb, sd*sa*cb, sc*sa*cb, cc**3, sa*cc**2, sd*cc**2, sc*cc**2, sd*sa*cc, sc*sa*cc, sb**4, ca*sb**3, cd*sb**3, cb*sb**3, cc*sb**3, sa*sb**3, sd*sb**3, sc*sb**3, ca**2*sb**2, cd*ca*sb**2, cb*ca*sb**2, cc*ca*sb**2, sa*ca*sb**2, sd*ca*sb**2, sc*ca*sb**2, cd**2*sb**2;['sc', 'sd', 'sa', 'cc', 'cb', 'cd', 'ca', 'sb']
410;ca;ca_cd_sa_sc_cc_sb_cb_sd;658.8648634060519;5843;1411.15625;sb**2, cd*cc, sc**2, cd**2, ca**2, sc*sb*sd, sa*sb*sd, cd*sb*sd, ca*sb*sd, cc**2*sd, sc*cc*sd, sa*cc*sd, ca*cc*sd, sa*sc*sd, cd*sc*sd, ca*sc*sd, sa**2*sd, cd*sa*sd, ca*sa*sd, ca*cd*sd, cb**3, sb*cb**2, cc*cb**2, sc*cb**2, sa*cb**2, cd*cb**2, ca*cb**2, cc*sb*cb, sc*sb*cb, sa*sb*cb, cd*sb*cb, ca*sb*cb, cc**2*cb, sc*cc*cb, sa*cc*cb, ca*cc*cb, sa*sc*cb, cd*sc*cb, ca*sc*cb, sa**2*cb, cd*sa*cb, ca*sa*cb, ca*cd*cb, cc**2*sb, sc*cc*sb, sa*cc*sb, ca*cc*sb, sa*sc*sb, cd*sc*sb, ca*sc*sb, sa**2*sb, cd*sa*sb, ca*sa*sb, ca*cd*sb, cc**3, sc*cc**2, sa*cc**2, ca*cc**2, sa*sc*cc, ca*sc*cc, sa**2*cc, ca*sa*cc, sa**2*sc, cd*sa*sc, ca*sa*sc, ca*cd*sc, sa**3, cd*sa**2, ca*sa**2, ca*cd*sa, sd**4, cb*sd**3, sb*sd**3, cc*sd**3, sc*sd**3, sa*sd**3, cd*sd**3, ca*sd**3, cb**2*sd**2, sb*cb*sd**2, cc*cb*sd**2, sc*cb*sd**2, sa*cb*sd**2, cd*cb*sd**2, ca*cb*sd**2, cc*sb*sd**2;['ca', 'cd', 'sa', 'sc', 'cc', 'sb', 'cb', 'sd']
411;cd;cd_ca_cb_sb_cc_sd_sc_sa;1863.356268274947;6417;1411.15625;cc**2, cd*cc, cb**2, ca**2, cd**2, cc*sd*sa, sb*sd*sa, cb*sd*sa, ca*sd*sa, cd*sd*sa, sb*cc*sa, cb*cc*sa, ca*cc*sa, sb**2*sa, cb*sb*sa, ca*sb*sa, cd*sb*sa, ca*cb*sa, cd*cb*sa, cd*ca*sa, sc**3, sd*sc**2, cc*sc**2, sb*sc**2, cb*sc**2, ca*sc**2, cd*sc**2, sd**2*sc, cc*sd*sc, sb*sd*sc, cb*sd*sc, ca*sd*sc, cd*sd*sc, sb*cc*sc, cb*cc*sc, ca*cc*sc, sb**2*sc, cb*sb*sc, ca*sb*sc, cd*sb*sc, ca*cb*sc, cd*cb*sc, cd*ca*sc, sd**3, cc*sd**2, sb*sd**2, cb*sd**2, ca*sd**2, cd*sd**2, sb*cc*sd, cb*cc*sd, ca*cc*sd, sb**2*sd, cb*sb*sd, ca*sb*sd, cd*sb*sd, ca*cb*sd, cd*cb*sd, cd*ca*sd, sb**2*cc, cb*sb*cc, ca*sb*cc, ca*cb*cc, sb**3, cb*sb**2, ca*sb**2, cd*sb**2, ca*cb*sb, cd*cb*sb, cd*ca*sb, cd*ca*cb, sa**4, sc*sa**3, sd*sa**3, cc*sa**3, sb*sa**3, cb*sa**3, ca*sa**3, cd*sa**3, sc**2*sa**2, sd*sc*sa**2, cc*sc*sa**2, sb*sc*sa**2, cb*sc*sa**2, ca*sc*sa**2, cd*sc*sa**2, sd**2*sa**2;['cd', 'ca', 'cb', 'sb', 'cc', 'sd', 'sc', 'sa']
412;cd;cd_cc_sa_sc_cb_sd_sb_ca;562.2484527090564;5564;1411.15625;cb**2, sa**2, cc**2, cd*cc, cd**2, cb*sd*ca, sc*sd*ca, sa*sd*ca, cc*sd*ca, cd*sd*ca, sc*cb*ca, sa*cb*ca, cc*cb*ca, cd*cb*ca, sc**2*ca, sa*sc*ca, cc*sc*ca, cd*sc*ca, cc*sa*ca, cd*sa*ca, sb**3, sd*sb**2, cb*sb**2, sc*sb**2, sa*sb**2, cc*sb**2, cd*sb**2, sd**2*sb, cb*sd*sb, sc*sd*sb, sa*sd*sb, cc*sd*sb, cd*sd*sb, sc*cb*sb, sa*cb*sb, cc*cb*sb, cd*cb*sb, sc**2*sb, sa*sc*sb, cc*sc*sb, cd*sc*sb, cc*sa*sb, cd*sa*sb, sd**3, cb*sd**2, sc*sd**2, sa*sd**2, cc*sd**2, cd*sd**2, sc*cb*sd, sa*cb*sd, cc*cb*sd, cd*cb*sd, sc**2*sd, sa*sc*sd, cc*sc*sd, cd*sc*sd, cc*sa*sd, cd*sa*sd, sc**2*cb, sa*sc*cb, cc*sc*cb, cd*sc*cb, cc*sa*cb, cd*sa*cb, sc**3, sa*sc**2, cc*sc**2, cd*sc**2, cc*sa*sc, cd*sa*sc, ca**4, sb*ca**3, sd*ca**3, cb*ca**3, sc*ca**3, sa*ca**3, cc*ca**3, cd*ca**3, sb**2*ca**2, sd*sb*ca**2, cb*sb*ca**2, sc*sb*ca**2, sa*sb*ca**2, cc*sb*ca**2, cd*sb*ca**2, sd**2*ca**2;['cd', 'cc', 'sa', 'sc', 'cb', 'sd', 'sb', 'ca']
413;sb;sb_ca_sc_cb_cd_sd_cc_sa;732.9506928779883;6205;1411.15625;sc*sd, cd**2, sc**2, ca**2, sb**2, cd*sd*sa, cb*sd*sa, ca*sd*sa, sb*sd*sa, cb*cd*sa, sc*cd*sa, ca*cd*sa, sb*cd*sa, cb**2*sa, sc*cb*sa, ca*cb*sa, sb*cb*sa, ca*sc*sa, sb*sc*sa, sb*ca*sa, cc**3, sd*cc**2, cd*cc**2, cb*cc**2, sc*cc**2, ca*cc**2, sb*cc**2, sd**2*cc, cd*sd*cc, cb*sd*cc, ca*sd*cc, sb*sd*cc, cb*cd*cc, sc*cd*cc, ca*cd*cc, sb*cd*cc, cb**2*cc, sc*cb*cc, ca*cb*cc, sb*cb*cc, ca*sc*cc, sb*sc*cc, sb*ca*cc, sd**3, cd*sd**2, cb*sd**2, ca*sd**2, sb*sd**2, cb*cd*sd, ca*cd*sd, sb*cd*sd, cb**2*sd, ca*cb*sd, sb*cb*sd, sb*ca*sd, cb**2*cd, sc*cb*cd, ca*cb*cd, sb*cb*cd, ca*sc*cd, sb*sc*cd, sb*ca*cd, cb**3, sc*cb**2, ca*cb**2, sb*cb**2, ca*sc*cb, sb*sc*cb, sb*ca*cb, sb*ca*sc, sa**4, cc*sa**3, sd*sa**3, cd*sa**3, cb*sa**3, sc*sa**3, ca*sa**3, sb*sa**3, cc**2*sa**2, sd*cc*sa**2, cd*cc*sa**2, cb*cc*sa**2, sc*cc*sa**2, ca*cc*sa**2, sb*cc*sa**2, sd**2*sa**2;['sb', 'ca', 'sc', 'cb', 'cd', 'sd', 'cc', 'sa']
414;sb;sb_cd_sc_cb_sd_cc_ca_sa;851.3491474909242;6211;1411.15625;ca**2, sc*sd, sc**2, cd**2, sb**2, cb*cc*sa, sc*cc*sa, cd*cc*sa, sb*cc*sa, sd**2*sa, cb*sd*sa, cd*sd*sa, sb*sd*sa, cb**2*sa, sc*cb*sa, cd*cb*sa, sb*cb*sa, cd*sc*sa, sb*sc*sa, sb*cd*sa, cc**2*ca, sd*cc*ca, cb*cc*ca, sc*cc*ca, cd*cc*ca, sb*cc*ca, sd**2*ca, cb*sd*ca, cd*sd*ca, sb*sd*ca, cb**2*ca, sc*cb*ca, cd*cb*ca, sb*cb*ca, cd*sc*ca, sb*sc*ca, sb*cd*ca, cc**3, sd*cc**2, cb*cc**2, sc*cc**2, cd*cc**2, sb*cc**2, sd**2*cc, cb*sd*cc, cd*sd*cc, sb*sd*cc, cb**2*cc, sc*cb*cc, cd*cb*cc, sb*cb*cc, cd*sc*cc, sb*sc*cc, sb*cd*cc, sd**3, cb*sd**2, cd*sd**2, sb*sd**2, cb**2*sd, cd*cb*sd, sb*cb*sd, sb*cd*sd, cb**3, sc*cb**2, cd*cb**2, sb*cb**2, cd*sc*cb, sb*sc*cb, sb*cd*cb, sb*cd*sc, sa**4, ca*sa**3, cc*sa**3, sd*sa**3, cb*sa**3, sc*sa**3, cd*sa**3, sb*sa**3, cc*ca*sa**2, sd*ca*sa**2, cb*ca*sa**2, sc*ca*sa**2, cd*ca*sa**2, sb*ca*sa**2, cc**2*sa**2, sd*cc*sa**2;['sb', 'cd', 'sc', 'cb', 'sd', 'cc', 'ca', 'sa']
415;sb;sb_sc_cc_cd_cb_sd_ca_sa;495.5307739189593;6066;1411.15625;ca**2, cd**2, cc*cd, sc**2, sb**2, cd*sd*sa, cc*sd*sa, sc*sd*sa, sb*sd*sa, cb**2*sa, cd*cb*sa, cc*cb*sa, sc*cb*sa, sb*cb*sa, sc*cd*sa, sb*cd*sa, cc**2*sa, sc*cc*sa, sb*cc*sa, sb*sc*sa, sd**2*ca, cb*sd*ca, cd*sd*ca, cc*sd*ca, sc*sd*ca, sb*sd*ca, cb**2*ca, cd*cb*ca, cc*cb*ca, sc*cb*ca, sb*cb*ca, sc*cd*ca, sb*cd*ca, cc**2*ca, sc*cc*ca, sb*cc*ca, sb*sc*ca, sd**3, cb*sd**2, cd*sd**2, cc*sd**2, sc*sd**2, sb*sd**2, cb**2*sd, cd*cb*sd, cc*cb*sd, sc*cb*sd, sb*cb*sd, sc*cd*sd, sb*cd*sd, cc**2*sd, sc*cc*sd, sb*cc*sd, sb*sc*sd, cb**3, cd*cb**2, cc*cb**2, sc*cb**2, sb*cb**2, sc*cd*cb, sb*cd*cb, cc**2*cb, sc*cc*cb, sb*cc*cb, sb*sc*cb, sb*sc*cd, cc**3, sc*cc**2, sb*cc**2, sb*sc*cc, sa**4, ca*sa**3, sd*sa**3, cb*sa**3, cd*sa**3, cc*sa**3, sc*sa**3, sb*sa**3, sd*ca*sa**2, cb*ca*sa**2, cd*ca*sa**2, cc*ca*sa**2, sc*ca*sa**2, sb*ca*sa**2, sd**2*sa**2, cb*sd*sa**2;['sb', 'sc', 'cc', 'cd', 'cb', 'sd', 'ca', 'sa']
416;sb;sb_cc_sa_cd_sc_cb_sd_ca;521.6426428769482;6480;1411.15625;cd**2, cc*cd, sa**2, cc**2, sb**2, sc*cb*ca, cd*cb*ca, sa*cb*ca, cc*cb*ca, sb*cb*ca, sc**2*ca, cd*sc*ca, sa*sc*ca, cc*sc*ca, sb*sc*ca, sa*cd*ca, sb*cd*ca, cc*sa*ca, sb*sa*ca, sb*cc*ca, sd**3, cb*sd**2, sc*sd**2, cd*sd**2, sa*sd**2, cc*sd**2, sb*sd**2, cb**2*sd, sc*cb*sd, cd*cb*sd, sa*cb*sd, cc*cb*sd, sb*cb*sd, sc**2*sd, cd*sc*sd, sa*sc*sd, cc*sc*sd, sb*sc*sd, sa*cd*sd, sb*cd*sd, cc*sa*sd, sb*sa*sd, sb*cc*sd, cb**3, sc*cb**2, cd*cb**2, sa*cb**2, cc*cb**2, sb*cb**2, sc**2*cb, cd*sc*cb, sa*sc*cb, cc*sc*cb, sb*sc*cb, sa*cd*cb, sb*cd*cb, cc*sa*cb, sb*sa*cb, sb*cc*cb, sc**3, cd*sc**2, sa*sc**2, cc*sc**2, sb*sc**2, sa*cd*sc, sb*cd*sc, cc*sa*sc, sb*sa*sc, sb*cc*sc, sb*sa*cd, sb*cc*sa, ca**4, sd*ca**3, cb*ca**3, sc*ca**3, cd*ca**3, sa*ca**3, cc*ca**3, sb*ca**3, sd**2*ca**2, cb*sd*ca**2, sc*sd*ca**2, cd*sd*ca**2, sa*sd*ca**2, cc*sd*ca**2, sb*sd*ca**2, cb**2*ca**2;['sb', 'cc', 'sa', 'cd', 'sc', 'cb', 'sd', 'ca']
417;sa;sa_cd_cb_ca_sd_cc_sc_sb;706.4232320979936;6511;1411.15625;cc**2, cd*cc, cb**2, cd**2, sa**2, ca*cc*sb, cb*cc*sb, sa*cc*sb, sd**2*sb, ca*sd*sb, cb*sd*sb, cd*sd*sb, sa*sd*sb, ca**2*sb, cb*ca*sb, cd*ca*sb, sa*ca*sb, cd*cb*sb, sa*cb*sb, sa*cd*sb, sc**3, cc*sc**2, sd*sc**2, ca*sc**2, cb*sc**2, cd*sc**2, sa*sc**2, sd*cc*sc, ca*cc*sc, cb*cc*sc, sa*cc*sc, sd**2*sc, ca*sd*sc, cb*sd*sc, cd*sd*sc, sa*sd*sc, ca**2*sc, cb*ca*sc, cd*ca*sc, sa*ca*sc, cd*cb*sc, sa*cb*sc, sa*cd*sc, sd**2*cc, ca*sd*cc, cb*sd*cc, sa*sd*cc, ca**2*cc, cb*ca*cc, sa*ca*cc, sa*cb*cc, sd**3, ca*sd**2, cb*sd**2, cd*sd**2, sa*sd**2, ca**2*sd, cb*ca*sd, cd*ca*sd, sa*ca*sd, cd*cb*sd, sa*cb*sd, sa*cd*sd, ca**3, cb*ca**2, cd*ca**2, sa*ca**2, cd*cb*ca, sa*cb*ca, sa*cd*ca, sa*cd*cb, sb**4, sc*sb**3, cc*sb**3, sd*sb**3, ca*sb**3, cb*sb**3, cd*sb**3, sa*sb**3, sc**2*sb**2, cc*sc*sb**2, sd*sc*sb**2, ca*sc*sb**2, cb*sc*sb**2, cd*sc*sb**2, sa*sc*sb**2, sd*cc*sb**2;['sa', 'cd', 'cb', 'ca', 'sd', 'cc', 'sc', 'sb']
418;cb;cb_sd_sb_cd_sa_sc_cc_ca;524.5167471800232;6468;1411.15625;sc**2, sd*sc, sa**2, sd**2, cb**2, cd*sc*ca, sb*sc*ca, cb*sc*ca, cd*sa*ca, sb*sa*ca, sd*sa*ca, cb*sa*ca, cd**2*ca, sb*cd*ca, sd*cd*ca, cb*cd*ca, sb**2*ca, sd*sb*ca, cb*sb*ca, cb*sd*ca, cc**3, sc*cc**2, sa*cc**2, cd*cc**2, sb*cc**2, sd*cc**2, cb*cc**2, sa*sc*cc, cd*sc*cc, sb*sc*cc, cb*sc*cc, cd*sa*cc, sb*sa*cc, sd*sa*cc, cb*sa*cc, cd**2*cc, sb*cd*cc, sd*cd*cc, cb*cd*cc, sb**2*cc, sd*sb*cc, cb*sb*cc, cb*sd*cc, cd*sa*sc, sb*sa*sc, cb*sa*sc, cd**2*sc, sb*cd*sc, cb*cd*sc, sb**2*sc, cb*sb*sc, cd**2*sa, sb*cd*sa, sd*cd*sa, cb*cd*sa, sb**2*sa, sd*sb*sa, cb*sb*sa, cb*sd*sa, cd**3, sb*cd**2, sd*cd**2, cb*cd**2, sb**2*cd, sd*sb*cd, cb*sb*cd, cb*sd*cd, sb**3, sd*sb**2, cb*sb**2, cb*sd*sb, ca**4, cc*ca**3, sc*ca**3, sa*ca**3, cd*ca**3, sb*ca**3, sd*ca**3, cb*ca**3, cc**2*ca**2, sc*cc*ca**2, sa*cc*ca**2, cd*cc*ca**2, sb*cc*ca**2, sd*cc*ca**2, cb*cc*ca**2, sa*sc*ca**2;['cb', 'sd', 'sb', 'cd', 'sa', 'sc', 'cc', 'ca']
419;sd;sd_sc_cd_cb_ca_sa_cc_sb;630.3082523070043;6564;1411.15625;ca**2, cb**2, sc**2, sd*sc, sd**2, ca*sa*sb, cb*sa*sb, cd*sa*sb, sc*sa*sb, sd*sa*sb, cb*ca*sb, cd*ca*sb, sc*ca*sb, sd*ca*sb, cd*cb*sb, sc*cb*sb, sd*cb*sb, cd**2*sb, sc*cd*sb, sd*cd*sb, cc**3, sa*cc**2, ca*cc**2, cb*cc**2, cd*cc**2, sc*cc**2, sd*cc**2, sa**2*cc, ca*sa*cc, cb*sa*cc, cd*sa*cc, sc*sa*cc, sd*sa*cc, cb*ca*cc, cd*ca*cc, sc*ca*cc, sd*ca*cc, cd*cb*cc, sc*cb*cc, sd*cb*cc, cd**2*cc, sc*cd*cc, sd*cd*cc, sa**3, ca*sa**2, cb*sa**2, cd*sa**2, sc*sa**2, sd*sa**2, cb*ca*sa, cd*ca*sa, sc*ca*sa, sd*ca*sa, cd*cb*sa, sc*cb*sa, sd*cb*sa, cd**2*sa, sc*cd*sa, sd*cd*sa, cd*cb*ca, sc*cb*ca, sd*cb*ca, cd**2*ca, sc*cd*ca, sd*cd*ca, cd**2*cb, sc*cd*cb, sd*cd*cb, cd**3, sc*cd**2, sd*cd**2, sb**4, cc*sb**3, sa*sb**3, ca*sb**3, cb*sb**3, cd*sb**3, sc*sb**3, sd*sb**3, cc**2*sb**2, sa*cc*sb**2, ca*cc*sb**2, cb*cc*sb**2, cd*cc*sb**2, sc*cc*sb**2, sd*cc*sb**2, sa**2*sb**2;['sd', 'sc', 'cd', 'cb', 'ca', 'sa', 'cc', 'sb']
420;sb;sb_sc_cb_ca_cc_sa_sd_cd;776.4357367720222;5351;1411.15625;sd**2, sc*sd, ca**2, sc**2, sb**2, cc*sd*cd, sc*sa*cd, sb*sa*cd, cc**2*cd, ca*cc*cd, cb*cc*cd, sc*cc*cd, sb*cc*cd, cb*ca*cd, sc*ca*cd, sb*ca*cd, cb**2*cd, sc*cb*cd, sb*cb*cd, sb*sc*cd, sa**2*sd, cc*sa*sd, ca*sa*sd, cb*sa*sd, sb*sa*sd, cc**2*sd, ca*cc*sd, cb*cc*sd, sb*cc*sd, cb*ca*sd, sb*ca*sd, cb**2*sd, sb*cb*sd, sa**3, cc*sa**2, ca*sa**2, cb*sa**2, sc*sa**2, sb*sa**2, cc**2*sa, ca*cc*sa, cb*cc*sa, sc*cc*sa, sb*cc*sa, cb*ca*sa, sc*ca*sa, sb*ca*sa, cb**2*sa, sc*cb*sa, sb*cb*sa, sb*sc*sa, cc**3, ca*cc**2, cb*cc**2, sc*cc**2, sb*cc**2, cb*ca*cc, sc*ca*cc, sb*ca*cc, cb**2*cc, sc*cb*cc, sb*cb*cc, sb*sc*cc, cb**2*ca, sc*cb*ca, sb*cb*ca, sb*sc*ca, cb**3, sc*cb**2, sb*cb**2, sb*sc*cb, cd**4, sd*cd**3, sa*cd**3, cc*cd**3, ca*cd**3, cb*cd**3, sc*cd**3, sb*cd**3, sa*sd*cd**2, ca*sd*cd**2, cb*sd*cd**2, sb*sd*cd**2, sa**2*cd**2, cc*sa*cd**2, ca*sa*cd**2, cb*sa*cd**2;['sb', 'sc', 'cb', 'ca', 'cc', 'sa', 'sd', 'cd']
421;cd;cd_cb_sd_sb_cc_sa_sc_ca;1072.8777513409732;6336;1411.15625;sa**2, cc**2, cd*cc, cb**2, cd**2, sb*sa*ca, sd*sa*ca, cb*sa*ca, cd*sa*ca, sb*cc*ca, sd*cc*ca, cb*cc*ca, sb**2*ca, sd*sb*ca, cb*sb*ca, cd*sb*ca, sd**2*ca, cb*sd*ca, cd*sd*ca, cd*cb*ca, sc**3, sa*sc**2, cc*sc**2, sb*sc**2, sd*sc**2, cb*sc**2, cd*sc**2, cc*sa*sc, sb*sa*sc, sd*sa*sc, cb*sa*sc, cd*sa*sc, sb*cc*sc, sd*cc*sc, cb*cc*sc, sb**2*sc, sd*sb*sc, cb*sb*sc, cd*sb*sc, sd**2*sc, cb*sd*sc, cd*sd*sc, cd*cb*sc, sb*cc*sa, sd*cc*sa, cb*cc*sa, sb**2*sa, sd*sb*sa, cb*sb*sa, cd*sb*sa, sd**2*sa, cb*sd*sa, cd*sd*sa, cd*cb*sa, sb**2*cc, sd*sb*cc, cb*sb*cc, sd**2*cc, cb*sd*cc, sb**3, sd*sb**2, cb*sb**2, cd*sb**2, sd**2*sb, cb*sd*sb, cd*sd*sb, cd*cb*sb, sd**3, cb*sd**2, cd*sd**2, cd*cb*sd, ca**4, sc*ca**3, sa*ca**3, cc*ca**3, sb*ca**3, sd*ca**3, cb*ca**3, cd*ca**3, sc**2*ca**2, sa*sc*ca**2, cc*sc*ca**2, sb*sc*ca**2, sd*sc*ca**2, cb*sc*ca**2, cd*sc*ca**2, cc*sa*ca**2;['cd', 'cb', 'sd', 'sb', 'cc', 'sa', 'sc', 'ca']
422;sd;sd_cb_sa_ca_sc_sb_cc_cd;394.4903463619994;5251;1411.15625;sc**2, sd*sc, sa**2, cb**2, sd**2, cc**2*cd, sc*cc*cd, sd*cc*cd, cb*sb*cd, sd*sb*cd, ca*sc*cd, sa*sc*cd, cb*sc*cd, ca**2*cd, sa*ca*cd, cb*ca*cd, sd*ca*cd, cb*sa*cd, sd*sa*cd, sd*cb*cd, cc**3, sb*cc**2, sc*cc**2, ca*cc**2, sa*cc**2, cb*cc**2, sd*cc**2, sb**2*cc, sc*sb*cc, ca*sb*cc, sa*sb*cc, cb*sb*cc, sd*sb*cc, ca*sc*cc, sa*sc*cc, cb*sc*cc, ca**2*cc, sa*ca*cc, cb*ca*cc, sd*ca*cc, cb*sa*cc, sd*sa*cc, sd*cb*cc, sb**3, sc*sb**2, ca*sb**2, sa*sb**2, cb*sb**2, sd*sb**2, ca*sc*sb, sa*sc*sb, cb*sc*sb, ca**2*sb, sa*ca*sb, cb*ca*sb, sd*ca*sb, cb*sa*sb, sd*sa*sb, sd*cb*sb, ca**2*sc, sa*ca*sc, cb*ca*sc, cb*sa*sc, ca**3, sa*ca**2, cb*ca**2, sd*ca**2, cb*sa*ca, sd*sa*ca, sd*cb*ca, sd*cb*sa, cd**4, cc*cd**3, sb*cd**3, sc*cd**3, ca*cd**3, sa*cd**3, cb*cd**3, sd*cd**3, sb*cc*cd**2, ca*cc*cd**2, sa*cc*cd**2, cb*cc*cd**2, sb**2*cd**2, sc*sb*cd**2, ca*sb*cd**2, sa*sb*cd**2;['sd', 'cb', 'sa', 'ca', 'sc', 'sb', 'cc', 'cd']
423;sd;sd_cb_sa_sb_sc_ca_cd_cc;1487.3247768610017;5577;1411.15625;sc**2, sd*sc, sa**2, cb**2, sd**2, cd**2*cc, sc*cd*cc, sd*cd*cc, cb*ca*cc, sd*ca*cc, sb*sc*cc, sa*sc*cc, cb*sc*cc, sb**2*cc, sa*sb*cc, cb*sb*cc, sd*sb*cc, cb*sa*cc, sd*sa*cc, sd*cb*cc, cd**3, ca*cd**2, sc*cd**2, sb*cd**2, sa*cd**2, cb*cd**2, sd*cd**2, ca**2*cd, sc*ca*cd, sb*ca*cd, sa*ca*cd, cb*ca*cd, sd*ca*cd, sb*sc*cd, sa*sc*cd, cb*sc*cd, sb**2*cd, sa*sb*cd, cb*sb*cd, sd*sb*cd, cb*sa*cd, sd*sa*cd, sd*cb*cd, ca**3, sc*ca**2, sb*ca**2, sa*ca**2, cb*ca**2, sd*ca**2, sb*sc*ca, sa*sc*ca, cb*sc*ca, sb**2*ca, sa*sb*ca, cb*sb*ca, sd*sb*ca, cb*sa*ca, sd*sa*ca, sd*cb*ca, sb**2*sc, sa*sb*sc, cb*sb*sc, cb*sa*sc, sb**3, sa*sb**2, cb*sb**2, sd*sb**2, cb*sa*sb, sd*sa*sb, sd*cb*sb, sd*cb*sa, cc**4, cd*cc**3, ca*cc**3, sc*cc**3, sb*cc**3, sa*cc**3, cb*cc**3, sd*cc**3, ca*cd*cc**2, sb*cd*cc**2, sa*cd*cc**2, cb*cd*cc**2, ca**2*cc**2, sc*ca*cc**2, sb*ca*cc**2, sa*ca*cc**2;['sd', 'cb', 'sa', 'sb', 'sc', 'ca', 'cd', 'cc']
424;cb;cb_sb_sd_cd_ca_cc_sc_sa;375.70270730601624;5829;1411.15625;cc**2, cd*cc, ca**2, sd**2, cb**2, sd*cc*sa, sb*cc*sa, cb*cc*sa, cd*ca*sa, sd*ca*sa, sb*ca*sa, cb*ca*sa, cd**2*sa, sd*cd*sa, sb*cd*sa, cb*cd*sa, sb*sd*sa, cb*sd*sa, sb**2*sa, cb*sb*sa, sc**3, cc*sc**2, ca*sc**2, cd*sc**2, sd*sc**2, sb*sc**2, cb*sc**2, ca*cc*sc, sd*cc*sc, sb*cc*sc, cb*cc*sc, cd*ca*sc, sd*ca*sc, sb*ca*sc, cb*ca*sc, cd**2*sc, sd*cd*sc, sb*cd*sc, cb*cd*sc, sb*sd*sc, cb*sd*sc, sb**2*sc, cb*sb*sc, sd*ca*cc, sb*ca*cc, cb*ca*cc, sb*sd*cc, cb*sd*cc, sb**2*cc, cb*sb*cc, cd**2*ca, sd*cd*ca, sb*cd*ca, cb*cd*ca, sb*sd*ca, cb*sd*ca, sb**2*ca, cb*sb*ca, cd**3, sd*cd**2, sb*cd**2, cb*cd**2, sb*sd*cd, cb*sd*cd, sb**2*cd, cb*sb*cd, sb**2*sd, cb*sb*sd, sb**3, cb*sb**2, sa**4, sc*sa**3, cc*sa**3, ca*sa**3, cd*sa**3, sd*sa**3, sb*sa**3, cb*sa**3, sc**2*sa**2, cc*sc*sa**2, ca*sc*sa**2, cd*sc*sa**2, sd*sc*sa**2, sb*sc*sa**2, cb*sc*sa**2, ca*cc*sa**2;['cb', 'sb', 'sd', 'cd', 'ca', 'cc', 'sc', 'sa']
425;cb;cb_sc_sa_cc_cd_sb_sd_ca;539.9129909900948;6456;1411.15625;cd**2, cc*cd, sa**2, sc**2, cb**2, cd*sb*ca, cc*sb*ca, sa*sb*ca, sc*sb*ca, cb*sb*ca, sa*cd*ca, sc*cd*ca, cb*cd*ca, cc**2*ca, sa*cc*ca, sc*cc*ca, cb*cc*ca, sc*sa*ca, cb*sa*ca, cb*sc*ca, sd**3, sb*sd**2, cd*sd**2, cc*sd**2, sa*sd**2, sc*sd**2, cb*sd**2, sb**2*sd, cd*sb*sd, cc*sb*sd, sa*sb*sd, sc*sb*sd, cb*sb*sd, sa*cd*sd, sc*cd*sd, cb*cd*sd, cc**2*sd, sa*cc*sd, sc*cc*sd, cb*cc*sd, sc*sa*sd, cb*sa*sd, cb*sc*sd, sb**3, cd*sb**2, cc*sb**2, sa*sb**2, sc*sb**2, cb*sb**2, sa*cd*sb, sc*cd*sb, cb*cd*sb, cc**2*sb, sa*cc*sb, sc*cc*sb, cb*cc*sb, sc*sa*sb, cb*sa*sb, cb*sc*sb, sc*sa*cd, cb*sa*cd, cb*sc*cd, cc**3, sa*cc**2, sc*cc**2, cb*cc**2, sc*sa*cc, cb*sa*cc, cb*sc*cc, cb*sc*sa, ca**4, sd*ca**3, sb*ca**3, cd*ca**3, cc*ca**3, sa*ca**3, sc*ca**3, cb*ca**3, sd**2*ca**2, sb*sd*ca**2, cd*sd*ca**2, cc*sd*ca**2, sa*sd*ca**2, sc*sd*ca**2, cb*sd*ca**2, sb**2*ca**2;['cb', 'sc', 'sa', 'cc', 'cd', 'sb', 'sd', 'ca']
426;ca;ca_cd_sa_sb_sd_sc_cc_cb;676.730381501955;5887;1411.15625;sc**2, sd*sc, sb**2, cd**2, ca**2, sa*sc*cb, cd*sc*cb, ca*sc*cb, sd**2*cb, sb*sd*cb, sa*sd*cb, cd*sd*cb, ca*sd*cb, sa*sb*cb, cd*sb*cb, ca*sb*cb, sa**2*cb, cd*sa*cb, ca*sa*cb, ca*cd*cb, cc**3, sc*cc**2, sd*cc**2, sb*cc**2, sa*cc**2, cd*cc**2, ca*cc**2, sb*sc*cc, sa*sc*cc, cd*sc*cc, ca*sc*cc, sd**2*cc, sb*sd*cc, sa*sd*cc, cd*sd*cc, ca*sd*cc, sa*sb*cc, cd*sb*cc, ca*sb*cc, sa**2*cc, cd*sa*cc, ca*sa*cc, ca*cd*cc, sa*sb*sc, cd*sb*sc, ca*sb*sc, sa**2*sc, cd*sa*sc, ca*sa*sc, ca*cd*sc, sd**3, sb*sd**2, sa*sd**2, cd*sd**2, ca*sd**2, sa*sb*sd, cd*sb*sd, ca*sb*sd, sa**2*sd, cd*sa*sd, ca*sa*sd, ca*cd*sd, sa**2*sb, cd*sa*sb, ca*sa*sb, ca*cd*sb, sa**3, cd*sa**2, ca*sa**2, ca*cd*sa, cb**4, cc*cb**3, sc*cb**3, sd*cb**3, sb*cb**3, sa*cb**3, cd*cb**3, ca*cb**3, cc**2*cb**2, sc*cc*cb**2, sd*cc*cb**2, sb*cc*cb**2, sa*cc*cb**2, cd*cc*cb**2, ca*cc*cb**2, sb*sc*cb**2;['ca', 'cd', 'sa', 'sb', 'sd', 'sc', 'cc', 'cb']
427;ca;ca_cb_sb_cc_sc_sd_cd_sa;629.1570355839795;5781;1411.15625;sd**2, sc*sd, cc**2, cb**2, ca**2, sb*sd*sa, cb*sd*sa, ca*sd*sa, sc**2*sa, cc*sc*sa, sb*sc*sa, cb*sc*sa, ca*sc*sa, sb*cc*sa, cb*cc*sa, ca*cc*sa, sb**2*sa, cb*sb*sa, ca*sb*sa, ca*cb*sa, cd**3, sd*cd**2, sc*cd**2, cc*cd**2, sb*cd**2, cb*cd**2, ca*cd**2, cc*sd*cd, sb*sd*cd, cb*sd*cd, ca*sd*cd, sc**2*cd, cc*sc*cd, sb*sc*cd, cb*sc*cd, ca*sc*cd, sb*cc*cd, cb*cc*cd, ca*cc*cd, sb**2*cd, cb*sb*cd, ca*sb*cd, ca*cb*cd, sb*cc*sd, cb*cc*sd, ca*cc*sd, sb**2*sd, cb*sb*sd, ca*sb*sd, ca*cb*sd, sc**3, cc*sc**2, sb*sc**2, cb*sc**2, ca*sc**2, sb*cc*sc, cb*cc*sc, ca*cc*sc, sb**2*sc, cb*sb*sc, ca*sb*sc, ca*cb*sc, sb**2*cc, cb*sb*cc, ca*sb*cc, ca*cb*cc, sb**3, cb*sb**2, ca*sb**2, ca*cb*sb, sa**4, cd*sa**3, sd*sa**3, sc*sa**3, cc*sa**3, sb*sa**3, cb*sa**3, ca*sa**3, cd**2*sa**2, sd*cd*sa**2, sc*cd*sa**2, cc*cd*sa**2, sb*cd*sa**2, cb*cd*sa**2, ca*cd*sa**2, cc*sd*sa**2;['ca', 'cb', 'sb', 'cc', 'sc', 'sd', 'cd', 'sa']
428;cc;cc_ca_sb_sd_sc_cd_sa_cb;1081.1767548749922;6403;1411.15625;sd*sc, sd**2, sb**2, ca**2, cc**2, sc*cd*cb, sd*cd*cb, sb*cd*cb, ca*cd*cb, cc*cd*cb, sc**2*cb, sb*sc*cb, ca*sc*cb, cc*sc*cb, sb*sd*cb, ca*sd*cb, cc*sd*cb, ca*sb*cb, cc*sb*cb, cc*ca*cb, sa**3, cd*sa**2, sc*sa**2, sd*sa**2, sb*sa**2, ca*sa**2, cc*sa**2, cd**2*sa, sc*cd*sa, sd*cd*sa, sb*cd*sa, ca*cd*sa, cc*cd*sa, sc**2*sa, sb*sc*sa, ca*sc*sa, cc*sc*sa, sb*sd*sa, ca*sd*sa, cc*sd*sa, ca*sb*sa, cc*sb*sa, cc*ca*sa, cd**3, sc*cd**2, sd*cd**2, sb*cd**2, ca*cd**2, cc*cd**2, sc**2*cd, sb*sc*cd, ca*sc*cd, cc*sc*cd, sb*sd*cd, ca*sd*cd, cc*sd*cd, ca*sb*cd, cc*sb*cd, cc*ca*cd, sc**3, sb*sc**2, ca*sc**2, cc*sc**2, ca*sb*sc, cc*sb*sc, cc*ca*sc, ca*sb*sd, cc*sb*sd, cc*ca*sd, cc*ca*sb, cb**4, sa*cb**3, cd*cb**3, sc*cb**3, sd*cb**3, sb*cb**3, ca*cb**3, cc*cb**3, sa**2*cb**2, cd*sa*cb**2, sc*sa*cb**2, sd*sa*cb**2, sb*sa*cb**2, ca*sa*cb**2, cc*sa*cb**2, cd**2*cb**2;['cc', 'ca', 'sb', 'sd', 'sc', 'cd', 'sa', 'cb']
429;cd;cd_sd_cb_sa_ca_sc_cc_sb;694.3261985599529;6072;1411.15625;sc**2, sd*sc, sa**2, cb**2, cd**2, sa*sc*sb, cb*sc*sb, cd*sc*sb, ca**2*sb, sa*ca*sb, cb*ca*sb, sd*ca*sb, cd*ca*sb, cb*sa*sb, sd*sa*sb, cd*sa*sb, sd*cb*sb, cd*cb*sb, sd**2*sb, cd*sd*sb, cc**3, sc*cc**2, ca*cc**2, sa*cc**2, cb*cc**2, sd*cc**2, cd*cc**2, ca*sc*cc, sa*sc*cc, cb*sc*cc, cd*sc*cc, ca**2*cc, sa*ca*cc, cb*ca*cc, sd*ca*cc, cd*ca*cc, cb*sa*cc, sd*sa*cc, cd*sa*cc, sd*cb*cc, cd*cb*cc, sd**2*cc, cd*sd*cc, ca**2*sc, sa*ca*sc, cb*ca*sc, cd*ca*sc, cb*sa*sc, cd*sa*sc, cd*cb*sc, ca**3, sa*ca**2, cb*ca**2, sd*ca**2, cd*ca**2, cb*sa*ca, sd*sa*ca, cd*sa*ca, sd*cb*ca, cd*cb*ca, sd**2*ca, cd*sd*ca, sd*cb*sa, cd*cb*sa, sd**2*sa, cd*sd*sa, sd**2*cb, cd*sd*cb, sd**3, cd*sd**2, sb**4, cc*sb**3, sc*sb**3, ca*sb**3, sa*sb**3, cb*sb**3, sd*sb**3, cd*sb**3, cc**2*sb**2, sc*cc*sb**2, ca*cc*sb**2, sa*cc*sb**2, cb*cc*sb**2, sd*cc*sb**2, cd*cc*sb**2, ca*sc*sb**2;['cd', 'sd', 'cb', 'sa', 'ca', 'sc', 'cc', 'sb']
430;cc;cc_ca_sa_sb_sd_sc_cb_cd;388.7514015259221;5745;1411.15625;sd*sc, sd**2, sb**2, ca**2, cc**2, sc**2*cd, sa*sc*cd, ca*sc*cd, cc*sc*cd, sb*sd*cd, sa*sd*cd, ca*sd*cd, cc*sd*cd, sa*sb*cd, ca*sb*cd, cc*sb*cd, sa**2*cd, ca*sa*cd, cc*sa*cd, cc*ca*cd, cb**3, sc*cb**2, sd*cb**2, sb*cb**2, sa*cb**2, ca*cb**2, cc*cb**2, sc**2*cb, sb*sc*cb, sa*sc*cb, ca*sc*cb, cc*sc*cb, sb*sd*cb, sa*sd*cb, ca*sd*cb, cc*sd*cb, sa*sb*cb, ca*sb*cb, cc*sb*cb, sa**2*cb, ca*sa*cb, cc*sa*cb, cc*ca*cb, sc**3, sb*sc**2, sa*sc**2, ca*sc**2, cc*sc**2, sa*sb*sc, ca*sb*sc, cc*sb*sc, sa**2*sc, ca*sa*sc, cc*sa*sc, cc*ca*sc, sa*sb*sd, ca*sb*sd, cc*sb*sd, sa**2*sd, ca*sa*sd, cc*sa*sd, cc*ca*sd, sa**2*sb, ca*sa*sb, cc*sa*sb, cc*ca*sb, sa**3, ca*sa**2, cc*sa**2, cc*ca*sa, cd**4, cb*cd**3, sc*cd**3, sd*cd**3, sb*cd**3, sa*cd**3, ca*cd**3, cc*cd**3, cb**2*cd**2, sc*cb*cd**2, sd*cb*cd**2, sb*cb*cd**2, sa*cb*cd**2, ca*cb*cd**2, cc*cb*cd**2, sb*sc*cd**2;['cc', 'ca', 'sa', 'sb', 'sd', 'sc', 'cb', 'cd']
431;sd;sd_cb_cc_sc_cd_sb_ca_sa;532.6915112489369;5153;1411.15625;ca**2, sd*sc, cc**2, cb**2, sd**2, sc*sb*sa, cc*sb*sa, cb*sb*sa, sd*sb*sa, cd**2*sa, sc*cd*sa, cc*cd*sa, cb*cd*sa, sd*cd*sa, sc**2*sa, cc*sc*sa, cb*sc*sa, cb*cc*sa, sd*cc*sa, sd*cb*sa, sb**2*ca, cd*sb*ca, sc*sb*ca, cc*sb*ca, cb*sb*ca, sd*sb*ca, cd**2*ca, sc*cd*ca, cc*cd*ca, cb*cd*ca, sd*cd*ca, sc**2*ca, cc*sc*ca, cb*sc*ca, cb*cc*ca, sd*cc*ca, sd*cb*ca, sb**3, cd*sb**2, sc*sb**2, cc*sb**2, cb*sb**2, sd*sb**2, cd**2*sb, sc*cd*sb, cc*cd*sb, cb*cd*sb, sd*cd*sb, sc**2*sb, cc*sc*sb, cb*sc*sb, cb*cc*sb, sd*cc*sb, sd*cb*sb, cd**3, sc*cd**2, cc*cd**2, cb*cd**2, sd*cd**2, sc**2*cd, cc*sc*cd, cb*sc*cd, cb*cc*cd, sd*cc*cd, sd*cb*cd, sc**3, cc*sc**2, cb*sc**2, cb*cc*sc, sd*cb*cc, sa**4, ca*sa**3, sb*sa**3, cd*sa**3, sc*sa**3, cc*sa**3, cb*sa**3, sd*sa**3, sb*ca*sa**2, cd*ca*sa**2, sc*ca*sa**2, cc*ca*sa**2, cb*ca*sa**2, sd*ca*sa**2, sb**2*sa**2, cd*sb*sa**2;['sd', 'cb', 'cc', 'sc', 'cd', 'sb', 'ca', 'sa']
432;sa;sa_sc_cd_sd_cb_sb_ca_cc;819.4644756859634;7546;1432.35546875;cb**2, sc*sd, cd**2, sc**2, sa**2, cb*sb*cc, sd*sb*cc, cd*sb*cc, sc*sb*cc, sa*sb*cc, sd*cb*cc, cd*cb*cc, sc*cb*cc, sa*cb*cc, sd**2*cc, cd*sd*cc, sa*sd*cc, sc*cd*cc, sa*cd*cc, sa*sc*cc, ca**3, sb*ca**2, cb*ca**2, sd*ca**2, cd*ca**2, sc*ca**2, sa*ca**2, sb**2*ca, cb*sb*ca, sd*sb*ca, cd*sb*ca, sc*sb*ca, sa*sb*ca, sd*cb*ca, cd*cb*ca, sc*cb*ca, sa*cb*ca, sd**2*ca, cd*sd*ca, sa*sd*ca, sc*cd*ca, sa*cd*ca, sa*sc*ca, sb**3, cb*sb**2, sd*sb**2, cd*sb**2, sc*sb**2, sa*sb**2, sd*cb*sb, cd*cb*sb, sc*cb*sb, sa*cb*sb, sd**2*sb, cd*sd*sb, sa*sd*sb, sc*cd*sb, sa*cd*sb, sa*sc*sb, sd**2*cb, cd*sd*cb, sa*sd*cb, sc*cd*cb, sa*cd*cb, sa*sc*cb, sd**3, cd*sd**2, sa*sd**2, sa*cd*sd, sa*sc*cd, cc**4, ca*cc**3, sb*cc**3, cb*cc**3, sd*cc**3, cd*cc**3, sc*cc**3, sa*cc**3, ca**2*cc**2, sb*ca*cc**2, cb*ca*cc**2, sd*ca*cc**2, cd*ca*cc**2, sc*ca*cc**2, sa*ca*cc**2, sb**2*cc**2;['sa', 'sc', 'cd', 'sd', 'cb', 'sb', 'ca', 'cc']
433;ca;ca_sa_sb_cb_sc_cd_sd_cc;356.90415828092955;4731;1432.35546875;sc*sd, cd**2, sc**2, sb**2, ca**2, sd**2*cc, cd*sd*cc, sc*cd*cc, cb*sc*cc, sb*sc*cc, sa*sc*cc, ca*sc*cc, cb**2*cc, sb*cb*cc, sa*cb*cc, ca*cb*cc, sa*sb*cc, ca*sb*cc, sa**2*cc, ca*sa*cc, sd**3, cd*sd**2, cb*sd**2, sb*sd**2, sa*sd**2, ca*sd**2, cb*cd*sd, sb*cd*sd, sa*cd*sd, ca*cd*sd, cb**2*sd, sb*cb*sd, sa*cb*sd, ca*cb*sd, sa*sb*sd, ca*sb*sd, sa**2*sd, ca*sa*sd, cb*sc*cd, sb*sc*cd, sa*sc*cd, ca*sc*cd, cb**2*cd, sb*cb*cd, sa*cb*cd, ca*cb*cd, sa*sb*cd, ca*sb*cd, sa**2*cd, ca*sa*cd, cb**2*sc, sb*cb*sc, sa*cb*sc, ca*cb*sc, sa*sb*sc, ca*sb*sc, sa**2*sc, ca*sa*sc, cb**3, sb*cb**2, sa*cb**2, ca*cb**2, sa*sb*cb, ca*sb*cb, sa**2*cb, ca*sa*cb, sa**2*sb, ca*sa*sb, sa**3, ca*sa**2, cc**4, sd*cc**3, cd*cc**3, sc*cc**3, cb*cc**3, sb*cc**3, sa*cc**3, ca*cc**3, cb*sd*cc**2, sb*sd*cc**2, sa*sd*cc**2, ca*sd*cc**2, cb*cd*cc**2, sb*cd*cc**2, sa*cd*cc**2, ca*cd*cc**2;['ca', 'sa', 'sb', 'cb', 'sc', 'cd', 'sd', 'cc']
434;sb;sb_cc_ca_sa_cd_sd_cb_sc;561.1195711410837;6227;1424.48046875;cd**2, cc*cd, ca**2, cc**2, sb**2, sd**2*sc, cd*sd*sc, ca*sd*sc, cc*sd*sc, sb*sd*sc, sa*cd*sc, ca*cd*sc, sb*cd*sc, sa**2*sc, ca*sa*sc, cc*sa*sc, sb*sa*sc, cc*ca*sc, sb*ca*sc, sb*cc*sc, cb**3, sd*cb**2, cd*cb**2, sa*cb**2, ca*cb**2, cc*cb**2, sb*cb**2, sd**2*cb, cd*sd*cb, sa*sd*cb, ca*sd*cb, cc*sd*cb, sb*sd*cb, sa*cd*cb, ca*cd*cb, sb*cd*cb, sa**2*cb, ca*sa*cb, cc*sa*cb, sb*sa*cb, cc*ca*cb, sb*ca*cb, sb*cc*cb, sd**3, cd*sd**2, sa*sd**2, ca*sd**2, cc*sd**2, sb*sd**2, sa*cd*sd, ca*cd*sd, sb*cd*sd, sa**2*sd, ca*sa*sd, cc*sa*sd, sb*sa*sd, cc*ca*sd, sb*ca*sd, sb*cc*sd, sa**2*cd, ca*sa*cd, sb*sa*cd, sb*ca*cd, sa**3, ca*sa**2, cc*sa**2, sb*sa**2, cc*ca*sa, sb*ca*sa, sb*cc*sa, sb*cc*ca, sc**4, cb*sc**3, sd*sc**3, cd*sc**3, sa*sc**3, ca*sc**3, cc*sc**3, sb*sc**3, cb**2*sc**2, sd*cb*sc**2, cd*cb*sc**2, sa*cb*sc**2, ca*cb*sc**2, cc*cb*sc**2, sb*cb*sc**2, sa*sd*sc**2;['sb', 'cc', 'ca', 'sa', 'cd', 'sd', 'cb', 'sc']
435;ca;ca_sa_cd_sb_cc_sc_sd_cb;4777.754460974946;6044;1577.98046875;cc**2, cd*cc, sb**2, cd**2, ca**2, cc*sc*cb, sb*sc*cb, cd*sc*cb, sa*sc*cb, ca*sc*cb, sb*cc*cb, sa*cc*cb, ca*cc*cb, cd*sb*cb, sa*sb*cb, ca*sb*cb, sa*cd*cb, ca*cd*cb, sa**2*cb, ca*sa*cb, sd**3, sc*sd**2, cc*sd**2, sb*sd**2, cd*sd**2, sa*sd**2, ca*sd**2, sc**2*sd, cc*sc*sd, sb*sc*sd, cd*sc*sd, sa*sc*sd, ca*sc*sd, sb*cc*sd, sa*cc*sd, ca*cc*sd, cd*sb*sd, sa*sb*sd, ca*sb*sd, sa*cd*sd, ca*cd*sd, sa**2*sd, ca*sa*sd, sc**3, cc*sc**2, sb*sc**2, cd*sc**2, sa*sc**2, ca*sc**2, sb*cc*sc, sa*cc*sc, ca*cc*sc, cd*sb*sc, sa*sb*sc, ca*sb*sc, sa*cd*sc, ca*cd*sc, sa**2*sc, ca*sa*sc, sa*sb*cc, ca*sb*cc, sa**2*cc, ca*sa*cc, sa*cd*sb, ca*cd*sb, sa**2*sb, ca*sa*sb, sa**2*cd, ca*sa*cd, sa**3, ca*sa**2, cb**4, sd*cb**3, sc*cb**3, cc*cb**3, sb*cb**3, cd*cb**3, sa*cb**3, ca*cb**3, sd**2*cb**2, sc*sd*cb**2, cc*sd*cb**2, sb*sd*cb**2, cd*sd*cb**2, sa*sd*cb**2, ca*sd*cb**2, sc**2*cb**2;['ca', 'sa', 'cd', 'sb', 'cc', 'sc', 'sd', 'cb']
436;sd;sd_ca_sc_sb_cc_cb_sa_cd;731.8512054979801;6844;1577.98046875;sb**2, sc**2, sd*sc, ca**2, sd**2, cc*cb*cd, sb*cb*cd, sc*cb*cd, ca*cb*cd, sd*cb*cd, cc**2*cd, sb*cc*cd, sc*cc*cd, ca*cc*cd, sd*cc*cd, sc*sb*cd, ca*sb*cd, sd*sb*cd, ca*sc*cd, sd*ca*cd, sa**3, cb*sa**2, cc*sa**2, sb*sa**2, sc*sa**2, ca*sa**2, sd*sa**2, cb**2*sa, cc*cb*sa, sb*cb*sa, sc*cb*sa, ca*cb*sa, sd*cb*sa, cc**2*sa, sb*cc*sa, sc*cc*sa, ca*cc*sa, sd*cc*sa, sc*sb*sa, ca*sb*sa, sd*sb*sa, ca*sc*sa, sd*ca*sa, cb**3, cc*cb**2, sb*cb**2, sc*cb**2, ca*cb**2, sd*cb**2, cc**2*cb, sb*cc*cb, sc*cc*cb, ca*cc*cb, sd*cc*cb, sc*sb*cb, ca*sb*cb, sd*sb*cb, ca*sc*cb, sd*ca*cb, cc**3, sb*cc**2, sc*cc**2, ca*cc**2, sd*cc**2, sc*sb*cc, ca*sb*cc, sd*sb*cc, ca*sc*cc, sd*ca*cc, ca*sc*sb, sd*ca*sb, cd**4, sa*cd**3, cb*cd**3, cc*cd**3, sb*cd**3, sc*cd**3, ca*cd**3, sd*cd**3, sa**2*cd**2, cb*sa*cd**2, cc*sa*cd**2, sb*sa*cd**2, sc*sa*cd**2, ca*sa*cd**2, sd*sa*cd**2, cb**2*cd**2;['sd', 'ca', 'sc', 'sb', 'cc', 'cb', 'sa', 'cd']
437;cb;cb_cd_sb_sd_sa_cc_sc_ca;533.7824587369105;6433;1459.58984375;cc**2, cd*cc, sa**2, cd**2, cb**2, sd*cc*ca, sb*cc*ca, cb*cc*ca, sd*sa*ca, sb*sa*ca, cd*sa*ca, cb*sa*ca, sd**2*ca, sb*sd*ca, cd*sd*ca, cb*sd*ca, sb**2*ca, cd*sb*ca, cb*sb*ca, cb*cd*ca, sc**3, cc*sc**2, sa*sc**2, sd*sc**2, sb*sc**2, cd*sc**2, cb*sc**2, sa*cc*sc, sd*cc*sc, sb*cc*sc, cb*cc*sc, sd*sa*sc, sb*sa*sc, cd*sa*sc, cb*sa*sc, sd**2*sc, sb*sd*sc, cd*sd*sc, cb*sd*sc, sb**2*sc, cd*sb*sc, cb*sb*sc, cb*cd*sc, sd*sa*cc, sb*sa*cc, cb*sa*cc, sd**2*cc, sb*sd*cc, cb*sd*cc, sb**2*cc, cb*sb*cc, sd**2*sa, sb*sd*sa, cd*sd*sa, cb*sd*sa, sb**2*sa, cd*sb*sa, cb*sb*sa, cb*cd*sa, sd**3, sb*sd**2, cd*sd**2, cb*sd**2, sb**2*sd, cd*sb*sd, cb*sb*sd, cb*cd*sd, sb**3, cd*sb**2, cb*sb**2, cb*cd*sb, ca**4, sc*ca**3, cc*ca**3, sa*ca**3, sd*ca**3, sb*ca**3, cd*ca**3, cb*ca**3, sc**2*ca**2, cc*sc*ca**2, sa*sc*ca**2, sd*sc*ca**2, sb*sc*ca**2, cd*sc*ca**2, cb*sc*ca**2, sa*cc*ca**2;['cb', 'cd', 'sb', 'sd', 'sa', 'cc', 'sc', 'ca']
438;sa;sa_sd_ca_cd_cc_sc_cb_sb;595.3163437959738;5828;1459.58984375;cb**2, cc**2, cd*cc, sd**2, sa**2, cd*sc*sb, ca*sc*sb, sd*sc*sb, sa*sc*sb, ca*cc*sb, sd*cc*sb, sa*cc*sb, cd**2*sb, ca*cd*sb, sd*cd*sb, sa*cd*sb, ca**2*sb, sd*ca*sb, sa*ca*sb, sa*sd*sb, sc**2*cb, cc*sc*cb, cd*sc*cb, ca*sc*cb, sd*sc*cb, sa*sc*cb, ca*cc*cb, sd*cc*cb, sa*cc*cb, cd**2*cb, ca*cd*cb, sd*cd*cb, sa*cd*cb, ca**2*cb, sd*ca*cb, sa*ca*cb, sa*sd*cb, sc**3, cc*sc**2, cd*sc**2, ca*sc**2, sd*sc**2, sa*sc**2, ca*cc*sc, sd*cc*sc, sa*cc*sc, cd**2*sc, ca*cd*sc, sd*cd*sc, sa*cd*sc, ca**2*sc, sd*ca*sc, sa*ca*sc, sa*sd*sc, ca**2*cc, sd*ca*cc, sa*ca*cc, sa*sd*cc, cd**3, ca*cd**2, sd*cd**2, sa*cd**2, ca**2*cd, sd*ca*cd, sa*ca*cd, sa*sd*cd, ca**3, sd*ca**2, sa*ca**2, sa*sd*ca, sb**4, cb*sb**3, sc*sb**3, cc*sb**3, cd*sb**3, ca*sb**3, sd*sb**3, sa*sb**3, sc*cb*sb**2, cc*cb*sb**2, cd*cb*sb**2, ca*cb*sb**2, sd*cb*sb**2, sa*cb*sb**2, sc**2*sb**2, cc*sc*sb**2;['sa', 'sd', 'ca', 'cd', 'cc', 'sc', 'cb', 'sb']
439;ca;ca_sa_sc_cd_cb_sb_cc_sd;280.4559280539397;5052;1459.58984375;cd*cc, cb**2, cd**2, sc**2, ca**2, cc**2*sd, sc*cc*sd, sa*sb*sd, ca*sb*sd, cd*cb*sd, sc*cb*sd, sa*cb*sd, ca*cb*sd, sc*cd*sd, sa*cd*sd, ca*cd*sd, sa*sc*sd, ca*sc*sd, sa**2*sd, ca*sa*sd, cc**3, sb*cc**2, cb*cc**2, sc*cc**2, sa*cc**2, ca*cc**2, sb**2*cc, cb*sb*cc, sc*sb*cc, sa*sb*cc, ca*sb*cc, sc*cb*cc, sa*cb*cc, ca*cb*cc, sa*sc*cc, ca*sc*cc, sa**2*cc, ca*sa*cc, sb**3, cb*sb**2, cd*sb**2, sc*sb**2, sa*sb**2, ca*sb**2, cd*cb*sb, sc*cb*sb, sa*cb*sb, ca*cb*sb, sc*cd*sb, sa*cd*sb, ca*cd*sb, sa*sc*sb, ca*sc*sb, sa**2*sb, ca*sa*sb, sc*cd*cb, sa*cd*cb, ca*cd*cb, sa*sc*cb, ca*sc*cb, sa**2*cb, ca*sa*cb, sa*sc*cd, ca*sc*cd, sa**2*cd, ca*sa*cd, sa**2*sc, ca*sa*sc, sa**3, ca*sa**2, sd**4, cc*sd**3, sb*sd**3, cb*sd**3, cd*sd**3, sc*sd**3, sa*sd**3, ca*sd**3, sb*cc*sd**2, cb*cc*sd**2, sa*cc*sd**2, ca*cc*sd**2, sb**2*sd**2, cb*sb*sd**2, cd*sb*sd**2, sc*sb*sd**2;['ca', 'sa', 'sc', 'cd', 'cb', 'sb', 'cc', 'sd']
440;sb;sb_sa_cb_sd_ca_cc_cd_sc;596.3241077030543;5208;1459.58984375;cc*cd, cc**2, sd**2, sa**2, sb**2, cd**2*sc, sd*cd*sc, sd*cc*sc, ca**2*sc, sd*ca*sc, cb*ca*sc, sa*ca*sc, sb*ca*sc, cb*sd*sc, sa*sd*sc, sb*sd*sc, cb**2*sc, sa*cb*sc, sb*cb*sc, sb*sa*sc, cd**3, ca*cd**2, sd*cd**2, cb*cd**2, sa*cd**2, sb*cd**2, ca**2*cd, sd*ca*cd, cb*ca*cd, sa*ca*cd, sb*ca*cd, cb*sd*cd, sa*sd*cd, sb*sd*cd, cb**2*cd, sa*cb*cd, sb*cb*cd, sb*sa*cd, ca**2*cc, sd*ca*cc, cb*ca*cc, sa*ca*cc, sb*ca*cc, cb*sd*cc, sa*sd*cc, sb*sd*cc, cb**2*cc, sa*cb*cc, sb*cb*cc, sb*sa*cc, ca**3, sd*ca**2, cb*ca**2, sa*ca**2, sb*ca**2, cb*sd*ca, sa*sd*ca, sb*sd*ca, cb**2*ca, sa*cb*ca, sb*cb*ca, sb*sa*ca, cb**2*sd, sa*cb*sd, sb*cb*sd, sb*sa*sd, cb**3, sa*cb**2, sb*cb**2, sb*sa*cb, sc**4, cd*sc**3, cc*sc**3, ca*sc**3, sd*sc**3, cb*sc**3, sa*sc**3, sb*sc**3, ca*cd*sc**2, cb*cd*sc**2, sa*cd*sc**2, sb*cd*sc**2, ca*cc*sc**2, cb*cc*sc**2, sa*cc*sc**2, sb*cc*sc**2;['sb', 'sa', 'cb', 'sd', 'ca', 'cc', 'cd', 'sc']
441;sc;sc_ca_cd_cb_sa_sd_sb_cc;570.6840832579182;6253;1459.58984375;sc*sd, cb**2, cd**2, ca**2, sc**2, sd**2*cc, cb*sd*cc, cd*sd*cc, ca*sd*cc, sa**2*cc, cb*sa*cc, cd*sa*cc, ca*sa*cc, sc*sa*cc, cd*cb*cc, ca*cb*cc, sc*cb*cc, ca*cd*cc, sc*cd*cc, sc*ca*cc, sb**3, sd*sb**2, sa*sb**2, cb*sb**2, cd*sb**2, ca*sb**2, sc*sb**2, sd**2*sb, sa*sd*sb, cb*sd*sb, cd*sd*sb, ca*sd*sb, sa**2*sb, cb*sa*sb, cd*sa*sb, ca*sa*sb, sc*sa*sb, cd*cb*sb, ca*cb*sb, sc*cb*sb, ca*cd*sb, sc*cd*sb, sc*ca*sb, sd**3, sa*sd**2, cb*sd**2, cd*sd**2, ca*sd**2, sa**2*sd, cb*sa*sd, cd*sa*sd, ca*sa*sd, cd*cb*sd, ca*cb*sd, ca*cd*sd, sa**3, cb*sa**2, cd*sa**2, ca*sa**2, sc*sa**2, cd*cb*sa, ca*cb*sa, sc*cb*sa, ca*cd*sa, sc*cd*sa, sc*ca*sa, ca*cd*cb, sc*cd*cb, sc*ca*cb, sc*ca*cd, cc**4, sb*cc**3, sd*cc**3, sa*cc**3, cb*cc**3, cd*cc**3, ca*cc**3, sc*cc**3, sb**2*cc**2, sd*sb*cc**2, sa*sb*cc**2, cb*sb*cc**2, cd*sb*cc**2, ca*sb*cc**2, sc*sb*cc**2, sa*sd*cc**2;['sc', 'ca', 'cd', 'cb', 'sa', 'sd', 'sb', 'cc']
442;cd;cd_ca_sd_sb_sa_cc_sc_cb;1560.0977408540202;6144;1457.62109375;cc**2, cd*cc, sb**2, ca**2, cd**2, sb*cc*cb, sd*cc*cb, ca*cc*cb, sa**2*cb, sb*sa*cb, sd*sa*cb, ca*sa*cb, cd*sa*cb, sd*sb*cb, ca*sb*cb, cd*sb*cb, sd**2*cb, ca*sd*cb, cd*sd*cb, cd*ca*cb, sc**3, cc*sc**2, sa*sc**2, sb*sc**2, sd*sc**2, ca*sc**2, cd*sc**2, sa*cc*sc, sb*cc*sc, sd*cc*sc, ca*cc*sc, sa**2*sc, sb*sa*sc, sd*sa*sc, ca*sa*sc, cd*sa*sc, sd*sb*sc, ca*sb*sc, cd*sb*sc, sd**2*sc, ca*sd*sc, cd*sd*sc, cd*ca*sc, sa**2*cc, sb*sa*cc, sd*sa*cc, ca*sa*cc, sd*sb*cc, ca*sb*cc, sd**2*cc, ca*sd*cc, sa**3, sb*sa**2, sd*sa**2, ca*sa**2, cd*sa**2, sd*sb*sa, ca*sb*sa, cd*sb*sa, sd**2*sa, ca*sd*sa, cd*sd*sa, cd*ca*sa, sd**2*sb, ca*sd*sb, cd*sd*sb, cd*ca*sb, sd**3, ca*sd**2, cd*sd**2, cd*ca*sd, cb**4, sc*cb**3, cc*cb**3, sa*cb**3, sb*cb**3, sd*cb**3, ca*cb**3, cd*cb**3, sc**2*cb**2, cc*sc*cb**2, sa*sc*cb**2, sb*sc*cb**2, sd*sc*cb**2, ca*sc*cb**2, cd*sc*cb**2, sa*cc*cb**2;['cd', 'ca', 'sd', 'sb', 'sa', 'cc', 'sc', 'cb']
443;cd;cd_ca_sd_sc_cc_sa_cb_sb;685.275031659985;5826;1456.63671875;cb**2, sc**2, sd*sc, ca**2, cd**2, sc*sa*sb, sd*sa*sb, ca*sa*sb, cd*sa*sb, cc**2*sb, sc*cc*sb, sd*cc*sb, ca*cc*sb, cd*cc*sb, ca*sc*sb, cd*sc*sb, sd**2*sb, ca*sd*sb, cd*sd*sb, cd*ca*sb, sa**2*cb, cc*sa*cb, sc*sa*cb, sd*sa*cb, ca*sa*cb, cd*sa*cb, cc**2*cb, sc*cc*cb, sd*cc*cb, ca*cc*cb, cd*cc*cb, ca*sc*cb, cd*sc*cb, sd**2*cb, ca*sd*cb, cd*sd*cb, cd*ca*cb, sa**3, cc*sa**2, sc*sa**2, sd*sa**2, ca*sa**2, cd*sa**2, cc**2*sa, sc*cc*sa, sd*cc*sa, ca*cc*sa, cd*cc*sa, ca*sc*sa, cd*sc*sa, sd**2*sa, ca*sd*sa, cd*sd*sa, cd*ca*sa, cc**3, sc*cc**2, sd*cc**2, ca*cc**2, cd*cc**2, ca*sc*cc, cd*sc*cc, sd**2*cc, ca*sd*cc, cd*sd*cc, cd*ca*cc, cd*ca*sc, sd**3, ca*sd**2, cd*sd**2, cd*ca*sd, sb**4, cb*sb**3, sa*sb**3, cc*sb**3, sc*sb**3, sd*sb**3, ca*sb**3, cd*sb**3, sa*cb*sb**2, cc*cb*sb**2, sc*cb*sb**2, sd*cb*sb**2, ca*cb*sb**2, cd*cb*sb**2, sa**2*sb**2, cc*sa*sb**2;['cd', 'ca', 'sd', 'sc', 'cc', 'sa', 'cb', 'sb']
444;cc;cc_cb_sa_sc_ca_sb_cd_sd;692.7183330269763;6224;1456.63671875;cd**2, cc*cd, sa**2, cb**2, cc**2, sc*cd*sd, cb*sb*sd, cc*sb*sd, ca**2*sd, sc*ca*sd, sa*ca*sd, cb*ca*sd, cc*ca*sd, sc**2*sd, sa*sc*sd, cb*sc*sd, cc*sc*sd, cb*sa*sd, cc*sa*sd, cc*cb*sd, sb**2*cd, ca*sb*cd, sc*sb*cd, sa*sb*cd, cb*sb*cd, ca**2*cd, sc*ca*cd, sa*ca*cd, cb*ca*cd, sc**2*cd, sa*sc*cd, cb*sc*cd, cb*sa*cd, sb**3, ca*sb**2, sc*sb**2, sa*sb**2, cb*sb**2, cc*sb**2, ca**2*sb, sc*ca*sb, sa*ca*sb, cb*ca*sb, cc*ca*sb, sc**2*sb, sa*sc*sb, cb*sc*sb, cc*sc*sb, cb*sa*sb, cc*sa*sb, cc*cb*sb, ca**3, sc*ca**2, sa*ca**2, cb*ca**2, cc*ca**2, sc**2*ca, sa*sc*ca, cb*sc*ca, cc*sc*ca, cb*sa*ca, cc*sa*ca, cc*cb*ca, sc**3, sa*sc**2, cb*sc**2, cc*sc**2, cb*sa*sc, cc*sa*sc, cc*cb*sc, cc*cb*sa, sd**4, cd*sd**3, sb*sd**3, ca*sd**3, sc*sd**3, sa*sd**3, cb*sd**3, cc*sd**3, sb*cd*sd**2, ca*cd*sd**2, sa*cd*sd**2, cb*cd*sd**2, sb**2*sd**2, ca*sb*sd**2, sc*sb*sd**2, sa*sb*sd**2;['cc', 'cb', 'sa', 'sc', 'ca', 'sb', 'cd', 'sd']
445;sa;sa_cb_sb_cc_ca_sc_sd_cd;353.84424950694665;4775;1456.63671875;sd**2, sc*sd, cc**2, cb**2, sa**2, cc*sd*cd, sc**2*cd, cc*sc*cd, ca**2*cd, cc*ca*cd, sb*ca*cd, cb*ca*cd, sa*ca*cd, sb*cc*cd, cb*cc*cd, sa*cc*cd, sb**2*cd, cb*sb*cd, sa*sb*cd, sa*cb*cd, ca**2*sd, cc*ca*sd, sb*ca*sd, cb*ca*sd, sa*ca*sd, sb*cc*sd, cb*cc*sd, sa*cc*sd, sb**2*sd, cb*sb*sd, sa*sb*sd, sa*cb*sd, sc**3, ca*sc**2, cc*sc**2, sb*sc**2, cb*sc**2, sa*sc**2, ca**2*sc, cc*ca*sc, sb*ca*sc, cb*ca*sc, sa*ca*sc, sb*cc*sc, cb*cc*sc, sa*cc*sc, sb**2*sc, cb*sb*sc, sa*sb*sc, sa*cb*sc, ca**3, cc*ca**2, sb*ca**2, cb*ca**2, sa*ca**2, sb*cc*ca, cb*cc*ca, sa*cc*ca, sb**2*ca, cb*sb*ca, sa*sb*ca, sa*cb*ca, sb**2*cc, cb*sb*cc, sa*sb*cc, sa*cb*cc, sb**3, cb*sb**2, sa*sb**2, sa*cb*sb, cd**4, sd*cd**3, sc*cd**3, ca*cd**3, cc*cd**3, sb*cd**3, cb*cd**3, sa*cd**3, ca*sd*cd**2, sb*sd*cd**2, cb*sd*cd**2, sa*sd*cd**2, ca*sc*cd**2, sb*sc*cd**2, cb*sc*cd**2, sa*sc*cd**2;['sa', 'cb', 'sb', 'cc', 'ca', 'sc', 'sd', 'cd']
446;cb;cb_cc_sc_cd_sd_sa_sb_ca;538.0674362489954;5501;1456.63671875;sa**2, cd**2, cc*cd, cc**2, cb**2, cd*sa*ca, sc*sa*ca, cc*sa*ca, cb*sa*ca, sd**2*ca, cd*sd*ca, sc*sd*ca, cc*sd*ca, cb*sd*ca, sc*cd*ca, cb*cd*ca, sc**2*ca, cc*sc*ca, cb*sc*ca, cb*cc*ca, sb**3, sa*sb**2, sd*sb**2, cd*sb**2, sc*sb**2, cc*sb**2, cb*sb**2, sd*sa*sb, cd*sa*sb, sc*sa*sb, cc*sa*sb, cb*sa*sb, sd**2*sb, cd*sd*sb, sc*sd*sb, cc*sd*sb, cb*sd*sb, sc*cd*sb, cb*cd*sb, sc**2*sb, cc*sc*sb, cb*sc*sb, cb*cc*sb, sd**2*sa, cd*sd*sa, sc*sd*sa, cc*sd*sa, cb*sd*sa, sc*cd*sa, cb*cd*sa, sc**2*sa, cc*sc*sa, cb*sc*sa, cb*cc*sa, sd**3, cd*sd**2, sc*sd**2, cc*sd**2, cb*sd**2, sc*cd*sd, cb*cd*sd, sc**2*sd, cc*sc*sd, cb*sc*sd, cb*cc*sd, sc**2*cd, cb*sc*cd, sc**3, cc*sc**2, cb*sc**2, cb*cc*sc, ca**4, sb*ca**3, sa*ca**3, sd*ca**3, cd*ca**3, sc*ca**3, cc*ca**3, cb*ca**3, sb**2*ca**2, sa*sb*ca**2, sd*sb*ca**2, cd*sb*ca**2, sc*sb*ca**2, cc*sb*ca**2, cb*sb*ca**2, sd*sa*ca**2;['cb', 'cc', 'sc', 'cd', 'sd', 'sa', 'sb', 'ca']
447;sa;sa_sd_sc_ca_cd_sb_cc_cb;798.0327778450446;6070;1456.63671875;sb**2, sc**2, sd*sc, sd**2, sa**2, ca*sb*cb, sc*sb*cb, sd*sb*cb, sa*sb*cb, cd**2*cb, ca*cd*cb, sc*cd*cb, sd*cd*cb, sa*cd*cb, ca**2*cb, sc*ca*cb, sd*ca*cb, sa*ca*cb, sa*sc*cb, sa*sd*cb, cc**3, sb*cc**2, cd*cc**2, ca*cc**2, sc*cc**2, sd*cc**2, sa*cc**2, cd*sb*cc, ca*sb*cc, sc*sb*cc, sd*sb*cc, sa*sb*cc, cd**2*cc, ca*cd*cc, sc*cd*cc, sd*cd*cc, sa*cd*cc, ca**2*cc, sc*ca*cc, sd*ca*cc, sa*ca*cc, sa*sc*cc, sa*sd*cc, cd**2*sb, ca*cd*sb, sc*cd*sb, sd*cd*sb, sa*cd*sb, ca**2*sb, sc*ca*sb, sd*ca*sb, sa*ca*sb, sa*sc*sb, sa*sd*sb, cd**3, ca*cd**2, sc*cd**2, sd*cd**2, sa*cd**2, ca**2*cd, sc*ca*cd, sd*ca*cd, sa*ca*cd, sa*sc*cd, sa*sd*cd, ca**3, sc*ca**2, sd*ca**2, sa*ca**2, sa*sc*ca, sa*sd*ca, cb**4, cc*cb**3, sb*cb**3, cd*cb**3, ca*cb**3, sc*cb**3, sd*cb**3, sa*cb**3, cc**2*cb**2, sb*cc*cb**2, cd*cc*cb**2, ca*cc*cb**2, sc*cc*cb**2, sd*cc*cb**2, sa*cc*cb**2, cd*sb*cb**2;['sa', 'sd', 'sc', 'ca', 'cd', 'sb', 'cc', 'cb']
448;cc;cc_sc_sb_sa_cb_sd_ca_cd;746.8633872120408;5689;1456.63671875;sd**2, sc*sd, sa**2, sb**2, cc**2, sa*sd*cd, sb*sd*cd, cc*sd*cd, cb**2*cd, sa*cb*cd, sb*cb*cd, sc*cb*cd, cc*cb*cd, sb*sa*cd, sc*sa*cd, cc*sa*cd, sc*sb*cd, cc*sb*cd, sc**2*cd, cc*sc*cd, ca**3, sd*ca**2, cb*ca**2, sa*ca**2, sb*ca**2, sc*ca**2, cc*ca**2, cb*sd*ca, sa*sd*ca, sb*sd*ca, cc*sd*ca, cb**2*ca, sa*cb*ca, sb*cb*ca, sc*cb*ca, cc*cb*ca, sb*sa*ca, sc*sa*ca, cc*sa*ca, sc*sb*ca, cc*sb*ca, sc**2*ca, cc*sc*ca, cb**2*sd, sa*cb*sd, sb*cb*sd, cc*cb*sd, sb*sa*sd, cc*sa*sd, cc*sb*sd, cb**3, sa*cb**2, sb*cb**2, sc*cb**2, cc*cb**2, sb*sa*cb, sc*sa*cb, cc*sa*cb, sc*sb*cb, cc*sb*cb, sc**2*cb, cc*sc*cb, sc*sb*sa, cc*sb*sa, sc**2*sa, cc*sc*sa, sc**2*sb, cc*sc*sb, sc**3, cc*sc**2, cd**4, ca*cd**3, sd*cd**3, cb*cd**3, sa*cd**3, sb*cd**3, sc*cd**3, cc*cd**3, ca**2*cd**2, sd*ca*cd**2, cb*ca*cd**2, sa*ca*cd**2, sb*ca*cd**2, sc*ca*cd**2, cc*ca*cd**2, cb*sd*cd**2;['cc', 'sc', 'sb', 'sa', 'cb', 'sd', 'ca', 'cd']
449;sb;sb_sc_sd_cc_ca_cd_cb_sa;460.4270927279722;5720;1456.63671875;ca**2, sd**2, sc*sd, sc**2, sb**2, ca*cd*sa, cc*cd*sa, sd*cd*sa, sc*cd*sa, sb*cd*sa, cc*ca*sa, sd*ca*sa, sc*ca*sa, sb*ca*sa, cc**2*sa, sd*cc*sa, sc*cc*sa, sb*cc*sa, sb*sd*sa, sb*sc*sa, cb**3, cd*cb**2, ca*cb**2, cc*cb**2, sd*cb**2, sc*cb**2, sb*cb**2, cd**2*cb, ca*cd*cb, cc*cd*cb, sd*cd*cb, sc*cd*cb, sb*cd*cb, cc*ca*cb, sd*ca*cb, sc*ca*cb, sb*ca*cb, cc**2*cb, sd*cc*cb, sc*cc*cb, sb*cc*cb, sb*sd*cb, sb*sc*cb, cd**3, ca*cd**2, cc*cd**2, sd*cd**2, sc*cd**2, sb*cd**2, cc*ca*cd, sd*ca*cd, sc*ca*cd, sb*ca*cd, cc**2*cd, sd*cc*cd, sc*cc*cd, sb*cc*cd, sb*sd*cd, sb*sc*cd, cc**2*ca, sd*cc*ca, sc*cc*ca, sb*cc*ca, sb*sd*ca, sb*sc*ca, cc**3, sd*cc**2, sc*cc**2, sb*cc**2, sb*sd*cc, sb*sc*cc, sa**4, cb*sa**3, cd*sa**3, ca*sa**3, cc*sa**3, sd*sa**3, sc*sa**3, sb*sa**3, cb**2*sa**2, cd*cb*sa**2, ca*cb*sa**2, cc*cb*sa**2, sd*cb*sa**2, sc*cb*sa**2, sb*cb*sa**2, cd**2*sa**2;['sb', 'sc', 'sd', 'cc', 'ca', 'cd', 'cb', 'sa']
450;cb;cb_sa_cd_sc_sd_sb_ca_cc;410.2088001369266;5571;1456.63671875;sc*sd, sc**2, cd**2, sa**2, cb**2, sd*sb*cc, sc*sb*cc, cd*sb*cc, sa*sb*cc, cb*sb*cc, sd**2*cc, cd*sd*cc, sa*sd*cc, cb*sd*cc, cd*sc*cc, sa*sc*cc, cb*sc*cc, sa*cd*cc, cb*cd*cc, cb*sa*cc, ca**3, sb*ca**2, sd*ca**2, sc*ca**2, cd*ca**2, sa*ca**2, cb*ca**2, sb**2*ca, sd*sb*ca, sc*sb*ca, cd*sb*ca, sa*sb*ca, cb*sb*ca, sd**2*ca, cd*sd*ca, sa*sd*ca, cb*sd*ca, cd*sc*ca, sa*sc*ca, cb*sc*ca, sa*cd*ca, cb*cd*ca, cb*sa*ca, sb**3, sd*sb**2, sc*sb**2, cd*sb**2, sa*sb**2, cb*sb**2, sd**2*sb, cd*sd*sb, sa*sd*sb, cb*sd*sb, cd*sc*sb, sa*sc*sb, cb*sc*sb, sa*cd*sb, cb*cd*sb, cb*sa*sb, sd**3, cd*sd**2, sa*sd**2, cb*sd**2, sa*cd*sd, cb*cd*sd, cb*sa*sd, sa*cd*sc, cb*cd*sc, cb*sa*sc, cb*sa*cd, cc**4, ca*cc**3, sb*cc**3, sd*cc**3, sc*cc**3, cd*cc**3, sa*cc**3, cb*cc**3, ca**2*cc**2, sb*ca*cc**2, sd*ca*cc**2, sc*ca*cc**2, cd*ca*cc**2, sa*ca*cc**2, cb*ca*cc**2, sb**2*cc**2;['cb', 'sa', 'cd', 'sc', 'sd', 'sb', 'ca', 'cc']
451;ca;ca_sd_sc_cc_cd_sa_cb_sb;630.8941000549821;6007;1456.63671875;cb**2, sc**2, sd*sc, sd**2, ca**2, cc*sa*sb, sc*sa*sb, sd*sa*sb, ca*sa*sb, cd**2*sb, cc*cd*sb, sc*cd*sb, sd*cd*sb, ca*cd*sb, cc**2*sb, sc*cc*sb, sd*cc*sb, ca*cc*sb, ca*sc*sb, ca*sd*sb, sa**2*cb, cd*sa*cb, cc*sa*cb, sc*sa*cb, sd*sa*cb, ca*sa*cb, cd**2*cb, cc*cd*cb, sc*cd*cb, sd*cd*cb, ca*cd*cb, cc**2*cb, sc*cc*cb, sd*cc*cb, ca*cc*cb, ca*sc*cb, ca*sd*cb, sa**3, cd*sa**2, cc*sa**2, sc*sa**2, sd*sa**2, ca*sa**2, cd**2*sa, cc*cd*sa, sc*cd*sa, sd*cd*sa, ca*cd*sa, cc**2*sa, sc*cc*sa, sd*cc*sa, ca*cc*sa, ca*sc*sa, ca*sd*sa, cd**3, cc*cd**2, sc*cd**2, sd*cd**2, ca*cd**2, cc**2*cd, sc*cc*cd, sd*cc*cd, ca*cc*cd, ca*sc*cd, ca*sd*cd, cc**3, sc*cc**2, sd*cc**2, ca*cc**2, ca*sc*cc, ca*sd*cc, sb**4, cb*sb**3, sa*sb**3, cd*sb**3, cc*sb**3, sc*sb**3, sd*sb**3, ca*sb**3, sa*cb*sb**2, cd*cb*sb**2, cc*cb*sb**2, sc*cb*sb**2, sd*cb*sb**2, ca*cb*sb**2, sa**2*sb**2, cd*sa*sb**2;['ca', 'sd', 'sc', 'cc', 'cd', 'sa', 'cb', 'sb']
452;ca;ca_cb_sb_sc_sa_cc_sd_cd;358.27474268805236;4999;1456.63671875;sd**2, sc*sd, sc**2, cb**2, ca**2, cc*sd*cd, cc**2*cd, sc*cc*cd, sa**2*cd, sc*sa*cd, sb*sa*cd, cb*sa*cd, ca*sa*cd, sb*sc*cd, cb*sc*cd, ca*sc*cd, sb**2*cd, cb*sb*cd, ca*sb*cd, ca*cb*cd, cc**2*sd, sa*cc*sd, sb*cc*sd, cb*cc*sd, ca*cc*sd, sa**2*sd, sb*sa*sd, cb*sa*sd, ca*sa*sd, sb**2*sd, cb*sb*sd, ca*sb*sd, ca*cb*sd, cc**3, sa*cc**2, sc*cc**2, sb*cc**2, cb*cc**2, ca*cc**2, sa**2*cc, sc*sa*cc, sb*sa*cc, cb*sa*cc, ca*sa*cc, sb*sc*cc, cb*sc*cc, ca*sc*cc, sb**2*cc, cb*sb*cc, ca*sb*cc, ca*cb*cc, sa**3, sc*sa**2, sb*sa**2, cb*sa**2, ca*sa**2, sb*sc*sa, cb*sc*sa, ca*sc*sa, sb**2*sa, cb*sb*sa, ca*sb*sa, ca*cb*sa, sb**2*sc, cb*sb*sc, ca*sb*sc, ca*cb*sc, sb**3, cb*sb**2, ca*sb**2, ca*cb*sb, cd**4, sd*cd**3, cc*cd**3, sa*cd**3, sc*cd**3, sb*cd**3, cb*cd**3, ca*cd**3, sa*sd*cd**2, sb*sd*cd**2, cb*sd*cd**2, ca*sd*cd**2, sa*cc*cd**2, sb*cc*cd**2, cb*cc*cd**2, ca*cc*cd**2;['ca', 'cb', 'sb', 'sc', 'sa', 'cc', 'sd', 'cd']
453;sd;sd_cb_cd_sb_ca_sa_cc_sc;322.41180726198945;5117;1456.63671875;cc**2, cd*cc, ca**2, cb**2, sd**2, sd*cc*sc, cb*sa*sc, sd*sa*sc, sb*ca*sc, cd*ca*sc, cb*ca*sc, sd*ca*sc, sb**2*sc, cd*sb*sc, cb*sb*sc, sd*sb*sc, cd**2*sc, cb*cd*sc, sd*cd*sc, sd*cb*sc, sa**2*cc, ca*sa*cc, sb*sa*cc, cb*sa*cc, sd*sa*cc, sb*ca*cc, cb*ca*cc, sd*ca*cc, sb**2*cc, cb*sb*cc, sd*sb*cc, sd*cb*cc, sa**3, ca*sa**2, sb*sa**2, cd*sa**2, cb*sa**2, sd*sa**2, sb*ca*sa, cd*ca*sa, cb*ca*sa, sd*ca*sa, sb**2*sa, cd*sb*sa, cb*sb*sa, sd*sb*sa, cd**2*sa, cb*cd*sa, sd*cd*sa, sd*cb*sa, sb**2*ca, cd*sb*ca, cb*sb*ca, sd*sb*ca, cd**2*ca, cb*cd*ca, sd*cd*ca, sd*cb*ca, sb**3, cd*sb**2, cb*sb**2, sd*sb**2, cd**2*sb, cb*cd*sb, sd*cd*sb, sd*cb*sb, cd**3, cb*cd**2, sd*cd**2, sd*cb*cd, sc**4, cc*sc**3, sa*sc**3, ca*sc**3, sb*sc**3, cd*sc**3, cb*sc**3, sd*sc**3, sa*cc*sc**2, ca*cc*sc**2, sb*cc*sc**2, cb*cc*sc**2, sa**2*sc**2, ca*sa*sc**2, sb*sa*sc**2, cd*sa*sc**2;['sd', 'cb', 'cd', 'sb', 'ca', 'sa', 'cc', 'sc']
454;sa;sa_cb_cd_sd_ca_cc_sc_sb;3082.836654820945;6593;1456.63671875;cc**2, cd*cc, cd**2, cb**2, sa**2, sd*cc*sb, cb*cc*sb, sa*cc*sb, ca**2*sb, sd*ca*sb, cd*ca*sb, cb*ca*sb, sa*ca*sb, sd**2*sb, cd*sd*sb, cb*sd*sb, sa*sd*sb, cb*cd*sb, sa*cd*sb, sa*cb*sb, sc**3, cc*sc**2, ca*sc**2, sd*sc**2, cd*sc**2, cb*sc**2, sa*sc**2, ca*cc*sc, sd*cc*sc, cb*cc*sc, sa*cc*sc, ca**2*sc, sd*ca*sc, cd*ca*sc, cb*ca*sc, sa*ca*sc, sd**2*sc, cd*sd*sc, cb*sd*sc, sa*sd*sc, cb*cd*sc, sa*cd*sc, sa*cb*sc, ca**2*cc, sd*ca*cc, cb*ca*cc, sa*ca*cc, sd**2*cc, cb*sd*cc, sa*sd*cc, sa*cb*cc, ca**3, sd*ca**2, cd*ca**2, cb*ca**2, sa*ca**2, sd**2*ca, cd*sd*ca, cb*sd*ca, sa*sd*ca, cb*cd*ca, sa*cd*ca, sa*cb*ca, sd**3, cd*sd**2, cb*sd**2, sa*sd**2, cb*cd*sd, sa*cd*sd, sa*cb*sd, sa*cb*cd, sb**4, sc*sb**3, cc*sb**3, ca*sb**3, sd*sb**3, cd*sb**3, cb*sb**3, sa*sb**3, sc**2*sb**2, cc*sc*sb**2, ca*sc*sb**2, sd*sc*sb**2, cd*sc*sb**2, cb*sc*sb**2, sa*sc*sb**2, ca*cc*sb**2;['sa', 'cb', 'cd', 'sd', 'ca', 'cc', 'sc', 'sb']
455;sc;sc_sb_cb_ca_cc_sa_cd_sd;302.4412961381022;5154;1456.63671875;cd**2, cc*cd, ca**2, sb**2, sc**2, sc*cd*sd, sb*sa*sd, sc*sa*sd, cc**2*sd, ca*cc*sd, cb*cc*sd, sb*cc*sd, sc*cc*sd, cb*ca*sd, sb*ca*sd, sc*ca*sd, cb**2*sd, sb*cb*sd, sc*cb*sd, sc*sb*sd, sa**2*cd, ca*sa*cd, cb*sa*cd, sb*sa*cd, sc*sa*cd, cb*ca*cd, sb*ca*cd, sc*ca*cd, cb**2*cd, sb*cb*cd, sc*cb*cd, sc*sb*cd, sa**3, cc*sa**2, ca*sa**2, cb*sa**2, sb*sa**2, sc*sa**2, cc**2*sa, ca*cc*sa, cb*cc*sa, sb*cc*sa, sc*cc*sa, cb*ca*sa, sb*ca*sa, sc*ca*sa, cb**2*sa, sb*cb*sa, sc*cb*sa, sc*sb*sa, cc**3, ca*cc**2, cb*cc**2, sb*cc**2, sc*cc**2, cb*ca*cc, sb*ca*cc, sc*ca*cc, cb**2*cc, sb*cb*cc, sc*cb*cc, sc*sb*cc, cb**2*ca, sb*cb*ca, sc*cb*ca, sc*sb*ca, cb**3, sb*cb**2, sc*cb**2, sc*sb*cb, sd**4, cd*sd**3, sa*sd**3, cc*sd**3, ca*sd**3, cb*sd**3, sb*sd**3, sc*sd**3, sa*cd*sd**2, ca*cd*sd**2, cb*cd*sd**2, sb*cd*sd**2, sa**2*sd**2, cc*sa*sd**2, ca*sa*sd**2, cb*sa*sd**2;['sc', 'sb', 'cb', 'ca', 'cc', 'sa', 'cd', 'sd']
456;sd;sd_sa_sc_sb_ca_cb_cd_cc;514.516218455974;5371;1456.63671875;sb**2, sc**2, sd*sc, sa**2, sd**2, cd**2*cc, sc*cd*cc, sd*cd*cc, sa*cb*cc, sd*cb*cc, ca**2*cc, sb*ca*cc, sc*ca*cc, sa*ca*cc, sd*ca*cc, sc*sb*cc, sa*sb*cc, sd*sb*cc, sa*sc*cc, sd*sa*cc, cd**3, cb*cd**2, ca*cd**2, sb*cd**2, sc*cd**2, sa*cd**2, sd*cd**2, cb**2*cd, ca*cb*cd, sb*cb*cd, sc*cb*cd, sa*cb*cd, sd*cb*cd, ca**2*cd, sb*ca*cd, sc*ca*cd, sa*ca*cd, sd*ca*cd, sc*sb*cd, sa*sb*cd, sd*sb*cd, sa*sc*cd, sd*sa*cd, cb**3, ca*cb**2, sb*cb**2, sc*cb**2, sa*cb**2, sd*cb**2, ca**2*cb, sb*ca*cb, sc*ca*cb, sa*ca*cb, sd*ca*cb, sc*sb*cb, sa*sb*cb, sd*sb*cb, sa*sc*cb, sd*sa*cb, ca**3, sb*ca**2, sc*ca**2, sa*ca**2, sd*ca**2, sc*sb*ca, sa*sb*ca, sd*sb*ca, sa*sc*ca, sd*sa*ca, sa*sc*sb, sd*sa*sb, cc**4, cd*cc**3, cb*cc**3, ca*cc**3, sb*cc**3, sc*cc**3, sa*cc**3, sd*cc**3, cb*cd*cc**2, ca*cd*cc**2, sb*cd*cc**2, sa*cd*cc**2, cb**2*cc**2, ca*cb*cc**2, sb*cb*cc**2, sc*cb*cc**2;['sd', 'sa', 'sc', 'sb', 'ca', 'cb', 'cd', 'cc']
457;cd;cd_sa_sb_cc_cb_sd_ca_sc;858.0744792749174;6799;1456.63671875;cc**2, cd*cc, sb**2, sa**2, cd**2, sd**2*sc, cc*sd*sc, sb*sd*sc, sa*sd*sc, cd*sd*sc, cb**2*sc, cc*cb*sc, sb*cb*sc, sa*cb*sc, cd*cb*sc, sb*cc*sc, sa*cc*sc, sa*sb*sc, cd*sb*sc, cd*sa*sc, ca**3, sd*ca**2, cb*ca**2, cc*ca**2, sb*ca**2, sa*ca**2, cd*ca**2, sd**2*ca, cb*sd*ca, cc*sd*ca, sb*sd*ca, sa*sd*ca, cd*sd*ca, cb**2*ca, cc*cb*ca, sb*cb*ca, sa*cb*ca, cd*cb*ca, sb*cc*ca, sa*cc*ca, sa*sb*ca, cd*sb*ca, cd*sa*ca, sd**3, cb*sd**2, cc*sd**2, sb*sd**2, sa*sd**2, cd*sd**2, cb**2*sd, cc*cb*sd, sb*cb*sd, sa*cb*sd, cd*cb*sd, sb*cc*sd, sa*cc*sd, sa*sb*sd, cd*sb*sd, cd*sa*sd, cb**3, cc*cb**2, sb*cb**2, sa*cb**2, cd*cb**2, sb*cc*cb, sa*cc*cb, sa*sb*cb, cd*sb*cb, cd*sa*cb, sa*sb*cc, cd*sa*sb, sc**4, ca*sc**3, sd*sc**3, cb*sc**3, cc*sc**3, sb*sc**3, sa*sc**3, cd*sc**3, ca**2*sc**2, sd*ca*sc**2, cb*ca*sc**2, cc*ca*sc**2, sb*ca*sc**2, sa*ca*sc**2, cd*ca*sc**2, cb*sd*sc**2;['cd', 'sa', 'sb', 'cc', 'cb', 'sd', 'ca', 'sc']
458;sb;sb_cb_cd_sa_ca_cc_sc_sd;518.7098251909483;5702;1456.63671875;cc**2, cd*cc, sa**2, cd**2, sb**2, sc**2*sd, cc*sc*sd, cd*sc*sd, ca**2*sd, sa*ca*sd, cd*ca*sd, cb*ca*sd, sb*ca*sd, cd*sa*sd, cb*sa*sd, sb*sa*sd, cb*cd*sd, sb*cd*sd, cb**2*sd, sb*cb*sd, sc**3, cc*sc**2, ca*sc**2, sa*sc**2, cd*sc**2, cb*sc**2, sb*sc**2, ca*cc*sc, sa*cc*sc, cb*cc*sc, sb*cc*sc, ca**2*sc, sa*ca*sc, cd*ca*sc, cb*ca*sc, sb*ca*sc, cd*sa*sc, cb*sa*sc, sb*sa*sc, cb*cd*sc, sb*cd*sc, cb**2*sc, sb*cb*sc, ca**2*cc, sa*ca*cc, cb*ca*cc, sb*ca*cc, cb*sa*cc, sb*sa*cc, cb**2*cc, sb*cb*cc, ca**3, sa*ca**2, cd*ca**2, cb*ca**2, sb*ca**2, cd*sa*ca, cb*sa*ca, sb*sa*ca, cb*cd*ca, sb*cd*ca, cb**2*ca, sb*cb*ca, cb*cd*sa, sb*cd*sa, cb**2*sa, sb*cb*sa, cb**2*cd, sb*cb*cd, cb**3, sb*cb**2, sd**4, sc*sd**3, cc*sd**3, ca*sd**3, sa*sd**3, cd*sd**3, cb*sd**3, sb*sd**3, ca*sc*sd**2, sa*sc*sd**2, cb*sc*sd**2, sb*sc*sd**2, ca*cc*sd**2, sa*cc*sd**2, cb*cc*sd**2, sb*cc*sd**2;['sb', 'cb', 'cd', 'sa', 'ca', 'cc', 'sc', 'sd']
459;cd;cd_ca_sb_sd_cb_sa_cc_sc;520.5920235529775;5671;1456.63671875;cc**2, cd*cc, sb**2, ca**2, cd**2, sd*cc*sc, ca*sa*sc, cd*sa*sc, cb**2*sc, sd*cb*sc, sb*cb*sc, ca*cb*sc, cd*cb*sc, sd**2*sc, sb*sd*sc, ca*sd*sc, cd*sd*sc, ca*sb*sc, cd*sb*sc, cd*ca*sc, sa**2*cc, cb*sa*cc, sd*sa*cc, sb*sa*cc, ca*sa*cc, cb**2*cc, sd*cb*cc, sb*cb*cc, ca*cb*cc, sd**2*cc, sb*sd*cc, ca*sd*cc, ca*sb*cc, sa**3, cb*sa**2, sd*sa**2, sb*sa**2, ca*sa**2, cd*sa**2, cb**2*sa, sd*cb*sa, sb*cb*sa, ca*cb*sa, cd*cb*sa, sd**2*sa, sb*sd*sa, ca*sd*sa, cd*sd*sa, ca*sb*sa, cd*sb*sa, cd*ca*sa, cb**3, sd*cb**2, sb*cb**2, ca*cb**2, cd*cb**2, sd**2*cb, sb*sd*cb, ca*sd*cb, cd*sd*cb, ca*sb*cb, cd*sb*cb, cd*ca*cb, sd**3, sb*sd**2, ca*sd**2, cd*sd**2, ca*sb*sd, cd*sb*sd, cd*ca*sd, cd*ca*sb, sc**4, cc*sc**3, sa*sc**3, cb*sc**3, sd*sc**3, sb*sc**3, ca*sc**3, cd*sc**3, sa*cc*sc**2, cb*cc*sc**2, sb*cc*sc**2, ca*cc*sc**2, sa**2*sc**2, cb*sa*sc**2, sd*sa*sc**2, sb*sa*sc**2;['cd', 'ca', 'sb', 'sd', 'cb', 'sa', 'cc', 'sc']
460;sa;sa_sd_cc_cd_sc_ca_sb_cb;666.8534026900306;5991;1456.63671875;sb**2, cc*cd, cc**2, sd**2, sa**2, cd*ca*cb, cc*ca*cb, sd*ca*cb, sa*ca*cb, sc**2*cb, cd*sc*cb, cc*sc*cb, sd*sc*cb, sa*sc*cb, cd**2*cb, sd*cd*cb, sa*cd*cb, sd*cc*cb, sa*cc*cb, sa*sd*cb, ca**2*sb, sc*ca*sb, cd*ca*sb, cc*ca*sb, sd*ca*sb, sa*ca*sb, sc**2*sb, cd*sc*sb, cc*sc*sb, sd*sc*sb, sa*sc*sb, cd**2*sb, sd*cd*sb, sa*cd*sb, sd*cc*sb, sa*cc*sb, sa*sd*sb, ca**3, sc*ca**2, cd*ca**2, cc*ca**2, sd*ca**2, sa*ca**2, sc**2*ca, cd*sc*ca, cc*sc*ca, sd*sc*ca, sa*sc*ca, cd**2*ca, sd*cd*ca, sa*cd*ca, sd*cc*ca, sa*cc*ca, sa*sd*ca, sc**3, cd*sc**2, cc*sc**2, sd*sc**2, sa*sc**2, cd**2*sc, sd*cd*sc, sa*cd*sc, sd*cc*sc, sa*cc*sc, sa*sd*sc, cd**3, sd*cd**2, sa*cd**2, sa*sd*cd, sa*sd*cc, cb**4, sb*cb**3, ca*cb**3, sc*cb**3, cd*cb**3, cc*cb**3, sd*cb**3, sa*cb**3, ca*sb*cb**2, sc*sb*cb**2, cd*sb*cb**2, cc*sb*cb**2, sd*sb*cb**2, sa*sb*cb**2, ca**2*cb**2, sc*ca*cb**2;['sa', 'sd', 'cc', 'cd', 'sc', 'ca', 'sb', 'cb']
461;sb;sb_ca_sa_cb_sc_cd_cc_sd;1030.5143750779098;4921;1456.63671875;cd*cc, cd**2, sc**2, ca**2, sb**2, cc**2*sd, sc*cc*sd, sc*cd*sd, cb*sc*sd, sa*sc*sd, ca*sc*sd, sb*sc*sd, cb**2*sd, sa*cb*sd, ca*cb*sd, sb*cb*sd, sa**2*sd, ca*sa*sd, sb*sa*sd, sb*ca*sd, cc**3, sc*cc**2, cb*cc**2, sa*cc**2, ca*cc**2, sb*cc**2, cb*sc*cc, sa*sc*cc, ca*sc*cc, sb*sc*cc, cb**2*cc, sa*cb*cc, ca*cb*cc, sb*cb*cc, sa**2*cc, ca*sa*cc, sb*sa*cc, sb*ca*cc, cb*sc*cd, sa*sc*cd, ca*sc*cd, sb*sc*cd, cb**2*cd, sa*cb*cd, ca*cb*cd, sb*cb*cd, sa**2*cd, ca*sa*cd, sb*sa*cd, sb*ca*cd, cb**2*sc, sa*cb*sc, ca*cb*sc, sb*cb*sc, sa**2*sc, ca*sa*sc, sb*sa*sc, sb*ca*sc, cb**3, sa*cb**2, ca*cb**2, sb*cb**2, sa**2*cb, ca*sa*cb, sb*sa*cb, sb*ca*cb, sa**3, ca*sa**2, sb*sa**2, sb*ca*sa, sd**4, cc*sd**3, cd*sd**3, sc*sd**3, cb*sd**3, sa*sd**3, ca*sd**3, sb*sd**3, cb*cc*sd**2, sa*cc*sd**2, ca*cc*sd**2, sb*cc*sd**2, cb*cd*sd**2, sa*cd*sd**2, ca*cd*sd**2, sb*cd*sd**2;['sb', 'ca', 'sa', 'cb', 'sc', 'cd', 'cc', 'sd']
462;sb;sb_cd_ca_sa_cb_cc_sc_sd;2245.2785095470026;5336;1456.63671875;cc**2, cd*cc, ca**2, cd**2, sb**2, sc**2*sd, cc*sc*sd, cd*sc*sd, cb**2*sd, sa*cb*sd, ca*cb*sd, cd*cb*sd, sb*cb*sd, sa**2*sd, ca*sa*sd, cd*sa*sd, sb*sa*sd, cd*ca*sd, sb*ca*sd, sb*cd*sd, sc**3, cc*sc**2, cb*sc**2, sa*sc**2, ca*sc**2, cd*sc**2, sb*sc**2, cb*cc*sc, sa*cc*sc, ca*cc*sc, sb*cc*sc, cb**2*sc, sa*cb*sc, ca*cb*sc, cd*cb*sc, sb*cb*sc, sa**2*sc, ca*sa*sc, cd*sa*sc, sb*sa*sc, cd*ca*sc, sb*ca*sc, sb*cd*sc, cb**2*cc, sa*cb*cc, ca*cb*cc, sb*cb*cc, sa**2*cc, ca*sa*cc, sb*sa*cc, sb*ca*cc, cb**3, sa*cb**2, ca*cb**2, cd*cb**2, sb*cb**2, sa**2*cb, ca*sa*cb, cd*sa*cb, sb*sa*cb, cd*ca*cb, sb*ca*cb, sb*cd*cb, sa**3, ca*sa**2, cd*sa**2, sb*sa**2, cd*ca*sa, sb*ca*sa, sb*cd*sa, sb*cd*ca, sd**4, sc*sd**3, cc*sd**3, cb*sd**3, sa*sd**3, ca*sd**3, cd*sd**3, sb*sd**3, cb*sc*sd**2, sa*sc*sd**2, ca*sc*sd**2, sb*sc*sd**2, cb*cc*sd**2, sa*cc*sd**2, ca*cc*sd**2, sb*cc*sd**2;['sb', 'cd', 'ca', 'sa', 'cb', 'cc', 'sc', 'sd']
463;cd;cd_cb_sa_ca_sc_cc_sb_sd;685.8077724060277;6594;1456.63671875;cd*cc, sc**2, sa**2, cb**2, cd**2, cc**2*sd, sc*cc*sd, sa*cc*sd, cb*cc*sd, ca*sc*sd, sa*sc*sd, cb*sc*sd, cd*sc*sd, ca**2*sd, sa*ca*sd, cb*ca*sd, cd*ca*sd, cb*sa*sd, cd*sa*sd, cd*cb*sd, sb**3, cc*sb**2, sc*sb**2, ca*sb**2, sa*sb**2, cb*sb**2, cd*sb**2, cc**2*sb, sc*cc*sb, ca*cc*sb, sa*cc*sb, cb*cc*sb, ca*sc*sb, sa*sc*sb, cb*sc*sb, cd*sc*sb, ca**2*sb, sa*ca*sb, cb*ca*sb, cd*ca*sb, cb*sa*sb, cd*sa*sb, cd*cb*sb, cc**3, sc*cc**2, ca*cc**2, sa*cc**2, cb*cc**2, ca*sc*cc, sa*sc*cc, cb*sc*cc, ca**2*cc, sa*ca*cc, cb*ca*cc, cb*sa*cc, ca**2*sc, sa*ca*sc, cb*ca*sc, cd*ca*sc, cb*sa*sc, cd*sa*sc, cd*cb*sc, ca**3, sa*ca**2, cb*ca**2, cd*ca**2, cb*sa*ca, cd*sa*ca, cd*cb*ca, cd*cb*sa, sd**4, sb*sd**3, cc*sd**3, sc*sd**3, ca*sd**3, sa*sd**3, cb*sd**3, cd*sd**3, sb**2*sd**2, cc*sb*sd**2, sc*sb*sd**2, ca*sb*sd**2, sa*sb*sd**2, cb*sb*sd**2, cd*sb*sd**2, ca*cc*sd**2;['cd', 'cb', 'sa', 'ca', 'sc', 'cc', 'sb', 'sd']
464;sb;sb_cc_sc_cb_sd_sa_cd_ca;511.13788343500346;6249;1456.63671875;sa**2, sd**2, sc*sd, cc**2, sb**2, cb*sa*ca, sc*sa*ca, cc*sa*ca, sb*sa*ca, cb*sd*ca, cc*sd*ca, sb*sd*ca, cb**2*ca, sc*cb*ca, cc*cb*ca, sb*cb*ca, sc**2*ca, cc*sc*ca, sb*sc*ca, sb*cc*ca, cd**3, sa*cd**2, sd*cd**2, cb*cd**2, sc*cd**2, cc*cd**2, sb*cd**2, sd*sa*cd, cb*sa*cd, sc*sa*cd, cc*sa*cd, sb*sa*cd, cb*sd*cd, cc*sd*cd, sb*sd*cd, cb**2*cd, sc*cb*cd, cc*cb*cd, sb*cb*cd, sc**2*cd, cc*sc*cd, sb*sc*cd, sb*cc*cd, cb*sd*sa, cc*sd*sa, sb*sd*sa, cb**2*sa, sc*cb*sa, cc*cb*sa, sb*cb*sa, sc**2*sa, cc*sc*sa, sb*sc*sa, sb*cc*sa, cb**2*sd, cc*cb*sd, sb*cb*sd, sb*cc*sd, cb**3, sc*cb**2, cc*cb**2, sb*cb**2, sc**2*cb, cc*sc*cb, sb*sc*cb, sb*cc*cb, sc**3, cc*sc**2, sb*sc**2, sb*cc*sc, ca**4, cd*ca**3, sa*ca**3, sd*ca**3, cb*ca**3, sc*ca**3, cc*ca**3, sb*ca**3, cd**2*ca**2, sa*cd*ca**2, sd*cd*ca**2, cb*cd*ca**2, sc*cd*ca**2, cc*cd*ca**2, sb*cd*ca**2, sd*sa*ca**2;['sb', 'cc', 'sc', 'cb', 'sd', 'sa', 'cd', 'ca']
465;sc;sc_cc_ca_sb_cd_sa_cb_sd;522.6914780159714;5854;1456.63671875;cd**2, cc*cd, sb**2, ca**2, sc**2, cd*sa*sd, sb*sa*sd, ca*sa*sd, cc*sa*sd, sc*sa*sd, sb*cd*sd, ca*cd*sd, sc*cd*sd, ca*sb*sd, cc*sb*sd, sc*sb*sd, cc*ca*sd, sc*ca*sd, cc**2*sd, sc*cc*sd, cb**3, sa*cb**2, cd*cb**2, sb*cb**2, ca*cb**2, cc*cb**2, sc*cb**2, sa**2*cb, cd*sa*cb, sb*sa*cb, ca*sa*cb, cc*sa*cb, sc*sa*cb, sb*cd*cb, ca*cd*cb, sc*cd*cb, ca*sb*cb, cc*sb*cb, sc*sb*cb, cc*ca*cb, sc*ca*cb, cc**2*cb, sc*cc*cb, sa**3, cd*sa**2, sb*sa**2, ca*sa**2, cc*sa**2, sc*sa**2, sb*cd*sa, ca*cd*sa, sc*cd*sa, ca*sb*sa, cc*sb*sa, sc*sb*sa, cc*ca*sa, sc*ca*sa, cc**2*sa, sc*cc*sa, ca*sb*cd, sc*sb*cd, sc*ca*cd, cc*ca*sb, sc*ca*sb, cc**2*sb, sc*cc*sb, cc**2*ca, sc*cc*ca, cc**3, sc*cc**2, sd**4, cb*sd**3, sa*sd**3, cd*sd**3, sb*sd**3, ca*sd**3, cc*sd**3, sc*sd**3, cb**2*sd**2, sa*cb*sd**2, cd*cb*sd**2, sb*cb*sd**2, ca*cb*sd**2, cc*cb*sd**2, sc*cb*sd**2, sa**2*sd**2;['sc', 'cc', 'ca', 'sb', 'cd', 'sa', 'cb', 'sd']
466;cd;cd_cb_sd_sa_sb_cc_ca_sc;867.2929181769723;6240;1456.63671875;cc**2, cd*cc, sa**2, cb**2, cd**2, sa*cc*sc, sd*cc*sc, cb*cc*sc, sb**2*sc, sa*sb*sc, sd*sb*sc, cb*sb*sc, cd*sb*sc, sd*sa*sc, cb*sa*sc, cd*sa*sc, sd**2*sc, cb*sd*sc, cd*sd*sc, cd*cb*sc, ca**3, cc*ca**2, sb*ca**2, sa*ca**2, sd*ca**2, cb*ca**2, cd*ca**2, sb*cc*ca, sa*cc*ca, sd*cc*ca, cb*cc*ca, sb**2*ca, sa*sb*ca, sd*sb*ca, cb*sb*ca, cd*sb*ca, sd*sa*ca, cb*sa*ca, cd*sa*ca, sd**2*ca, cb*sd*ca, cd*sd*ca, cd*cb*ca, sb**2*cc, sa*sb*cc, sd*sb*cc, cb*sb*cc, sd*sa*cc, cb*sa*cc, sd**2*cc, cb*sd*cc, sb**3, sa*sb**2, sd*sb**2, cb*sb**2, cd*sb**2, sd*sa*sb, cb*sa*sb, cd*sa*sb, sd**2*sb, cb*sd*sb, cd*sd*sb, cd*cb*sb, sd**2*sa, cb*sd*sa, cd*sd*sa, cd*cb*sa, sd**3, cb*sd**2, cd*sd**2, cd*cb*sd, sc**4, ca*sc**3, cc*sc**3, sb*sc**3, sa*sc**3, sd*sc**3, cb*sc**3, cd*sc**3, ca**2*sc**2, cc*ca*sc**2, sb*ca*sc**2, sa*ca*sc**2, sd*ca*sc**2, cb*ca*sc**2, cd*ca*sc**2, sb*cc*sc**2;['cd', 'cb', 'sd', 'sa', 'sb', 'cc', 'ca', 'sc']
467;cb;cb_cc_sb_sd_ca_sa_sc_cd;481.4873534149956;5588;1456.63671875;sd*sc, ca**2, sd**2, cc**2, cb**2, sc**2*cd, cc*sc*cd, cc*sa*cd, cb*sa*cd, sd*ca*cd, sb*ca*cd, cc*ca*cd, cb*ca*cd, sb*sd*cd, cc*sd*cd, cb*sd*cd, sb**2*cd, cc*sb*cd, cb*sb*cd, cb*cc*cd, sc**3, sa*sc**2, ca*sc**2, sb*sc**2, cc*sc**2, cb*sc**2, sa**2*sc, ca*sa*sc, sb*sa*sc, cc*sa*sc, cb*sa*sc, sb*ca*sc, cc*ca*sc, cb*ca*sc, sb**2*sc, cc*sb*sc, cb*sb*sc, cb*cc*sc, sa**3, ca*sa**2, sd*sa**2, sb*sa**2, cc*sa**2, cb*sa**2, sd*ca*sa, sb*ca*sa, cc*ca*sa, cb*ca*sa, sb*sd*sa, cc*sd*sa, cb*sd*sa, sb**2*sa, cc*sb*sa, cb*sb*sa, cb*cc*sa, sb*sd*ca, cc*sd*ca, cb*sd*ca, sb**2*ca, cc*sb*ca, cb*sb*ca, cb*cc*ca, sb**2*sd, cc*sb*sd, cb*sb*sd, cb*cc*sd, sb**3, cc*sb**2, cb*sb**2, cb*cc*sb, cd**4, sc*cd**3, sa*cd**3, ca*cd**3, sd*cd**3, sb*cd**3, cc*cd**3, cb*cd**3, sa*sc*cd**2, ca*sc*cd**2, sb*sc*cd**2, cb*sc*cd**2, sa**2*cd**2, ca*sa*cd**2, sd*sa*cd**2, sb*sa*cd**2;['cb', 'cc', 'sb', 'sd', 'ca', 'sa', 'sc', 'cd']
468;sb;sb_sd_ca_sa_cd_cb_sc_cc;1089.124346313998;5329;1456.63671875;sc**2, sd*sc, ca**2, sd**2, sb**2, cd*sc*cc, sd*cb*cc, sb*cb*cc, cd**2*cc, sa*cd*cc, ca*cd*cc, sd*cd*cc, sb*cd*cc, sa**2*cc, ca*sa*cc, sd*sa*cc, sb*sa*cc, sd*ca*cc, sb*ca*cc, sb*sd*cc, cb**2*sc, cd*cb*sc, sa*cb*sc, ca*cb*sc, sb*cb*sc, cd**2*sc, sa*cd*sc, ca*cd*sc, sb*cd*sc, sa**2*sc, ca*sa*sc, sb*sa*sc, sb*ca*sc, cb**3, cd*cb**2, sa*cb**2, ca*cb**2, sd*cb**2, sb*cb**2, cd**2*cb, sa*cd*cb, ca*cd*cb, sd*cd*cb, sb*cd*cb, sa**2*cb, ca*sa*cb, sd*sa*cb, sb*sa*cb, sd*ca*cb, sb*ca*cb, sb*sd*cb, cd**3, sa*cd**2, ca*cd**2, sd*cd**2, sb*cd**2, sa**2*cd, ca*sa*cd, sd*sa*cd, sb*sa*cd, sd*ca*cd, sb*ca*cd, sb*sd*cd, sa**3, ca*sa**2, sd*sa**2, sb*sa**2, sd*ca*sa, sb*ca*sa, sb*sd*sa, sb*sd*ca, cc**4, sc*cc**3, cb*cc**3, cd*cc**3, sa*cc**3, ca*cc**3, sd*cc**3, sb*cc**3, cb*sc*cc**2, sa*sc*cc**2, ca*sc*cc**2, sb*sc*cc**2, cb**2*cc**2, cd*cb*cc**2, sa*cb*cc**2, ca*cb*cc**2;['sb', 'sd', 'ca', 'sa', 'cd', 'cb', 'sc', 'cc']
469;cb;cb_sc_cc_cd_ca_sb_sa_sd;461.38850603892934;5980;1456.63671875;ca**2, cd**2, cc*cd, sc**2, cb**2, ca*sb*sd, cd*sb*sd, cc*sb*sd, sc*sb*sd, cb*sb*sd, cd*ca*sd, cc*ca*sd, sc*ca*sd, cb*ca*sd, sc*cd*sd, cb*cd*sd, cc**2*sd, sc*cc*sd, cb*cc*sd, cb*sc*sd, sa**3, sb*sa**2, ca*sa**2, cd*sa**2, cc*sa**2, sc*sa**2, cb*sa**2, sb**2*sa, ca*sb*sa, cd*sb*sa, cc*sb*sa, sc*sb*sa, cb*sb*sa, cd*ca*sa, cc*ca*sa, sc*ca*sa, cb*ca*sa, sc*cd*sa, cb*cd*sa, cc**2*sa, sc*cc*sa, cb*cc*sa, cb*sc*sa, sb**3, ca*sb**2, cd*sb**2, cc*sb**2, sc*sb**2, cb*sb**2, cd*ca*sb, cc*ca*sb, sc*ca*sb, cb*ca*sb, sc*cd*sb, cb*cd*sb, cc**2*sb, sc*cc*sb, cb*cc*sb, cb*sc*sb, sc*cd*ca, cb*cd*ca, cc**2*ca, sc*cc*ca, cb*cc*ca, cb*sc*ca, cb*sc*cd, cc**3, sc*cc**2, cb*cc**2, cb*sc*cc, sd**4, sa*sd**3, sb*sd**3, ca*sd**3, cd*sd**3, cc*sd**3, sc*sd**3, cb*sd**3, sa**2*sd**2, sb*sa*sd**2, ca*sa*sd**2, cd*sa*sd**2, cc*sa*sd**2, sc*sa*sd**2, cb*sa*sd**2, sb**2*sd**2;['cb', 'sc', 'cc', 'cd', 'ca', 'sb', 'sa', 'sd']
470;sa;sa_cd_sc_sb_cb_cc_sd_ca;1609.1229392980458;6122;1456.63671875;cd*cc, sb**2, sc**2, cd**2, sa**2, cb*cc*ca, sb*cc*ca, sc*cc*ca, sa*cc*ca, cb**2*ca, sb*cb*ca, sc*cb*ca, cd*cb*ca, sa*cb*ca, sc*sb*ca, cd*sb*ca, sa*sb*ca, cd*sc*ca, sa*sc*ca, sa*cd*ca, sd**3, cc*sd**2, cb*sd**2, sb*sd**2, sc*sd**2, cd*sd**2, sa*sd**2, cc**2*sd, cb*cc*sd, sb*cc*sd, sc*cc*sd, sa*cc*sd, cb**2*sd, sb*cb*sd, sc*cb*sd, cd*cb*sd, sa*cb*sd, sc*sb*sd, cd*sb*sd, sa*sb*sd, cd*sc*sd, sa*sc*sd, sa*cd*sd, cc**3, cb*cc**2, sb*cc**2, sc*cc**2, sa*cc**2, cb**2*cc, sb*cb*cc, sc*cb*cc, sa*cb*cc, sc*sb*cc, sa*sb*cc, sa*sc*cc, cb**3, sb*cb**2, sc*cb**2, cd*cb**2, sa*cb**2, sc*sb*cb, cd*sb*cb, sa*sb*cb, cd*sc*cb, sa*sc*cb, sa*cd*cb, cd*sc*sb, sa*sc*sb, sa*cd*sb, sa*cd*sc, ca**4, sd*ca**3, cc*ca**3, cb*ca**3, sb*ca**3, sc*ca**3, cd*ca**3, sa*ca**3, sd**2*ca**2, cc*sd*ca**2, cb*sd*ca**2, sb*sd*ca**2, sc*sd*ca**2, cd*sd*ca**2, sa*sd*ca**2, cc**2*ca**2;['sa', 'cd', 'sc', 'sb', 'cb', 'cc', 'sd', 'ca']
471;sc;sc_sd_cd_sa_cc_cb_ca_sb;1081.8674339849968;5800;1456.63671875;cb**2, sa**2, sd**2, sc*sd, sc**2, sa*cb*sb, cd*cb*sb, sd*cb*sb, sc*cb*sb, cc**2*sb, sa*cc*sb, cd*cc*sb, sd*cc*sb, sc*cc*sb, cd*sa*sb, sd*sa*sb, sc*sa*sb, cd**2*sb, sd*cd*sb, sc*cd*sb, ca**3, cb*ca**2, cc*ca**2, sa*ca**2, cd*ca**2, sd*ca**2, sc*ca**2, cc*cb*ca, sa*cb*ca, cd*cb*ca, sd*cb*ca, sc*cb*ca, cc**2*ca, sa*cc*ca, cd*cc*ca, sd*cc*ca, sc*cc*ca, cd*sa*ca, sd*sa*ca, sc*sa*ca, cd**2*ca, sd*cd*ca, sc*cd*ca, cc**2*cb, sa*cc*cb, cd*cc*cb, sd*cc*cb, sc*cc*cb, cd*sa*cb, sd*sa*cb, sc*sa*cb, cd**2*cb, sd*cd*cb, sc*cd*cb, cc**3, sa*cc**2, cd*cc**2, sd*cc**2, sc*cc**2, cd*sa*cc, sd*sa*cc, sc*sa*cc, cd**2*cc, sd*cd*cc, sc*cd*cc, cd**2*sa, sd*cd*sa, sc*cd*sa, cd**3, sd*cd**2, sc*cd**2, sb**4, ca*sb**3, cb*sb**3, cc*sb**3, sa*sb**3, cd*sb**3, sd*sb**3, sc*sb**3, ca**2*sb**2, cb*ca*sb**2, cc*ca*sb**2, sa*ca*sb**2, cd*ca*sb**2, sd*ca*sb**2, sc*ca*sb**2, cc*cb*sb**2;['sc', 'sd', 'cd', 'sa', 'cc', 'cb', 'ca', 'sb']
472;cc;cc_sb_cb_cd_sc_sd_sa_ca;322.32221357303206;5240;1456.63671875;sa**2, cd**2, cc*cd, sb**2, cc**2, cd*sd*ca, cb*sd*ca, sb*sd*ca, cc*sd*ca, sc**2*ca, cd*sc*ca, cb*sc*ca, sb*sc*ca, cc*sc*ca, cb*cd*ca, sb*cd*ca, cb**2*ca, sb*cb*ca, cc*cb*ca, cc*sb*ca, sd**2*sa, sc*sd*sa, cd*sd*sa, cb*sd*sa, sb*sd*sa, cc*sd*sa, sc**2*sa, cd*sc*sa, cb*sc*sa, sb*sc*sa, cc*sc*sa, cb*cd*sa, sb*cd*sa, cb**2*sa, sb*cb*sa, cc*cb*sa, cc*sb*sa, sd**3, sc*sd**2, cd*sd**2, cb*sd**2, sb*sd**2, cc*sd**2, sc**2*sd, cd*sc*sd, cb*sc*sd, sb*sc*sd, cc*sc*sd, cb*cd*sd, sb*cd*sd, cb**2*sd, sb*cb*sd, cc*cb*sd, cc*sb*sd, sc**3, cd*sc**2, cb*sc**2, sb*sc**2, cc*sc**2, cb*cd*sc, sb*cd*sc, cb**2*sc, sb*cb*sc, cc*cb*sc, cc*sb*sc, cb**2*cd, sb*cb*cd, cb**3, sb*cb**2, cc*cb**2, cc*sb*cb, ca**4, sa*ca**3, sd*ca**3, sc*ca**3, cd*ca**3, cb*ca**3, sb*ca**3, cc*ca**3, sd*sa*ca**2, sc*sa*ca**2, cd*sa*ca**2, cb*sa*ca**2, sb*sa*ca**2, cc*sa*ca**2, sd**2*ca**2, sc*sd*ca**2;['cc', 'sb', 'cb', 'cd', 'sc', 'sd', 'sa', 'ca']
473;cc;cc_sa_sb_sc_cb_sd_ca_cd;621.4482914890395;5625;1456.63671875;sd**2, sc*sd, sb**2, sa**2, cc**2, sb*sd*cd, sa*sd*cd, cc*sd*cd, cb**2*cd, sc*cb*cd, sb*cb*cd, sa*cb*cd, cc*cb*cd, sc**2*cd, sb*sc*cd, sa*sc*cd, cc*sc*cd, sa*sb*cd, cc*sb*cd, cc*sa*cd, ca**3, sd*ca**2, cb*ca**2, sc*ca**2, sb*ca**2, sa*ca**2, cc*ca**2, cb*sd*ca, sb*sd*ca, sa*sd*ca, cc*sd*ca, cb**2*ca, sc*cb*ca, sb*cb*ca, sa*cb*ca, cc*cb*ca, sc**2*ca, sb*sc*ca, sa*sc*ca, cc*sc*ca, sa*sb*ca, cc*sb*ca, cc*sa*ca, cb**2*sd, sb*cb*sd, sa*cb*sd, cc*cb*sd, sa*sb*sd, cc*sb*sd, cc*sa*sd, cb**3, sc*cb**2, sb*cb**2, sa*cb**2, cc*cb**2, sc**2*cb, sb*sc*cb, sa*sc*cb, cc*sc*cb, sa*sb*cb, cc*sb*cb, cc*sa*cb, sc**3, sb*sc**2, sa*sc**2, cc*sc**2, sa*sb*sc, cc*sb*sc, cc*sa*sc, cc*sa*sb, cd**4, ca*cd**3, sd*cd**3, cb*cd**3, sc*cd**3, sb*cd**3, sa*cd**3, cc*cd**3, ca**2*cd**2, sd*ca*cd**2, cb*ca*cd**2, sc*ca*cd**2, sb*ca*cd**2, sa*ca*cd**2, cc*ca*cd**2, cb*sd*cd**2;['cc', 'sa', 'sb', 'sc', 'cb', 'sd', 'ca', 'cd']
474;cb;cb_cd_sd_cc_sa_ca_sc_sb;803.5664205839857;6625;1456.63671875;sa**2, cc**2, cd*cc, cd**2, cb**2, sa*ca*sb, cc*ca*sb, sd*ca*sb, cd*ca*sb, cb*ca*sb, cc*sa*sb, sd*sa*sb, cd*sa*sb, cb*sa*sb, sd*cc*sb, cb*cc*sb, sd**2*sb, cd*sd*sb, cb*sd*sb, cb*cd*sb, sc**3, ca*sc**2, sa*sc**2, cc*sc**2, sd*sc**2, cd*sc**2, cb*sc**2, ca**2*sc, sa*ca*sc, cc*ca*sc, sd*ca*sc, cd*ca*sc, cb*ca*sc, cc*sa*sc, sd*sa*sc, cd*sa*sc, cb*sa*sc, sd*cc*sc, cb*cc*sc, sd**2*sc, cd*sd*sc, cb*sd*sc, cb*cd*sc, ca**3, sa*ca**2, cc*ca**2, sd*ca**2, cd*ca**2, cb*ca**2, cc*sa*ca, sd*sa*ca, cd*sa*ca, cb*sa*ca, sd*cc*ca, cb*cc*ca, sd**2*ca, cd*sd*ca, cb*sd*ca, cb*cd*ca, sd*cc*sa, cb*cc*sa, sd**2*sa, cd*sd*sa, cb*sd*sa, cb*cd*sa, sd**2*cc, cb*sd*cc, sd**3, cd*sd**2, cb*sd**2, cb*cd*sd, sb**4, sc*sb**3, ca*sb**3, sa*sb**3, cc*sb**3, sd*sb**3, cd*sb**3, cb*sb**3, sc**2*sb**2, ca*sc*sb**2, sa*sc*sb**2, cc*sc*sb**2, sd*sc*sb**2, cd*sc*sb**2, cb*sc*sb**2, ca**2*sb**2;['cb', 'cd', 'sd', 'cc', 'sa', 'ca', 'sc', 'sb']
475;ca;ca_cb_sc_cc_cd_sb_sa_sd;364.93726602604147;5673;1456.63671875;cd**2, cc*cd, sc**2, cb**2, ca**2, cd*sb*sd, cc*sb*sd, sc*sb*sd, cb*sb*sd, ca*sb*sd, sc*cd*sd, cb*cd*sd, ca*cd*sd, cc**2*sd, sc*cc*sd, cb*cc*sd, ca*cc*sd, cb*sc*sd, ca*sc*sd, ca*cb*sd, sa**3, sb*sa**2, cd*sa**2, cc*sa**2, sc*sa**2, cb*sa**2, ca*sa**2, sb**2*sa, cd*sb*sa, cc*sb*sa, sc*sb*sa, cb*sb*sa, ca*sb*sa, sc*cd*sa, cb*cd*sa, ca*cd*sa, cc**2*sa, sc*cc*sa, cb*cc*sa, ca*cc*sa, cb*sc*sa, ca*sc*sa, ca*cb*sa, sb**3, cd*sb**2, cc*sb**2, sc*sb**2, cb*sb**2, ca*sb**2, sc*cd*sb, cb*cd*sb, ca*cd*sb, cc**2*sb, sc*cc*sb, cb*cc*sb, ca*cc*sb, cb*sc*sb, ca*sc*sb, ca*cb*sb, cb*sc*cd, ca*sc*cd, ca*cb*cd, cc**3, sc*cc**2, cb*cc**2, ca*cc**2, cb*sc*cc, ca*sc*cc, ca*cb*cc, ca*cb*sc, sd**4, sa*sd**3, sb*sd**3, cd*sd**3, cc*sd**3, sc*sd**3, cb*sd**3, ca*sd**3, sa**2*sd**2, sb*sa*sd**2, cd*sa*sd**2, cc*sa*sd**2, sc*sa*sd**2, cb*sa*sd**2, ca*sa*sd**2, sb**2*sd**2;['ca', 'cb', 'sc', 'cc', 'cd', 'sb', 'sa', 'sd']
476;cc;cc_sd_sb_sc_sa_cb_cd_ca;476.3316875019809;6336;1456.63671875;sa**2, sd*sc, sb**2, sd**2, cc**2, sa*cb*ca, sc*cb*ca, sb*cb*ca, sd*cb*ca, cc*cb*ca, sc*sa*ca, sb*sa*ca, sd*sa*ca, cc*sa*ca, sc**2*ca, sb*sc*ca, cc*sc*ca, sd*sb*ca, cc*sb*ca, cc*sd*ca, cd**3, cb*cd**2, sa*cd**2, sc*cd**2, sb*cd**2, sd*cd**2, cc*cd**2, cb**2*cd, sa*cb*cd, sc*cb*cd, sb*cb*cd, sd*cb*cd, cc*cb*cd, sc*sa*cd, sb*sa*cd, sd*sa*cd, cc*sa*cd, sc**2*cd, sb*sc*cd, cc*sc*cd, sd*sb*cd, cc*sb*cd, cc*sd*cd, cb**3, sa*cb**2, sc*cb**2, sb*cb**2, sd*cb**2, cc*cb**2, sc*sa*cb, sb*sa*cb, sd*sa*cb, cc*sa*cb, sc**2*cb, sb*sc*cb, cc*sc*cb, sd*sb*cb, cc*sb*cb, cc*sd*cb, sc**2*sa, sb*sc*sa, cc*sc*sa, sd*sb*sa, cc*sb*sa, cc*sd*sa, sc**3, sb*sc**2, cc*sc**2, cc*sb*sc, cc*sd*sb, ca**4, cd*ca**3, cb*ca**3, sa*ca**3, sc*ca**3, sb*ca**3, sd*ca**3, cc*ca**3, cd**2*ca**2, cb*cd*ca**2, sa*cd*ca**2, sc*cd*ca**2, sb*cd*ca**2, sd*cd*ca**2, cc*cd*ca**2, cb**2*ca**2;['cc', 'sd', 'sb', 'sc', 'sa', 'cb', 'cd', 'ca']
477;cc;cc_sd_sc_sb_cd_ca_sa_cb;633.737944877008;6377;1462.54296875;ca**2, sb**2, sd*sc, sd**2, cc**2, sb*ca*cb, sc*ca*cb, sd*ca*cb, cc*ca*cb, cd**2*cb, sb*cd*cb, sc*cd*cb, sd*cd*cb, cc*cd*cb, sc*sb*cb, sd*sb*cb, cc*sb*cb, sc**2*cb, cc*sc*cb, cc*sd*cb, sa**3, ca*sa**2, cd*sa**2, sb*sa**2, sc*sa**2, sd*sa**2, cc*sa**2, cd*ca*sa, sb*ca*sa, sc*ca*sa, sd*ca*sa, cc*ca*sa, cd**2*sa, sb*cd*sa, sc*cd*sa, sd*cd*sa, cc*cd*sa, sc*sb*sa, sd*sb*sa, cc*sb*sa, sc**2*sa, cc*sc*sa, cc*sd*sa, cd**2*ca, sb*cd*ca, sc*cd*ca, sd*cd*ca, cc*cd*ca, sc*sb*ca, sd*sb*ca, cc*sb*ca, sc**2*ca, cc*sc*ca, cc*sd*ca, cd**3, sb*cd**2, sc*cd**2, sd*cd**2, cc*cd**2, sc*sb*cd, sd*sb*cd, cc*sb*cd, sc**2*cd, cc*sc*cd, cc*sd*cd, sc**2*sb, cc*sc*sb, cc*sd*sb, sc**3, cc*sc**2, cb**4, sa*cb**3, ca*cb**3, cd*cb**3, sb*cb**3, sc*cb**3, sd*cb**3, cc*cb**3, sa**2*cb**2, ca*sa*cb**2, cd*sa*cb**2, sb*sa*cb**2, sc*sa*cb**2, sd*sa*cb**2, cc*sa*cb**2, cd*ca*cb**2;['cc', 'sd', 'sc', 'sb', 'cd', 'ca', 'sa', 'cb']
478;sc;sc_cb_cc_sa_cd_ca_sb_sd;532.7231942950748;5896;1462.54296875;cd**2, cc*cd, sa**2, cb**2, sc**2, cd*ca*sd, sa*ca*sd, cc*ca*sd, cb*ca*sd, sc*ca*sd, sa*cd*sd, cb*cd*sd, sc*cd*sd, cc*sa*sd, cb*sa*sd, sc*sa*sd, cc**2*sd, cb*cc*sd, sc*cc*sd, sc*cb*sd, sb**3, ca*sb**2, cd*sb**2, sa*sb**2, cc*sb**2, cb*sb**2, sc*sb**2, ca**2*sb, cd*ca*sb, sa*ca*sb, cc*ca*sb, cb*ca*sb, sc*ca*sb, sa*cd*sb, cb*cd*sb, sc*cd*sb, cc*sa*sb, cb*sa*sb, sc*sa*sb, cc**2*sb, cb*cc*sb, sc*cc*sb, sc*cb*sb, ca**3, cd*ca**2, sa*ca**2, cc*ca**2, cb*ca**2, sc*ca**2, sa*cd*ca, cb*cd*ca, sc*cd*ca, cc*sa*ca, cb*sa*ca, sc*sa*ca, cc**2*ca, cb*cc*ca, sc*cc*ca, sc*cb*ca, cb*sa*cd, sc*sa*cd, sc*cb*cd, cc**2*sa, cb*cc*sa, sc*cc*sa, sc*cb*sa, cc**3, cb*cc**2, sc*cc**2, sc*cb*cc, sd**4, sb*sd**3, ca*sd**3, cd*sd**3, sa*sd**3, cc*sd**3, cb*sd**3, sc*sd**3, sb**2*sd**2, ca*sb*sd**2, cd*sb*sd**2, sa*sb*sd**2, cc*sb*sd**2, cb*sb*sd**2, sc*sb*sd**2, ca**2*sd**2;['sc', 'cb', 'cc', 'sa', 'cd', 'ca', 'sb', 'sd']
479;cc;cc_sa_sc_sb_sd_cb_ca_cd;453.8036863260204;6100;1461.55859375;sd**2, sc*sd, sb**2, sa**2, cc**2, sd*cb*cd, sb*cb*cd, sc*cb*cd, sa*cb*cd, cc*cb*cd, sb*sd*cd, sa*sd*cd, cc*sd*cd, sc*sb*cd, sa*sb*cd, cc*sb*cd, sc**2*cd, sa*sc*cd, cc*sc*cd, cc*sa*cd, ca**3, cb*ca**2, sd*ca**2, sb*ca**2, sc*ca**2, sa*ca**2, cc*ca**2, cb**2*ca, sd*cb*ca, sb*cb*ca, sc*cb*ca, sa*cb*ca, cc*cb*ca, sb*sd*ca, sa*sd*ca, cc*sd*ca, sc*sb*ca, sa*sb*ca, cc*sb*ca, sc**2*ca, sa*sc*ca, cc*sc*ca, cc*sa*ca, cb**3, sd*cb**2, sb*cb**2, sc*cb**2, sa*cb**2, cc*cb**2, sb*sd*cb, sa*sd*cb, cc*sd*cb, sc*sb*cb, sa*sb*cb, cc*sb*cb, sc**2*cb, sa*sc*cb, cc*sc*cb, cc*sa*cb, sa*sb*sd, cc*sb*sd, cc*sa*sd, sc**2*sb, sa*sc*sb, cc*sc*sb, cc*sa*sb, sc**3, sa*sc**2, cc*sc**2, cc*sa*sc, cd**4, ca*cd**3, cb*cd**3, sd*cd**3, sb*cd**3, sc*cd**3, sa*cd**3, cc*cd**3, ca**2*cd**2, cb*ca*cd**2, sd*ca*cd**2, sb*ca*cd**2, sc*ca*cd**2, sa*ca*cd**2, cc*ca*cd**2, cb**2*cd**2;['cc', 'sa', 'sc', 'sb', 'sd', 'cb', 'ca', 'cd']
480;sc;sc_cb_sd_ca_cd_sa_sb_cc;658.9567639039597;7500;1462.5390625;ca**2, sd**2, sc*sd, cb**2, sc**2, cd*sa*cc, ca*sa*cc, sd*sa*cc, cb*sa*cc, sc*sa*cc, cd**2*cc, ca*cd*cc, sd*cd*cc, cb*cd*cc, sc*cd*cc, sd*ca*cc, cb*ca*cc, sc*ca*cc, cb*sd*cc, sc*cb*cc, sb**3, sa*sb**2, cd*sb**2, ca*sb**2, sd*sb**2, cb*sb**2, sc*sb**2, sa**2*sb, cd*sa*sb, ca*sa*sb, sd*sa*sb, cb*sa*sb, sc*sa*sb, cd**2*sb, ca*cd*sb, sd*cd*sb, cb*cd*sb, sc*cd*sb, sd*ca*sb, cb*ca*sb, sc*ca*sb, cb*sd*sb, sc*cb*sb, sa**3, cd*sa**2, ca*sa**2, sd*sa**2, cb*sa**2, sc*sa**2, cd**2*sa, ca*cd*sa, sd*cd*sa, cb*cd*sa, sc*cd*sa, sd*ca*sa, cb*ca*sa, sc*ca*sa, cb*sd*sa, sc*cb*sa, cd**3, ca*cd**2, sd*cd**2, cb*cd**2, sc*cd**2, sd*ca*cd, cb*ca*cd, sc*ca*cd, cb*sd*cd, sc*cb*cd, cb*sd*ca, sc*cb*ca, cc**4, sb*cc**3, sa*cc**3, cd*cc**3, ca*cc**3, sd*cc**3, cb*cc**3, sc*cc**3, sb**2*cc**2, sa*sb*cc**2, cd*sb*cc**2, ca*sb*cc**2, sd*sb*cc**2, cb*sb*cc**2, sc*sb*cc**2, sa**2*cc**2;['sc', 'cb', 'sd', 'ca', 'cd', 'sa', 'sb', 'cc']
481;cb;cb_cd_sd_sb_cc_sa_sc_ca;698.1731009429786;6472;1462.5390625;sa**2, cc**2, cd*cc, cd**2, cb**2, sb*sa*ca, sd*sa*ca, cd*sa*ca, cb*sa*ca, sb*cc*ca, sd*cc*ca, cb*cc*ca, sb**2*ca, sd*sb*ca, cd*sb*ca, cb*sb*ca, sd**2*ca, cd*sd*ca, cb*sd*ca, cb*cd*ca, sc**3, sa*sc**2, cc*sc**2, sb*sc**2, sd*sc**2, cd*sc**2, cb*sc**2, cc*sa*sc, sb*sa*sc, sd*sa*sc, cd*sa*sc, cb*sa*sc, sb*cc*sc, sd*cc*sc, cb*cc*sc, sb**2*sc, sd*sb*sc, cd*sb*sc, cb*sb*sc, sd**2*sc, cd*sd*sc, cb*sd*sc, cb*cd*sc, sb*cc*sa, sd*cc*sa, cb*cc*sa, sb**2*sa, sd*sb*sa, cd*sb*sa, cb*sb*sa, sd**2*sa, cd*sd*sa, cb*sd*sa, cb*cd*sa, sb**2*cc, sd*sb*cc, cb*sb*cc, sd**2*cc, cb*sd*cc, sb**3, sd*sb**2, cd*sb**2, cb*sb**2, sd**2*sb, cd*sd*sb, cb*sd*sb, cb*cd*sb, sd**3, cd*sd**2, cb*sd**2, cb*cd*sd, ca**4, sc*ca**3, sa*ca**3, cc*ca**3, sb*ca**3, sd*ca**3, cd*ca**3, cb*ca**3, sc**2*ca**2, sa*sc*ca**2, cc*sc*ca**2, sb*sc*ca**2, sd*sc*ca**2, cd*sc*ca**2, cb*sc*ca**2, cc*sa*ca**2;['cb', 'cd', 'sd', 'sb', 'cc', 'sa', 'sc', 'ca']
482;cd;cd_cc_cb_ca_sa_sd_sb_sc;527.754733301932;6274;1462.5390625;ca**2, cb**2, cc**2, cd*cc, cd**2, sd**2*sc, ca*sd*sc, cb*sd*sc, cc*sd*sc, cd*sd*sc, sa**2*sc, ca*sa*sc, cb*sa*sc, cc*sa*sc, cd*sa*sc, cb*ca*sc, cc*ca*sc, cd*ca*sc, cc*cb*sc, cd*cb*sc, sb**3, sd*sb**2, sa*sb**2, ca*sb**2, cb*sb**2, cc*sb**2, cd*sb**2, sd**2*sb, sa*sd*sb, ca*sd*sb, cb*sd*sb, cc*sd*sb, cd*sd*sb, sa**2*sb, ca*sa*sb, cb*sa*sb, cc*sa*sb, cd*sa*sb, cb*ca*sb, cc*ca*sb, cd*ca*sb, cc*cb*sb, cd*cb*sb, sd**3, sa*sd**2, ca*sd**2, cb*sd**2, cc*sd**2, cd*sd**2, sa**2*sd, ca*sa*sd, cb*sa*sd, cc*sa*sd, cd*sa*sd, cb*ca*sd, cc*ca*sd, cd*ca*sd, cc*cb*sd, cd*cb*sd, sa**3, ca*sa**2, cb*sa**2, cc*sa**2, cd*sa**2, cb*ca*sa, cc*ca*sa, cd*ca*sa, cc*cb*sa, cd*cb*sa, cc*cb*ca, cd*cb*ca, sc**4, sb*sc**3, sd*sc**3, sa*sc**3, ca*sc**3, cb*sc**3, cc*sc**3, cd*sc**3, sb**2*sc**2, sd*sb*sc**2, sa*sb*sc**2, ca*sb*sc**2, cb*sb*sc**2, cc*sb*sc**2, cd*sb*sc**2, sa*sd*sc**2;['cd', 'cc', 'cb', 'ca', 'sa', 'sd', 'sb', 'sc']
483;cc;cc_cb_ca_sb_sc_cd_sd_sa;725.3664697699714;6372;1462.5390625;cd**2, cc*cd, ca**2, cb**2, cc**2, sb*cd*sa, ca*cd*sa, cb*cd*sa, sc**2*sa, sb*sc*sa, ca*sc*sa, cb*sc*sa, cc*sc*sa, sb**2*sa, ca*sb*sa, cb*sb*sa, cc*sb*sa, cb*ca*sa, cc*ca*sa, cc*cb*sa, sd**3, cd*sd**2, sc*sd**2, sb*sd**2, ca*sd**2, cb*sd**2, cc*sd**2, sc*cd*sd, sb*cd*sd, ca*cd*sd, cb*cd*sd, sc**2*sd, sb*sc*sd, ca*sc*sd, cb*sc*sd, cc*sc*sd, sb**2*sd, ca*sb*sd, cb*sb*sd, cc*sb*sd, cb*ca*sd, cc*ca*sd, cc*cb*sd, sc**2*cd, sb*sc*cd, ca*sc*cd, cb*sc*cd, sb**2*cd, ca*sb*cd, cb*sb*cd, cb*ca*cd, sc**3, sb*sc**2, ca*sc**2, cb*sc**2, cc*sc**2, sb**2*sc, ca*sb*sc, cb*sb*sc, cc*sb*sc, cb*ca*sc, cc*ca*sc, cc*cb*sc, sb**3, ca*sb**2, cb*sb**2, cc*sb**2, cb*ca*sb, cc*ca*sb, cc*cb*sb, cc*cb*ca, sa**4, sd*sa**3, cd*sa**3, sc*sa**3, sb*sa**3, ca*sa**3, cb*sa**3, cc*sa**3, sd**2*sa**2, cd*sd*sa**2, sc*sd*sa**2, sb*sd*sa**2, ca*sd*sa**2, cb*sd*sa**2, cc*sd*sa**2, sc*cd*sa**2;['cc', 'cb', 'ca', 'sb', 'sc', 'cd', 'sd', 'sa']
484;cd;cd_cb_ca_sd_cc_sa_sc_sb;466.08192957600113;6317;1461.5546875;cc**2, cd*cc, ca**2, cb**2, cd**2, cc*sa*sb, sd*sa*sb, ca*sa*sb, cb*sa*sb, cd*sa*sb, sd*cc*sb, ca*cc*sb, cb*cc*sb, sd**2*sb, ca*sd*sb, cb*sd*sb, cd*sd*sb, cb*ca*sb, cd*ca*sb, cd*cb*sb, sc**3, sa*sc**2, cc*sc**2, sd*sc**2, ca*sc**2, cb*sc**2, cd*sc**2, sa**2*sc, cc*sa*sc, sd*sa*sc, ca*sa*sc, cb*sa*sc, cd*sa*sc, sd*cc*sc, ca*cc*sc, cb*cc*sc, sd**2*sc, ca*sd*sc, cb*sd*sc, cd*sd*sc, cb*ca*sc, cd*ca*sc, cd*cb*sc, sa**3, cc*sa**2, sd*sa**2, ca*sa**2, cb*sa**2, cd*sa**2, sd*cc*sa, ca*cc*sa, cb*cc*sa, sd**2*sa, ca*sd*sa, cb*sd*sa, cd*sd*sa, cb*ca*sa, cd*ca*sa, cd*cb*sa, sd**2*cc, ca*sd*cc, cb*sd*cc, cb*ca*cc, sd**3, ca*sd**2, cb*sd**2, cd*sd**2, cb*ca*sd, cd*ca*sd, cd*cb*sd, cd*cb*ca, sb**4, sc*sb**3, sa*sb**3, cc*sb**3, sd*sb**3, ca*sb**3, cb*sb**3, cd*sb**3, sc**2*sb**2, sa*sc*sb**2, cc*sc*sb**2, sd*sc*sb**2, ca*sc*sb**2, cb*sc*sb**2, cd*sc*sb**2, sa**2*sb**2;['cd', 'cb', 'ca', 'sd', 'cc', 'sa', 'sc', 'sb']
485;cb;cb_sa_sd_sb_cc_ca_sc_cd;968.4089472919004;5647;1461.5546875;sd*sc, cc**2, sd**2, sa**2, cb**2, sc**2*cd, cc*sc*cd, sa*ca*cd, cb*ca*cd, sb*cc*cd, sd*cc*cd, sa*cc*cd, cb*cc*cd, sb**2*cd, sd*sb*cd, sa*sb*cd, cb*sb*cd, sa*sd*cd, cb*sd*cd, cb*sa*cd, sc**3, ca*sc**2, cc*sc**2, sb*sc**2, sa*sc**2, cb*sc**2, ca**2*sc, cc*ca*sc, sb*ca*sc, sa*ca*sc, cb*ca*sc, sb*cc*sc, sa*cc*sc, cb*cc*sc, sb**2*sc, sa*sb*sc, cb*sb*sc, cb*sa*sc, ca**3, cc*ca**2, sb*ca**2, sd*ca**2, sa*ca**2, cb*ca**2, sb*cc*ca, sd*cc*ca, sa*cc*ca, cb*cc*ca, sb**2*ca, sd*sb*ca, sa*sb*ca, cb*sb*ca, sa*sd*ca, cb*sd*ca, cb*sa*ca, sb**2*cc, sd*sb*cc, sa*sb*cc, cb*sb*cc, sa*sd*cc, cb*sd*cc, cb*sa*cc, sb**3, sd*sb**2, sa*sb**2, cb*sb**2, sa*sd*sb, cb*sd*sb, cb*sa*sb, cb*sa*sd, cd**4, sc*cd**3, ca*cd**3, cc*cd**3, sb*cd**3, sd*cd**3, sa*cd**3, cb*cd**3, ca*sc*cd**2, sb*sc*cd**2, sa*sc*cd**2, cb*sc*cd**2, ca**2*cd**2, cc*ca*cd**2, sb*ca*cd**2, sd*ca*cd**2;['cb', 'sa', 'sd', 'sb', 'cc', 'ca', 'sc', 'cd']
486;sd;sd_cc_sc_sa_cd_cb_sb_ca;948.8048092119861;5332;1460.5703125;cb**2, sa**2, sd*sc, cc**2, sd**2, sa*cb*ca, sc*cb*ca, cc*cb*ca, sd*cb*ca, cd**2*ca, sa*cd*ca, sc*cd*ca, cc*cd*ca, sd*cd*ca, sc*sa*ca, cc*sa*ca, sd*sa*ca, sc**2*ca, cc*sc*ca, sd*cc*ca, sb**3, cb*sb**2, cd*sb**2, sa*sb**2, sc*sb**2, cc*sb**2, sd*sb**2, cd*cb*sb, sa*cb*sb, sc*cb*sb, cc*cb*sb, sd*cb*sb, cd**2*sb, sa*cd*sb, sc*cd*sb, cc*cd*sb, sd*cd*sb, sc*sa*sb, cc*sa*sb, sd*sa*sb, sc**2*sb, cc*sc*sb, sd*cc*sb, cd**2*cb, sa*cd*cb, sc*cd*cb, cc*cd*cb, sd*cd*cb, sc*sa*cb, cc*sa*cb, sd*sa*cb, sc**2*cb, cc*sc*cb, sd*cc*cb, cd**3, sa*cd**2, sc*cd**2, cc*cd**2, sd*cd**2, sc*sa*cd, cc*sa*cd, sd*sa*cd, sc**2*cd, cc*sc*cd, sd*cc*cd, sc**2*sa, cc*sc*sa, sd*cc*sa, sc**3, cc*sc**2, ca**4, sb*ca**3, cb*ca**3, cd*ca**3, sa*ca**3, sc*ca**3, cc*ca**3, sd*ca**3, sb**2*ca**2, cb*sb*ca**2, cd*sb*ca**2, sa*sb*ca**2, sc*sb*ca**2, cc*sb*ca**2, sd*sb*ca**2, cd*cb*ca**2;['sd', 'cc', 'sc', 'sa', 'cd', 'cb', 'sb', 'ca']
487;cb;cb_ca_sd_sc_cd_sb_sa_cc;1165.958511795965;7094;1460.57421875;sc**2, sd*sc, sd**2, ca**2, cb**2, cd*sb*cc, sc*sb*cc, sd*sb*cc, ca*sb*cc, cb*sb*cc, cd**2*cc, sc*cd*cc, sd*cd*cc, ca*cd*cc, cb*cd*cc, ca*sc*cc, cb*sc*cc, ca*sd*cc, cb*sd*cc, cb*ca*cc, sa**3, sb*sa**2, cd*sa**2, sc*sa**2, sd*sa**2, ca*sa**2, cb*sa**2, sb**2*sa, cd*sb*sa, sc*sb*sa, sd*sb*sa, ca*sb*sa, cb*sb*sa, cd**2*sa, sc*cd*sa, sd*cd*sa, ca*cd*sa, cb*cd*sa, ca*sc*sa, cb*sc*sa, ca*sd*sa, cb*sd*sa, cb*ca*sa, sb**3, cd*sb**2, sc*sb**2, sd*sb**2, ca*sb**2, cb*sb**2, cd**2*sb, sc*cd*sb, sd*cd*sb, ca*cd*sb, cb*cd*sb, ca*sc*sb, cb*sc*sb, ca*sd*sb, cb*sd*sb, cb*ca*sb, cd**3, sc*cd**2, sd*cd**2, ca*cd**2, cb*cd**2, ca*sc*cd, cb*sc*cd, ca*sd*cd, cb*sd*cd, cb*ca*cd, cb*ca*sc, cb*ca*sd, cc**4, sa*cc**3, sb*cc**3, cd*cc**3, sc*cc**3, sd*cc**3, ca*cc**3, cb*cc**3, sa**2*cc**2, sb*sa*cc**2, cd*sa*cc**2, sc*sa*cc**2, sd*sa*cc**2, ca*sa*cc**2, cb*sa*cc**2, sb**2*cc**2;['cb', 'ca', 'sd', 'sc', 'cd', 'sb', 'sa', 'cc']
488;cc;cc_sb_sa_sd_sc_cb_cd_ca;677.8987508659484;6401;1460.57421875;sd*sc, sd**2, sa**2, sb**2, cc**2, sc*cb*ca, sd*cb*ca, sa*cb*ca, sb*cb*ca, cc*cb*ca, sc**2*ca, sa*sc*ca, sb*sc*ca, cc*sc*ca, sa*sd*ca, sb*sd*ca, cc*sd*ca, sb*sa*ca, cc*sa*ca, cc*sb*ca, cd**3, cb*cd**2, sc*cd**2, sd*cd**2, sa*cd**2, sb*cd**2, cc*cd**2, cb**2*cd, sc*cb*cd, sd*cb*cd, sa*cb*cd, sb*cb*cd, cc*cb*cd, sc**2*cd, sa*sc*cd, sb*sc*cd, cc*sc*cd, sa*sd*cd, sb*sd*cd, cc*sd*cd, sb*sa*cd, cc*sa*cd, cc*sb*cd, cb**3, sc*cb**2, sd*cb**2, sa*cb**2, sb*cb**2, cc*cb**2, sc**2*cb, sa*sc*cb, sb*sc*cb, cc*sc*cb, sa*sd*cb, sb*sd*cb, cc*sd*cb, sb*sa*cb, cc*sa*cb, cc*sb*cb, sc**3, sa*sc**2, sb*sc**2, cc*sc**2, sb*sa*sc, cc*sa*sc, cc*sb*sc, sb*sa*sd, cc*sa*sd, cc*sb*sd, cc*sb*sa, ca**4, cd*ca**3, cb*ca**3, sc*ca**3, sd*ca**3, sa*ca**3, sb*ca**3, cc*ca**3, cd**2*ca**2, cb*cd*ca**2, sc*cd*ca**2, sd*cd*ca**2, sa*cd*ca**2, sb*cd*ca**2, cc*cd*ca**2, cb**2*ca**2;['cc', 'sb', 'sa', 'sd', 'sc', 'cb', 'cd', 'ca']
489;sc;sc_cc_sa_ca_sd_cd_sb_cb;523.259113806067;5471;1460.57421875;sb**2, sd**2, sc*sd, sa**2, sc**2, ca*cd*cb, sa*cd*cb, cc*cd*cb, sc*cd*cb, ca*sd*cb, sa*sd*cb, cc*sd*cb, ca**2*cb, sa*ca*cb, cc*ca*cb, sc*ca*cb, cc*sa*cb, sc*sa*cb, cc**2*cb, sc*cc*cb, cd**2*sb, sd*cd*sb, ca*cd*sb, sa*cd*sb, cc*cd*sb, sc*cd*sb, ca*sd*sb, sa*sd*sb, cc*sd*sb, ca**2*sb, sa*ca*sb, cc*ca*sb, sc*ca*sb, cc*sa*sb, sc*sa*sb, cc**2*sb, sc*cc*sb, cd**3, sd*cd**2, ca*cd**2, sa*cd**2, cc*cd**2, sc*cd**2, ca*sd*cd, sa*sd*cd, cc*sd*cd, ca**2*cd, sa*ca*cd, cc*ca*cd, sc*ca*cd, cc*sa*cd, sc*sa*cd, cc**2*cd, sc*cc*cd, ca**2*sd, sa*ca*sd, cc*ca*sd, cc*sa*sd, cc**2*sd, ca**3, sa*ca**2, cc*ca**2, sc*ca**2, cc*sa*ca, sc*sa*ca, cc**2*ca, sc*cc*ca, cc**2*sa, sc*cc*sa, cc**3, sc*cc**2, cb**4, sb*cb**3, cd*cb**3, sd*cb**3, ca*cb**3, sa*cb**3, cc*cb**3, sc*cb**3, cd*sb*cb**2, sd*sb*cb**2, ca*sb*cb**2, sa*sb*cb**2, cc*sb*cb**2, sc*sb*cb**2, cd**2*cb**2, sd*cd*cb**2;['sc', 'cc', 'sa', 'ca', 'sd', 'cd', 'sb', 'cb']
490;cc;cc_sc_cd_ca_sa_cb_sb_sd;413.40491648297757;5744;1460.57421875;cb**2, ca**2, cd**2, cc*cd, cc**2, ca*cb*sd, cd*cb*sd, sc*cb*sd, cc*cb*sd, sa**2*sd, ca*sa*sd, cd*sa*sd, sc*sa*sd, cc*sa*sd, cd*ca*sd, sc*ca*sd, cc*ca*sd, sc*cd*sd, sc**2*sd, cc*sc*sd, sb**3, cb*sb**2, sa*sb**2, ca*sb**2, cd*sb**2, sc*sb**2, cc*sb**2, sa*cb*sb, ca*cb*sb, cd*cb*sb, sc*cb*sb, cc*cb*sb, sa**2*sb, ca*sa*sb, cd*sa*sb, sc*sa*sb, cc*sa*sb, cd*ca*sb, sc*ca*sb, cc*ca*sb, sc*cd*sb, sc**2*sb, cc*sc*sb, sa**2*cb, ca*sa*cb, cd*sa*cb, sc*sa*cb, cc*sa*cb, cd*ca*cb, sc*ca*cb, cc*ca*cb, sc*cd*cb, sc**2*cb, cc*sc*cb, sa**3, ca*sa**2, cd*sa**2, sc*sa**2, cc*sa**2, cd*ca*sa, sc*ca*sa, cc*ca*sa, sc*cd*sa, sc**2*sa, cc*sc*sa, sc*cd*ca, sc**2*ca, cc*sc*ca, sc**2*cd, sc**3, cc*sc**2, sd**4, sb*sd**3, cb*sd**3, sa*sd**3, ca*sd**3, cd*sd**3, sc*sd**3, cc*sd**3, sb**2*sd**2, cb*sb*sd**2, sa*sb*sd**2, ca*sb*sd**2, cd*sb*sd**2, sc*sb*sd**2, cc*sb*sd**2, sa*cb*sd**2;['cc', 'sc', 'cd', 'ca', 'sa', 'cb', 'sb', 'sd']
491;sa;sa_cc_cd_sd_sc_cb_sb_ca;448.36411424493417;5517;1460.57421875;cb**2, cd**2, cc*cd, cc**2, sa**2, sd*cb*ca, cd*cb*ca, cc*cb*ca, sa*cb*ca, sc**2*ca, sd*sc*ca, cd*sc*ca, cc*sc*ca, sa*sc*ca, sd**2*ca, cd*sd*ca, cc*sd*ca, sa*sd*ca, sa*cd*ca, sa*cc*ca, sb**3, cb*sb**2, sc*sb**2, sd*sb**2, cd*sb**2, cc*sb**2, sa*sb**2, sc*cb*sb, sd*cb*sb, cd*cb*sb, cc*cb*sb, sa*cb*sb, sc**2*sb, sd*sc*sb, cd*sc*sb, cc*sc*sb, sa*sc*sb, sd**2*sb, cd*sd*sb, cc*sd*sb, sa*sd*sb, sa*cd*sb, sa*cc*sb, sc**2*cb, sd*sc*cb, cd*sc*cb, cc*sc*cb, sa*sc*cb, sd**2*cb, cd*sd*cb, cc*sd*cb, sa*sd*cb, sa*cd*cb, sa*cc*cb, sc**3, sd*sc**2, cd*sc**2, cc*sc**2, sa*sc**2, sd**2*sc, cd*sd*sc, cc*sd*sc, sa*sd*sc, sa*cd*sc, sa*cc*sc, sd**3, cd*sd**2, cc*sd**2, sa*sd**2, sa*cd*sd, sa*cc*sd, ca**4, sb*ca**3, cb*ca**3, sc*ca**3, sd*ca**3, cd*ca**3, cc*ca**3, sa*ca**3, sb**2*ca**2, cb*sb*ca**2, sc*sb*ca**2, sd*sb*ca**2, cd*sb*ca**2, cc*sb*ca**2, sa*sb*ca**2, sc*cb*ca**2;['sa', 'cc', 'cd', 'sd', 'sc', 'cb', 'sb', 'ca']
492;sb;sb_ca_sa_sc_cc_cd_cb_sd;375.4916300510522;5601;1460.57421875;cd**2, cc*cd, sc**2, ca**2, sb**2, sc*cd*sd, ca*cd*sd, sb*cd*sd, cc**2*sd, sc*cc*sd, sa*cc*sd, ca*cc*sd, sb*cc*sd, sa*sc*sd, ca*sc*sd, sb*sc*sd, sa**2*sd, ca*sa*sd, sb*sa*sd, sb*ca*sd, cb**3, cd*cb**2, cc*cb**2, sc*cb**2, sa*cb**2, ca*cb**2, sb*cb**2, sc*cd*cb, sa*cd*cb, ca*cd*cb, sb*cd*cb, cc**2*cb, sc*cc*cb, sa*cc*cb, ca*cc*cb, sb*cc*cb, sa*sc*cb, ca*sc*cb, sb*sc*cb, sa**2*cb, ca*sa*cb, sb*sa*cb, sb*ca*cb, sa*sc*cd, ca*sc*cd, sb*sc*cd, sa**2*cd, ca*sa*cd, sb*sa*cd, sb*ca*cd, cc**3, sc*cc**2, sa*cc**2, ca*cc**2, sb*cc**2, sa*sc*cc, ca*sc*cc, sb*sc*cc, sa**2*cc, ca*sa*cc, sb*sa*cc, sb*ca*cc, sa**2*sc, ca*sa*sc, sb*sa*sc, sb*ca*sc, sa**3, ca*sa**2, sb*sa**2, sb*ca*sa, sd**4, cb*sd**3, cd*sd**3, cc*sd**3, sc*sd**3, sa*sd**3, ca*sd**3, sb*sd**3, cb**2*sd**2, cd*cb*sd**2, cc*cb*sd**2, sc*cb*sd**2, sa*cb*sd**2, ca*cb*sd**2, sb*cb*sd**2, sa*cd*sd**2;['sb', 'ca', 'sa', 'sc', 'cc', 'cd', 'cb', 'sd']
493;cb;cb_sb_sa_sc_cd_sd_ca_cc;463.69233302003704;6492;1460.57421875;sc*sd, cd**2, sc**2, sa**2, cb**2, sd**2*cc, cd*sd*cc, sb*sd*cc, cb*sd*cc, sc*cd*cc, sa*cd*cc, sb*cd*cc, cb*cd*cc, sa*sc*cc, sb*sc*cc, cb*sc*cc, sb*sa*cc, cb*sa*cc, sb**2*cc, cb*sb*cc, ca**3, sd*ca**2, cd*ca**2, sc*ca**2, sa*ca**2, sb*ca**2, cb*ca**2, sd**2*ca, cd*sd*ca, sa*sd*ca, sb*sd*ca, cb*sd*ca, sc*cd*ca, sa*cd*ca, sb*cd*ca, cb*cd*ca, sa*sc*ca, sb*sc*ca, cb*sc*ca, sb*sa*ca, cb*sa*ca, sb**2*ca, cb*sb*ca, sd**3, cd*sd**2, sa*sd**2, sb*sd**2, cb*sd**2, sa*cd*sd, sb*cd*sd, cb*cd*sd, sb*sa*sd, cb*sa*sd, sb**2*sd, cb*sb*sd, sa*sc*cd, sb*sc*cd, cb*sc*cd, sb*sa*cd, cb*sa*cd, sb**2*cd, cb*sb*cd, sb*sa*sc, cb*sa*sc, sb**2*sc, cb*sb*sc, sb**2*sa, cb*sb*sa, sb**3, cb*sb**2, cc**4, ca*cc**3, sd*cc**3, cd*cc**3, sc*cc**3, sa*cc**3, sb*cc**3, cb*cc**3, ca**2*cc**2, sd*ca*cc**2, cd*ca*cc**2, sc*ca*cc**2, sa*ca*cc**2, sb*ca*cc**2, cb*ca*cc**2, sa*sd*cc**2;['cb', 'sb', 'sa', 'sc', 'cd', 'sd', 'ca', 'cc']
494;cc;cc_sa_sb_cd_ca_sd_cb_sc;765.7740922620287;6559;1460.57421875;cd**2, cc*cd, sb**2, sa**2, cc**2, sd**2*sc, cd*sd*sc, sb*sd*sc, sa*sd*sc, cc*sd*sc, ca**2*sc, cd*ca*sc, sb*ca*sc, sa*ca*sc, cc*ca*sc, sb*cd*sc, sa*cd*sc, sa*sb*sc, cc*sb*sc, cc*sa*sc, cb**3, sd*cb**2, ca*cb**2, cd*cb**2, sb*cb**2, sa*cb**2, cc*cb**2, sd**2*cb, ca*sd*cb, cd*sd*cb, sb*sd*cb, sa*sd*cb, cc*sd*cb, ca**2*cb, cd*ca*cb, sb*ca*cb, sa*ca*cb, cc*ca*cb, sb*cd*cb, sa*cd*cb, sa*sb*cb, cc*sb*cb, cc*sa*cb, sd**3, ca*sd**2, cd*sd**2, sb*sd**2, sa*sd**2, cc*sd**2, ca**2*sd, cd*ca*sd, sb*ca*sd, sa*ca*sd, cc*ca*sd, sb*cd*sd, sa*cd*sd, sa*sb*sd, cc*sb*sd, cc*sa*sd, ca**3, cd*ca**2, sb*ca**2, sa*ca**2, cc*ca**2, sb*cd*ca, sa*cd*ca, sa*sb*ca, cc*sb*ca, cc*sa*ca, sa*sb*cd, cc*sa*sb, sc**4, cb*sc**3, sd*sc**3, ca*sc**3, cd*sc**3, sb*sc**3, sa*sc**3, cc*sc**3, cb**2*sc**2, sd*cb*sc**2, ca*cb*sc**2, cd*cb*sc**2, sb*cb*sc**2, sa*cb*sc**2, cc*cb*sc**2, ca*sd*sc**2;['cc', 'sa', 'sb', 'cd', 'ca', 'sd', 'cb', 'sc']
495;cd;cd_ca_sa_cc_sc_cb_sd_sb;955.5143718509935;6137;1460.57421875;cb**2, cc**2, cd*cc, ca**2, cd**2, cc*cb*sb, sa*cb*sb, ca*cb*sb, cd*cb*sb, sc**2*sb, cc*sc*sb, sa*sc*sb, ca*sc*sb, cd*sc*sb, sa*cc*sb, ca*cc*sb, sa**2*sb, ca*sa*sb, cd*sa*sb, cd*ca*sb, sd**3, cb*sd**2, sc*sd**2, cc*sd**2, sa*sd**2, ca*sd**2, cd*sd**2, sc*cb*sd, cc*cb*sd, sa*cb*sd, ca*cb*sd, cd*cb*sd, sc**2*sd, cc*sc*sd, sa*sc*sd, ca*sc*sd, cd*sc*sd, sa*cc*sd, ca*cc*sd, sa**2*sd, ca*sa*sd, cd*sa*sd, cd*ca*sd, sc**2*cb, cc*sc*cb, sa*sc*cb, ca*sc*cb, cd*sc*cb, sa*cc*cb, ca*cc*cb, sa**2*cb, ca*sa*cb, cd*sa*cb, cd*ca*cb, sc**3, cc*sc**2, sa*sc**2, ca*sc**2, cd*sc**2, sa*cc*sc, ca*cc*sc, sa**2*sc, ca*sa*sc, cd*sa*sc, cd*ca*sc, sa**2*cc, ca*sa*cc, sa**3, ca*sa**2, cd*sa**2, cd*ca*sa, sb**4, sd*sb**3, cb*sb**3, sc*sb**3, cc*sb**3, sa*sb**3, ca*sb**3, cd*sb**3, sd**2*sb**2, cb*sd*sb**2, sc*sd*sb**2, cc*sd*sb**2, sa*sd*sb**2, ca*sd*sb**2, cd*sd*sb**2, sc*cb*sb**2;['cd', 'ca', 'sa', 'cc', 'sc', 'cb', 'sd', 'sb']
496;cc;cc_cd_cb_sb_ca_sd_sc_sa;921.1315128810238;6300;1459.58984375;ca**2, cb**2, cd**2, cc*cd, cc**2, ca*sd*sa, sb*sd*sa, cb*sd*sa, cd*sd*sa, cc*sd*sa, sb*ca*sa, cb*ca*sa, cd*ca*sa, cc*ca*sa, sb**2*sa, cb*sb*sa, cd*sb*sa, cc*sb*sa, cd*cb*sa, cc*cb*sa, sc**3, sd*sc**2, ca*sc**2, sb*sc**2, cb*sc**2, cd*sc**2, cc*sc**2, sd**2*sc, ca*sd*sc, sb*sd*sc, cb*sd*sc, cd*sd*sc, cc*sd*sc, sb*ca*sc, cb*ca*sc, cd*ca*sc, cc*ca*sc, sb**2*sc, cb*sb*sc, cd*sb*sc, cc*sb*sc, cd*cb*sc, cc*cb*sc, sd**3, ca*sd**2, sb*sd**2, cb*sd**2, cd*sd**2, cc*sd**2, sb*ca*sd, cb*ca*sd, cd*ca*sd, cc*ca*sd, sb**2*sd, cb*sb*sd, cd*sb*sd, cc*sb*sd, cd*cb*sd, cc*cb*sd, sb**2*ca, cb*sb*ca, cd*sb*ca, cc*sb*ca, cd*cb*ca, cc*cb*ca, sb**3, cb*sb**2, cd*sb**2, cc*sb**2, cd*cb*sb, cc*cb*sb, sa**4, sc*sa**3, sd*sa**3, ca*sa**3, sb*sa**3, cb*sa**3, cd*sa**3, cc*sa**3, sc**2*sa**2, sd*sc*sa**2, ca*sc*sa**2, sb*sc*sa**2, cb*sc*sa**2, cd*sc*sa**2, cc*sc*sa**2, sd**2*sa**2;['cc', 'cd', 'cb', 'sb', 'ca', 'sd', 'sc', 'sa']
497;sc;sc_cc_cd_sd_sb_sa_cb_ca;421.03958161501214;5177;1459.58984375;sa**2, sb**2, cd**2, cc*cd, sc**2, sd*sa*ca, cd*sa*ca, cc*sa*ca, sc*sa*ca, sd*sb*ca, cd*sb*ca, cc*sb*ca, sc*sb*ca, sd**2*ca, cd*sd*ca, cc*sd*ca, sc*sd*ca, sc*cd*ca, cc**2*ca, sc*cc*ca, cb**3, sa*cb**2, sb*cb**2, sd*cb**2, cd*cb**2, cc*cb**2, sc*cb**2, sb*sa*cb, sd*sa*cb, cd*sa*cb, cc*sa*cb, sc*sa*cb, sd*sb*cb, cd*sb*cb, cc*sb*cb, sc*sb*cb, sd**2*cb, cd*sd*cb, cc*sd*cb, sc*sd*cb, sc*cd*cb, cc**2*cb, sc*cc*cb, sd*sb*sa, cd*sb*sa, cc*sb*sa, sc*sb*sa, sd**2*sa, cd*sd*sa, cc*sd*sa, sc*sd*sa, sc*cd*sa, cc**2*sa, sc*cc*sa, sd**2*sb, cd*sd*sb, cc*sd*sb, sc*sd*sb, sc*cd*sb, cc**2*sb, sc*cc*sb, sd**3, cd*sd**2, cc*sd**2, sc*sd**2, sc*cd*sd, cc**2*sd, sc*cc*sd, cc**3, sc*cc**2, ca**4, cb*ca**3, sa*ca**3, sb*ca**3, sd*ca**3, cd*ca**3, cc*ca**3, sc*ca**3, cb**2*ca**2, sa*cb*ca**2, sb*cb*ca**2, sd*cb*ca**2, cd*cb*ca**2, cc*cb*ca**2, sc*cb*ca**2, sb*sa*ca**2;['sc', 'cc', 'cd', 'sd', 'sb', 'sa', 'cb', 'ca']
498;ca;ca_cc_cd_sc_sd_sb_sa_cb;3955.9502725129714;5784;1459.58984375;sb**2, cd**2, cc*cd, cc**2, ca**2, sc*sb*cb, cd*sb*cb, cc*sb*cb, ca*sb*cb, sd**2*cb, sc*sd*cb, cd*sd*cb, cc*sd*cb, ca*sd*cb, sc**2*cb, cd*sc*cb, cc*sc*cb, ca*sc*cb, ca*cd*cb, ca*cc*cb, sa**3, sb*sa**2, sd*sa**2, sc*sa**2, cd*sa**2, cc*sa**2, ca*sa**2, sd*sb*sa, sc*sb*sa, cd*sb*sa, cc*sb*sa, ca*sb*sa, sd**2*sa, sc*sd*sa, cd*sd*sa, cc*sd*sa, ca*sd*sa, sc**2*sa, cd*sc*sa, cc*sc*sa, ca*sc*sa, ca*cd*sa, ca*cc*sa, sd**2*sb, sc*sd*sb, cd*sd*sb, cc*sd*sb, ca*sd*sb, sc**2*sb, cd*sc*sb, cc*sc*sb, ca*sc*sb, ca*cd*sb, ca*cc*sb, sd**3, sc*sd**2, cd*sd**2, cc*sd**2, ca*sd**2, sc**2*sd, cd*sc*sd, cc*sc*sd, ca*sc*sd, ca*cd*sd, ca*cc*sd, sc**3, cd*sc**2, cc*sc**2, ca*sc**2, ca*cd*sc, ca*cc*sc, cb**4, sa*cb**3, sb*cb**3, sd*cb**3, sc*cb**3, cd*cb**3, cc*cb**3, ca*cb**3, sa**2*cb**2, sb*sa*cb**2, sd*sa*cb**2, sc*sa*cb**2, cd*sa*cb**2, cc*sa*cb**2, ca*sa*cb**2, sd*sb*cb**2;['ca', 'cc', 'cd', 'sc', 'sd', 'sb', 'sa', 'cb']
499;sd;sd_cd_ca_cc_cb_sb_sa_sc;332.3023817080539;5615;1459.58984375;cb**2, cc**2, cd*cc, ca**2, sd**2, cb*sb*sc, cc*sb*sc, ca*sb*sc, cd*sb*sc, sd*sb*sc, cc*cb*sc, ca*cb*sc, cd*cb*sc, sd*cb*sc, ca*cc*sc, sd*cc*sc, cd*ca*sc, sd*ca*sc, cd**2*sc, sd*cd*sc, sa**3, sb*sa**2, cb*sa**2, cc*sa**2, ca*sa**2, cd*sa**2, sd*sa**2, sb**2*sa, cb*sb*sa, cc*sb*sa, ca*sb*sa, cd*sb*sa, sd*sb*sa, cc*cb*sa, ca*cb*sa, cd*cb*sa, sd*cb*sa, ca*cc*sa, sd*cc*sa, cd*ca*sa, sd*ca*sa, cd**2*sa, sd*cd*sa, sb**3, cb*sb**2, cc*sb**2, ca*sb**2, cd*sb**2, sd*sb**2, cc*cb*sb, ca*cb*sb, cd*cb*sb, sd*cb*sb, ca*cc*sb, sd*cc*sb, cd*ca*sb, sd*ca*sb, cd**2*sb, sd*cd*sb, ca*cc*cb, sd*cc*cb, cd*ca*cb, sd*ca*cb, cd**2*cb, sd*cd*cb, sd*ca*cc, cd**2*ca, sd*cd*ca, cd**3, sd*cd**2, sc**4, sa*sc**3, sb*sc**3, cb*sc**3, cc*sc**3, ca*sc**3, cd*sc**3, sd*sc**3, sa**2*sc**2, sb*sa*sc**2, cb*sa*sc**2, cc*sa*sc**2, ca*sa*sc**2, cd*sa*sc**2, sd*sa*sc**2, sb**2*sc**2;['sd', 'cd', 'ca', 'cc', 'cb', 'sb', 'sa', 'sc']
500;cc;cc_sa_cd_ca_sc_sb_sd_cb;734.6539496690966;6162;1459.58984375;sb**2, cd**2, cc*cd, sa**2, cc**2, ca*sb*cb, cd*sb*cb, sa*sb*cb, cc*sb*cb, sc**2*cb, ca*sc*cb, cd*sc*cb, sa*sc*cb, cc*sc*cb, ca**2*cb, cd*ca*cb, sa*ca*cb, cc*ca*cb, sa*cd*cb, cc*sa*cb, sd**3, sb*sd**2, sc*sd**2, ca*sd**2, cd*sd**2, sa*sd**2, cc*sd**2, sc*sb*sd, ca*sb*sd, cd*sb*sd, sa*sb*sd, cc*sb*sd, sc**2*sd, ca*sc*sd, cd*sc*sd, sa*sc*sd, cc*sc*sd, ca**2*sd, cd*ca*sd, sa*ca*sd, cc*ca*sd, sa*cd*sd, cc*sa*sd, sc**2*sb, ca*sc*sb, cd*sc*sb, sa*sc*sb, cc*sc*sb, ca**2*sb, cd*ca*sb, sa*ca*sb, cc*ca*sb, sa*cd*sb, cc*sa*sb, sc**3, ca*sc**2, cd*sc**2, sa*sc**2, cc*sc**2, ca**2*sc, cd*ca*sc, sa*ca*sc, cc*ca*sc, sa*cd*sc, cc*sa*sc, ca**3, cd*ca**2, sa*ca**2, cc*ca**2, sa*cd*ca, cc*sa*ca, cb**4, sd*cb**3, sb*cb**3, sc*cb**3, ca*cb**3, cd*cb**3, sa*cb**3, cc*cb**3, sd**2*cb**2, sb*sd*cb**2, sc*sd*cb**2, ca*sd*cb**2, cd*sd*cb**2, sa*sd*cb**2, cc*sd*cb**2, sc*sb*cb**2;['cc', 'sa', 'cd', 'ca', 'sc', 'sb', 'sd', 'cb']
501;sb;sb_sc_cc_cd_sa_sd_cb_ca;460.6315201879479;5398;1459.58984375;sa**2, cd**2, cc*cd, sc**2, sb**2, sa*sd*ca, cd*sd*ca, cc*sd*ca, sc*sd*ca, sb*sd*ca, cd*sa*ca, cc*sa*ca, sc*sa*ca, sb*sa*ca, sc*cd*ca, sb*cd*ca, cc**2*ca, sc*cc*ca, sb*cc*ca, sb*sc*ca, cb**3, sd*cb**2, sa*cb**2, cd*cb**2, cc*cb**2, sc*cb**2, sb*cb**2, sd**2*cb, sa*sd*cb, cd*sd*cb, cc*sd*cb, sc*sd*cb, sb*sd*cb, cd*sa*cb, cc*sa*cb, sc*sa*cb, sb*sa*cb, sc*cd*cb, sb*cd*cb, cc**2*cb, sc*cc*cb, sb*cc*cb, sb*sc*cb, sd**3, sa*sd**2, cd*sd**2, cc*sd**2, sc*sd**2, sb*sd**2, cd*sa*sd, cc*sa*sd, sc*sa*sd, sb*sa*sd, sc*cd*sd, sb*cd*sd, cc**2*sd, sc*cc*sd, sb*cc*sd, sb*sc*sd, sc*cd*sa, sb*cd*sa, cc**2*sa, sc*cc*sa, sb*cc*sa, sb*sc*sa, sb*sc*cd, cc**3, sc*cc**2, sb*cc**2, sb*sc*cc, ca**4, cb*ca**3, sd*ca**3, sa*ca**3, cd*ca**3, cc*ca**3, sc*ca**3, sb*ca**3, cb**2*ca**2, sd*cb*ca**2, sa*cb*ca**2, cd*cb*ca**2, cc*cb*ca**2, sc*cb*ca**2, sb*cb*ca**2, sd**2*ca**2;['sb', 'sc', 'cc', 'cd', 'sa', 'sd', 'cb', 'ca']
502;sa;sa_sb_cd_sd_cb_ca_cc_sc;545.8905591790099;5563;1459.58984375;cc**2, cd*cc, cd**2, sb**2, sa**2, sd*cc*sc, sb*ca*sc, sa*ca*sc, cb**2*sc, sd*cb*sc, cd*cb*sc, sb*cb*sc, sa*cb*sc, sd**2*sc, cd*sd*sc, sb*sd*sc, sa*sd*sc, sb*cd*sc, sa*cd*sc, sa*sb*sc, ca**2*cc, cb*ca*cc, sd*ca*cc, sb*ca*cc, sa*ca*cc, cb**2*cc, sd*cb*cc, sb*cb*cc, sa*cb*cc, sd**2*cc, sb*sd*cc, sa*sd*cc, sa*sb*cc, ca**3, cb*ca**2, sd*ca**2, cd*ca**2, sb*ca**2, sa*ca**2, cb**2*ca, sd*cb*ca, cd*cb*ca, sb*cb*ca, sa*cb*ca, sd**2*ca, cd*sd*ca, sb*sd*ca, sa*sd*ca, sb*cd*ca, sa*cd*ca, sa*sb*ca, cb**3, sd*cb**2, cd*cb**2, sb*cb**2, sa*cb**2, sd**2*cb, cd*sd*cb, sb*sd*cb, sa*sd*cb, sb*cd*cb, sa*cd*cb, sa*sb*cb, sd**3, cd*sd**2, sb*sd**2, sa*sd**2, sb*cd*sd, sa*cd*sd, sa*sb*sd, sa*sb*cd, sc**4, cc*sc**3, ca*sc**3, cb*sc**3, sd*sc**3, cd*sc**3, sb*sc**3, sa*sc**3, ca*cc*sc**2, cb*cc*sc**2, sb*cc*sc**2, sa*cc*sc**2, ca**2*sc**2, cb*ca*sc**2, sd*ca*sc**2, cd*ca*sc**2;['sa', 'sb', 'cd', 'sd', 'cb', 'ca', 'cc', 'sc']
503;sd;sd_sb_sc_cb_cd_cc_sa_ca;1122.3695982759818;6263;1459.58984375;sa**2, sc**2, sd*sc, sb**2, sd**2, cb*cc*ca, sc*cc*ca, sb*cc*ca, sd*cc*ca, cd**2*ca, cb*cd*ca, sc*cd*ca, sb*cd*ca, sd*cd*ca, cb**2*ca, sc*cb*ca, sb*cb*ca, sd*cb*ca, sb*sc*ca, sd*sb*ca, cc**2*sa, cd*cc*sa, cb*cc*sa, sc*cc*sa, sb*cc*sa, sd*cc*sa, cd**2*sa, cb*cd*sa, sc*cd*sa, sb*cd*sa, sd*cd*sa, cb**2*sa, sc*cb*sa, sb*cb*sa, sd*cb*sa, sb*sc*sa, sd*sb*sa, cc**3, cd*cc**2, cb*cc**2, sc*cc**2, sb*cc**2, sd*cc**2, cd**2*cc, cb*cd*cc, sc*cd*cc, sb*cd*cc, sd*cd*cc, cb**2*cc, sc*cb*cc, sb*cb*cc, sd*cb*cc, sb*sc*cc, sd*sb*cc, cd**3, cb*cd**2, sc*cd**2, sb*cd**2, sd*cd**2, cb**2*cd, sc*cb*cd, sb*cb*cd, sd*cb*cd, sb*sc*cd, sd*sb*cd, cb**3, sc*cb**2, sb*cb**2, sd*cb**2, sb*sc*cb, sd*sb*cb, ca**4, sa*ca**3, cc*ca**3, cd*ca**3, cb*ca**3, sc*ca**3, sb*ca**3, sd*ca**3, cc*sa*ca**2, cd*sa*ca**2, cb*sa*ca**2, sc*sa*ca**2, sb*sa*ca**2, sd*sa*ca**2, cc**2*ca**2, cd*cc*ca**2;['sd', 'sb', 'sc', 'cb', 'cd', 'cc', 'sa', 'ca']
504;sd;sd_cb_sa_ca_cd_cc_sc_sb;646.7572337670717;6087;1459.58984375;cc**2, cd*cc, sa**2, cb**2, sd**2, sa*cc*sb, cb*cc*sb, sd*cc*sb, cd**2*sb, ca*cd*sb, sa*cd*sb, cb*cd*sb, sd*cd*sb, ca**2*sb, sa*ca*sb, cb*ca*sb, sd*ca*sb, cb*sa*sb, sd*sa*sb, sd*cb*sb, sc**3, cc*sc**2, cd*sc**2, ca*sc**2, sa*sc**2, cb*sc**2, sd*sc**2, ca*cc*sc, sa*cc*sc, cb*cc*sc, sd*cc*sc, cd**2*sc, ca*cd*sc, sa*cd*sc, cb*cd*sc, sd*cd*sc, ca**2*sc, sa*ca*sc, cb*ca*sc, sd*ca*sc, cb*sa*sc, sd*sa*sc, sd*cb*sc, ca**2*cc, sa*ca*cc, cb*ca*cc, sd*ca*cc, cb*sa*cc, sd*sa*cc, sd*cb*cc, cd**3, ca*cd**2, sa*cd**2, cb*cd**2, sd*cd**2, ca**2*cd, sa*ca*cd, cb*ca*cd, sd*ca*cd, cb*sa*cd, sd*sa*cd, sd*cb*cd, ca**3, sa*ca**2, cb*ca**2, sd*ca**2, cb*sa*ca, sd*sa*ca, sd*cb*ca, sd*cb*sa, sb**4, sc*sb**3, cc*sb**3, cd*sb**3, ca*sb**3, sa*sb**3, cb*sb**3, sd*sb**3, sc**2*sb**2, cc*sc*sb**2, cd*sc*sb**2, ca*sc*sb**2, sa*sc*sb**2, cb*sc*sb**2, sd*sc*sb**2, ca*cc*sb**2;['sd', 'cb', 'sa', 'ca', 'cd', 'cc', 'sc', 'sb']
505;cd;cd_ca_sa_sd_cb_cc_sb_sc;547.4585051269969;5880;1459.58984375;cc**2, cd*cc, cb**2, ca**2, cd**2, sd*cc*sc, sa*cc*sc, ca*cc*sc, sd*cb*sc, sa*cb*sc, ca*cb*sc, cd*cb*sc, sd**2*sc, sa*sd*sc, ca*sd*sc, cd*sd*sc, sa**2*sc, ca*sa*sc, cd*sa*sc, cd*ca*sc, sb**3, cc*sb**2, cb*sb**2, sd*sb**2, sa*sb**2, ca*sb**2, cd*sb**2, cb*cc*sb, sd*cc*sb, sa*cc*sb, ca*cc*sb, sd*cb*sb, sa*cb*sb, ca*cb*sb, cd*cb*sb, sd**2*sb, sa*sd*sb, ca*sd*sb, cd*sd*sb, sa**2*sb, ca*sa*sb, cd*sa*sb, cd*ca*sb, sd*cb*cc, sa*cb*cc, ca*cb*cc, sd**2*cc, sa*sd*cc, ca*sd*cc, sa**2*cc, ca*sa*cc, sd**2*cb, sa*sd*cb, ca*sd*cb, cd*sd*cb, sa**2*cb, ca*sa*cb, cd*sa*cb, cd*ca*cb, sd**3, sa*sd**2, ca*sd**2, cd*sd**2, sa**2*sd, ca*sa*sd, cd*sa*sd, cd*ca*sd, sa**3, ca*sa**2, cd*sa**2, cd*ca*sa, sc**4, sb*sc**3, cc*sc**3, cb*sc**3, sd*sc**3, sa*sc**3, ca*sc**3, cd*sc**3, sb**2*sc**2, cc*sb*sc**2, cb*sb*sc**2, sd*sb*sc**2, sa*sb*sc**2, ca*sb*sc**2, cd*sb*sc**2, cb*cc*sc**2;['cd', 'ca', 'sa', 'sd', 'cb', 'cc', 'sb', 'sc']
506;cb;cb_cc_sb_sc_sd_ca_sa_cd;411.042012262973;5872;1459.58984375;ca**2, sd**2, sc*sd, cc**2, cb**2, sc*ca*cd, sb*ca*cd, cc*ca*cd, cb*ca*cd, sb*sd*cd, cc*sd*cd, cb*sd*cd, sc**2*cd, sb*sc*cd, cc*sc*cd, cb*sc*cd, sb**2*cd, cc*sb*cd, cb*sb*cd, cb*cc*cd, sa**3, ca*sa**2, sd*sa**2, sc*sa**2, sb*sa**2, cc*sa**2, cb*sa**2, sd*ca*sa, sc*ca*sa, sb*ca*sa, cc*ca*sa, cb*ca*sa, sb*sd*sa, cc*sd*sa, cb*sd*sa, sc**2*sa, sb*sc*sa, cc*sc*sa, cb*sc*sa, sb**2*sa, cc*sb*sa, cb*sb*sa, cb*cc*sa, sb*sd*ca, cc*sd*ca, cb*sd*ca, sc**2*ca, sb*sc*ca, cc*sc*ca, cb*sc*ca, sb**2*ca, cc*sb*ca, cb*sb*ca, cb*cc*ca, sb**2*sd, cc*sb*sd, cb*sb*sd, cb*cc*sd, sc**3, sb*sc**2, cc*sc**2, cb*sc**2, sb**2*sc, cc*sb*sc, cb*sb*sc, cb*cc*sc, sb**3, cc*sb**2, cb*sb**2, cb*cc*sb, cd**4, sa*cd**3, ca*cd**3, sd*cd**3, sc*cd**3, sb*cd**3, cc*cd**3, cb*cd**3, sa**2*cd**2, ca*sa*cd**2, sd*sa*cd**2, sc*sa*cd**2, sb*sa*cd**2, cc*sa*cd**2, cb*sa*cd**2, sd*ca*cd**2;['cb', 'cc', 'sb', 'sc', 'sd', 'ca', 'sa', 'cd']
507;ca;ca_cd_sc_cb_sa_sd_cc_sb;792.2520548669854;5749;1459.58984375;sc*sd, cb**2, sc**2, cd**2, ca**2, sa*sd*sb, cb*sd*sb, cd*sd*sb, ca*sd*sb, sa**2*sb, cb*sa*sb, sc*sa*sb, cd*sa*sb, ca*sa*sb, sc*cb*sb, cd*cb*sb, ca*cb*sb, cd*sc*sb, ca*sc*sb, ca*cd*sb, cc**3, sd*cc**2, sa*cc**2, cb*cc**2, sc*cc**2, cd*cc**2, ca*cc**2, sd**2*cc, sa*sd*cc, cb*sd*cc, cd*sd*cc, ca*sd*cc, sa**2*cc, cb*sa*cc, sc*sa*cc, cd*sa*cc, ca*sa*cc, sc*cb*cc, cd*cb*cc, ca*cb*cc, cd*sc*cc, ca*sc*cc, ca*cd*cc, sd**3, sa*sd**2, cb*sd**2, cd*sd**2, ca*sd**2, sa**2*sd, cb*sa*sd, cd*sa*sd, ca*sa*sd, cd*cb*sd, ca*cb*sd, ca*cd*sd, sa**3, cb*sa**2, sc*sa**2, cd*sa**2, ca*sa**2, sc*cb*sa, cd*cb*sa, ca*cb*sa, cd*sc*sa, ca*sc*sa, ca*cd*sa, cd*sc*cb, ca*sc*cb, ca*cd*cb, ca*cd*sc, sb**4, cc*sb**3, sd*sb**3, sa*sb**3, cb*sb**3, sc*sb**3, cd*sb**3, ca*sb**3, cc**2*sb**2, sd*cc*sb**2, sa*cc*sb**2, cb*cc*sb**2, sc*cc*sb**2, cd*cc*sb**2, ca*cc*sb**2, sd**2*sb**2;['ca', 'cd', 'sc', 'cb', 'sa', 'sd', 'cc', 'sb']
508;sc;sc_cc_cd_ca_sb_sa_sd_cb;676.8169989660382;6195;1459.58984375;sb**2, ca**2, cd**2, cc*cd, sc**2, sb*sa*cb, ca*sa*cb, cd*sa*cb, cc*sa*cb, sc*sa*cb, ca*sb*cb, cd*sb*cb, cc*sb*cb, sc*sb*cb, cd*ca*cb, cc*ca*cb, sc*ca*cb, sc*cd*cb, cc**2*cb, sc*cc*cb, sd**3, sa*sd**2, sb*sd**2, ca*sd**2, cd*sd**2, cc*sd**2, sc*sd**2, sa**2*sd, sb*sa*sd, ca*sa*sd, cd*sa*sd, cc*sa*sd, sc*sa*sd, ca*sb*sd, cd*sb*sd, cc*sb*sd, sc*sb*sd, cd*ca*sd, cc*ca*sd, sc*ca*sd, sc*cd*sd, cc**2*sd, sc*cc*sd, sa**3, sb*sa**2, ca*sa**2, cd*sa**2, cc*sa**2, sc*sa**2, ca*sb*sa, cd*sb*sa, cc*sb*sa, sc*sb*sa, cd*ca*sa, cc*ca*sa, sc*ca*sa, sc*cd*sa, cc**2*sa, sc*cc*sa, cd*ca*sb, cc*ca*sb, sc*ca*sb, sc*cd*sb, cc**2*sb, sc*cc*sb, sc*cd*ca, cc**2*ca, sc*cc*ca, cc**3, sc*cc**2, cb**4, sd*cb**3, sa*cb**3, sb*cb**3, ca*cb**3, cd*cb**3, cc*cb**3, sc*cb**3, sd**2*cb**2, sa*sd*cb**2, sb*sd*cb**2, ca*sd*cb**2, cd*sd*cb**2, cc*sd*cb**2, sc*sd*cb**2, sa**2*cb**2;['sc', 'cc', 'cd', 'ca', 'sb', 'sa', 'sd', 'cb']
509;ca;ca_cb_sb_sa_sd_cc_cd_sc;346.2087321430445;5091;1459.58984375;cc*cd, cc**2, sd**2, cb**2, ca**2, cd**2*sc, sd*cd*sc, sd*cc*sc, sa*sd*sc, sb*sd*sc, cb*sd*sc, ca*sd*sc, sa**2*sc, sb*sa*sc, cb*sa*sc, ca*sa*sc, sb**2*sc, cb*sb*sc, ca*sb*sc, ca*cb*sc, cd**3, sd*cd**2, sa*cd**2, sb*cd**2, cb*cd**2, ca*cd**2, sa*sd*cd, sb*sd*cd, cb*sd*cd, ca*sd*cd, sa**2*cd, sb*sa*cd, cb*sa*cd, ca*sa*cd, sb**2*cd, cb*sb*cd, ca*sb*cd, ca*cb*cd, sa*sd*cc, sb*sd*cc, cb*sd*cc, ca*sd*cc, sa**2*cc, sb*sa*cc, cb*sa*cc, ca*sa*cc, sb**2*cc, cb*sb*cc, ca*sb*cc, ca*cb*cc, sa**2*sd, sb*sa*sd, cb*sa*sd, ca*sa*sd, sb**2*sd, cb*sb*sd, ca*sb*sd, ca*cb*sd, sa**3, sb*sa**2, cb*sa**2, ca*sa**2, sb**2*sa, cb*sb*sa, ca*sb*sa, ca*cb*sa, sb**3, cb*sb**2, ca*sb**2, ca*cb*sb, sc**4, cd*sc**3, cc*sc**3, sd*sc**3, sa*sc**3, sb*sc**3, cb*sc**3, ca*sc**3, sa*cd*sc**2, sb*cd*sc**2, cb*cd*sc**2, ca*cd*sc**2, sa*cc*sc**2, sb*cc*sc**2, cb*cc*sc**2, ca*cc*sc**2;['ca', 'cb', 'sb', 'sa', 'sd', 'cc', 'cd', 'sc']
510;cc;cc_sc_sd_sa_cb_sb_ca_cd;416.5517371529713;6055;1459.58984375;cb**2, sa**2, sd**2, sc*sd, cc**2, cb*sb*cd, sa*sb*cd, sd*sb*cd, sc*sb*cd, cc*sb*cd, sa*cb*cd, sd*cb*cd, sc*cb*cd, cc*cb*cd, sd*sa*cd, sc*sa*cd, cc*sa*cd, cc*sd*cd, sc**2*cd, cc*sc*cd, ca**3, sb*ca**2, cb*ca**2, sa*ca**2, sd*ca**2, sc*ca**2, cc*ca**2, sb**2*ca, cb*sb*ca, sa*sb*ca, sd*sb*ca, sc*sb*ca, cc*sb*ca, sa*cb*ca, sd*cb*ca, sc*cb*ca, cc*cb*ca, sd*sa*ca, sc*sa*ca, cc*sa*ca, cc*sd*ca, sc**2*ca, cc*sc*ca, sb**3, cb*sb**2, sa*sb**2, sd*sb**2, sc*sb**2, cc*sb**2, sa*cb*sb, sd*cb*sb, sc*cb*sb, cc*cb*sb, sd*sa*sb, sc*sa*sb, cc*sa*sb, cc*sd*sb, sc**2*sb, cc*sc*sb, sd*sa*cb, sc*sa*cb, cc*sa*cb, cc*sd*cb, sc**2*cb, cc*sc*cb, cc*sd*sa, sc**2*sa, cc*sc*sa, sc**3, cc*sc**2, cd**4, ca*cd**3, sb*cd**3, cb*cd**3, sa*cd**3, sd*cd**3, sc*cd**3, cc*cd**3, ca**2*cd**2, sb*ca*cd**2, cb*ca*cd**2, sa*ca*cd**2, sd*ca*cd**2, sc*ca*cd**2, cc*ca*cd**2, sb**2*cd**2;['cc', 'sc', 'sd', 'sa', 'cb', 'sb', 'ca', 'cd']
511;cc;cc_sb_sd_cb_cd_sa_sc_ca;745.7249845059123;6050;1459.58984375;sa**2, cc*cd, sd**2, sb**2, cc**2, cb*sa*ca, sd*sa*ca, sb*sa*ca, cc*sa*ca, cd**2*ca, cb*cd*ca, sd*cd*ca, sb*cd*ca, cb**2*ca, sd*cb*ca, sb*cb*ca, cc*cb*ca, sb*sd*ca, cc*sd*ca, cc*sb*ca, sc**3, sa*sc**2, cd*sc**2, cb*sc**2, sd*sc**2, sb*sc**2, cc*sc**2, cd*sa*sc, cb*sa*sc, sd*sa*sc, sb*sa*sc, cc*sa*sc, cd**2*sc, cb*cd*sc, sd*cd*sc, sb*cd*sc, cb**2*sc, sd*cb*sc, sb*cb*sc, cc*cb*sc, sb*sd*sc, cc*sd*sc, cc*sb*sc, cd**2*sa, cb*cd*sa, sd*cd*sa, sb*cd*sa, cb**2*sa, sd*cb*sa, sb*cb*sa, cc*cb*sa, sb*sd*sa, cc*sd*sa, cc*sb*sa, cd**3, cb*cd**2, sd*cd**2, sb*cd**2, cb**2*cd, sd*cb*cd, sb*cb*cd, sb*sd*cd, cb**3, sd*cb**2, sb*cb**2, cc*cb**2, sb*sd*cb, cc*sd*cb, cc*sb*cb, cc*sb*sd, ca**4, sc*ca**3, sa*ca**3, cd*ca**3, cb*ca**3, sd*ca**3, sb*ca**3, cc*ca**3, sc**2*ca**2, sa*sc*ca**2, cd*sc*ca**2, cb*sc*ca**2, sd*sc*ca**2, sb*sc*ca**2, cc*sc*ca**2, cd*sa*ca**2;['cc', 'sb', 'sd', 'cb', 'cd', 'sa', 'sc', 'ca']
512;ca;ca_cd_sb_cc_sc_sa_cb_sd;678.2793990559876;6723;1459.58984375;cc**2, cd*cc, sb**2, cd**2, ca**2, sc*sa*sd, cc*sa*sd, sb*sa*sd, cd*sa*sd, ca*sa*sd, sc**2*sd, cc*sc*sd, sb*sc*sd, cd*sc*sd, ca*sc*sd, sb*cc*sd, ca*cc*sd, cd*sb*sd, ca*sb*sd, ca*cd*sd, cb**3, sa*cb**2, sc*cb**2, cc*cb**2, sb*cb**2, cd*cb**2, ca*cb**2, sa**2*cb, sc*sa*cb, cc*sa*cb, sb*sa*cb, cd*sa*cb, ca*sa*cb, sc**2*cb, cc*sc*cb, sb*sc*cb, cd*sc*cb, ca*sc*cb, sb*cc*cb, ca*cc*cb, cd*sb*cb, ca*sb*cb, ca*cd*cb, sa**3, sc*sa**2, cc*sa**2, sb*sa**2, cd*sa**2, ca*sa**2, sc**2*sa, cc*sc*sa, sb*sc*sa, cd*sc*sa, ca*sc*sa, sb*cc*sa, ca*cc*sa, cd*sb*sa, ca*sb*sa, ca*cd*sa, sc**3, cc*sc**2, sb*sc**2, cd*sc**2, ca*sc**2, sb*cc*sc, ca*cc*sc, cd*sb*sc, ca*sb*sc, ca*cd*sc, ca*sb*cc, ca*cd*sb, sd**4, cb*sd**3, sa*sd**3, sc*sd**3, cc*sd**3, sb*sd**3, cd*sd**3, ca*sd**3, cb**2*sd**2, sa*cb*sd**2, sc*cb*sd**2, cc*cb*sd**2, sb*cb*sd**2, cd*cb*sd**2, ca*cb*sd**2, sa**2*sd**2;['ca', 'cd', 'sb', 'cc', 'sc', 'sa', 'cb', 'sd']
513;sd;sd_cb_cc_sa_cd_ca_sb_sc;733.1623611189425;5696;1459.58984375;cc*cd, sa**2, cc**2, cb**2, sd**2, cd*ca*sc, sa*ca*sc, cc*ca*sc, cb*ca*sc, sd*ca*sc, cd**2*sc, sa*cd*sc, cb*cd*sc, sd*cd*sc, cc*sa*sc, cb*sa*sc, sd*sa*sc, cb*cc*sc, sd*cc*sc, sd*cb*sc, sb**3, ca*sb**2, cd*sb**2, sa*sb**2, cc*sb**2, cb*sb**2, sd*sb**2, ca**2*sb, cd*ca*sb, sa*ca*sb, cc*ca*sb, cb*ca*sb, sd*ca*sb, cd**2*sb, sa*cd*sb, cb*cd*sb, sd*cd*sb, cc*sa*sb, cb*sa*sb, sd*sa*sb, cb*cc*sb, sd*cc*sb, sd*cb*sb, ca**3, cd*ca**2, sa*ca**2, cc*ca**2, cb*ca**2, sd*ca**2, cd**2*ca, sa*cd*ca, cb*cd*ca, sd*cd*ca, cc*sa*ca, cb*sa*ca, sd*sa*ca, cb*cc*ca, sd*cc*ca, sd*cb*ca, cd**3, sa*cd**2, cb*cd**2, sd*cd**2, cb*sa*cd, sd*sa*cd, sd*cb*cd, cb*cc*sa, sd*cc*sa, sd*cb*sa, sd*cb*cc, sc**4, sb*sc**3, ca*sc**3, cd*sc**3, sa*sc**3, cc*sc**3, cb*sc**3, sd*sc**3, sb**2*sc**2, ca*sb*sc**2, cd*sb*sc**2, sa*sb*sc**2, cc*sb*sc**2, cb*sb*sc**2, sd*sb*sc**2, ca**2*sc**2;['sd', 'cb', 'cc', 'sa', 'cd', 'ca', 'sb', 'sc']
514;cb;cb_cc_sb_sd_sa_sc_cd_ca;517.9865052369423;6077;1459.58984375;sd*sc, sa**2, sd**2, cc**2, cb**2, sa*sc*ca, sb*sc*ca, cc*sc*ca, cb*sc*ca, sd*sa*ca, sb*sa*ca, cc*sa*ca, cb*sa*ca, sb*sd*ca, cc*sd*ca, cb*sd*ca, sb**2*ca, cc*sb*ca, cb*sb*ca, cb*cc*ca, cd**3, sc*cd**2, sa*cd**2, sd*cd**2, sb*cd**2, cc*cd**2, cb*cd**2, sc**2*cd, sa*sc*cd, sb*sc*cd, cc*sc*cd, cb*sc*cd, sd*sa*cd, sb*sa*cd, cc*sa*cd, cb*sa*cd, sb*sd*cd, cc*sd*cd, cb*sd*cd, sb**2*cd, cc*sb*cd, cb*sb*cd, cb*cc*cd, sc**3, sa*sc**2, sb*sc**2, cc*sc**2, cb*sc**2, sb*sa*sc, cc*sa*sc, cb*sa*sc, sb**2*sc, cc*sb*sc, cb*sb*sc, cb*cc*sc, sb*sd*sa, cc*sd*sa, cb*sd*sa, sb**2*sa, cc*sb*sa, cb*sb*sa, cb*cc*sa, sb**2*sd, cc*sb*sd, cb*sb*sd, cb*cc*sd, sb**3, cc*sb**2, cb*sb**2, cb*cc*sb, ca**4, cd*ca**3, sc*ca**3, sa*ca**3, sd*ca**3, sb*ca**3, cc*ca**3, cb*ca**3, cd**2*ca**2, sc*cd*ca**2, sa*cd*ca**2, sd*cd*ca**2, sb*cd*ca**2, cc*cd*ca**2, cb*cd*ca**2, sc**2*ca**2;['cb', 'cc', 'sb', 'sd', 'sa', 'sc', 'cd', 'ca']
515;cc;cc_ca_cd_sb_cb_sd_sa_sc;764.1728927890072;6846;1459.58984375;sb**2, cd**2, cc*cd, ca**2, cc**2, sd**2*sc, sb*sd*sc, cd*sd*sc, ca*sd*sc, cc*sd*sc, cb**2*sc, sb*cb*sc, cd*cb*sc, ca*cb*sc, cc*cb*sc, cd*sb*sc, ca*sb*sc, cc*sb*sc, ca*cd*sc, cc*ca*sc, sa**3, sd*sa**2, cb*sa**2, sb*sa**2, cd*sa**2, ca*sa**2, cc*sa**2, sd**2*sa, cb*sd*sa, sb*sd*sa, cd*sd*sa, ca*sd*sa, cc*sd*sa, cb**2*sa, sb*cb*sa, cd*cb*sa, ca*cb*sa, cc*cb*sa, cd*sb*sa, ca*sb*sa, cc*sb*sa, ca*cd*sa, cc*ca*sa, sd**3, cb*sd**2, sb*sd**2, cd*sd**2, ca*sd**2, cc*sd**2, cb**2*sd, sb*cb*sd, cd*cb*sd, ca*cb*sd, cc*cb*sd, cd*sb*sd, ca*sb*sd, cc*sb*sd, ca*cd*sd, cc*ca*sd, cb**3, sb*cb**2, cd*cb**2, ca*cb**2, cc*cb**2, cd*sb*cb, ca*sb*cb, cc*sb*cb, ca*cd*cb, cc*ca*cb, ca*cd*sb, cc*ca*sb, sc**4, sa*sc**3, sd*sc**3, cb*sc**3, sb*sc**3, cd*sc**3, ca*sc**3, cc*sc**3, sa**2*sc**2, sd*sa*sc**2, cb*sa*sc**2, sb*sa*sc**2, cd*sa*sc**2, ca*sa*sc**2, cc*sa*sc**2, cb*sd*sc**2;['cc', 'ca', 'cd', 'sb', 'cb', 'sd', 'sa', 'sc']
516;sa;sa_sc_cc_ca_sb_cb_sd_cd;602.9725489029661;5530;1459.58984375;sd**2, sc*sd, sb**2, sc**2, sa**2, cc*sd*cd, sc*cb*cd, sa*cb*cd, ca*sb*cd, cc*sb*cd, sc*sb*cd, sa*sb*cd, ca**2*cd, cc*ca*cd, sc*ca*cd, sa*ca*cd, cc**2*cd, sc*cc*cd, sa*cc*cd, sa*sc*cd, cb**2*sd, sb*cb*sd, ca*cb*sd, cc*cb*sd, sa*cb*sd, ca*sb*sd, cc*sb*sd, sa*sb*sd, ca**2*sd, cc*ca*sd, sa*ca*sd, cc**2*sd, sa*cc*sd, cb**3, sb*cb**2, ca*cb**2, cc*cb**2, sc*cb**2, sa*cb**2, ca*sb*cb, cc*sb*cb, sc*sb*cb, sa*sb*cb, ca**2*cb, cc*ca*cb, sc*ca*cb, sa*ca*cb, cc**2*cb, sc*cc*cb, sa*cc*cb, sa*sc*cb, ca**2*sb, cc*ca*sb, sc*ca*sb, sa*ca*sb, cc**2*sb, sc*cc*sb, sa*cc*sb, sa*sc*sb, ca**3, cc*ca**2, sc*ca**2, sa*ca**2, cc**2*ca, sc*cc*ca, sa*cc*ca, sa*sc*ca, cc**3, sc*cc**2, sa*cc**2, sa*sc*cc, cd**4, sd*cd**3, cb*cd**3, sb*cd**3, ca*cd**3, cc*cd**3, sc*cd**3, sa*cd**3, cb*sd*cd**2, sb*sd*cd**2, ca*sd*cd**2, sa*sd*cd**2, cb**2*cd**2, sb*cb*cd**2, ca*cb*cd**2, cc*cb*cd**2;['sa', 'sc', 'cc', 'ca', 'sb', 'cb', 'sd', 'cd']
517;sb;sb_sa_sc_cb_ca_cc_cd_sd;773.8770104920259;4850;1459.58984375;cd**2, cc*cd, sc**2, sa**2, sb**2, sc*cd*sd, cc**2*sd, sc*cc*sd, ca**2*sd, cb*ca*sd, sc*ca*sd, sa*ca*sd, sb*ca*sd, cb**2*sd, sc*cb*sd, sa*cb*sd, sb*cb*sd, sa*sc*sd, sb*sc*sd, sb*sa*sd, ca**2*cd, cb*ca*cd, sc*ca*cd, sa*ca*cd, sb*ca*cd, cb**2*cd, sc*cb*cd, sa*cb*cd, sb*cb*cd, sa*sc*cd, sb*sc*cd, sb*sa*cd, cc**3, ca*cc**2, cb*cc**2, sc*cc**2, sa*cc**2, sb*cc**2, ca**2*cc, cb*ca*cc, sc*ca*cc, sa*ca*cc, sb*ca*cc, cb**2*cc, sc*cb*cc, sa*cb*cc, sb*cb*cc, sa*sc*cc, sb*sc*cc, sb*sa*cc, ca**3, cb*ca**2, sc*ca**2, sa*ca**2, sb*ca**2, cb**2*ca, sc*cb*ca, sa*cb*ca, sb*cb*ca, sa*sc*ca, sb*sc*ca, sb*sa*ca, cb**3, sc*cb**2, sa*cb**2, sb*cb**2, sa*sc*cb, sb*sc*cb, sb*sa*cb, sb*sa*sc, sd**4, cd*sd**3, cc*sd**3, ca*sd**3, cb*sd**3, sc*sd**3, sa*sd**3, sb*sd**3, ca*cd*sd**2, cb*cd*sd**2, sa*cd*sd**2, sb*cd*sd**2, ca*cc*sd**2, cb*cc*sd**2, sa*cc*sd**2, sb*cc*sd**2;['sb', 'sa', 'sc', 'cb', 'ca', 'cc', 'cd', 'sd']
518;ca;ca_sa_sb_sd_sc_cd_cc_cb;2428.514247891959;6063;1459.58984375;sc**2, sd*sc, sd**2, sb**2, ca**2, sc*cd*cb, sd*cd*cb, sb*cd*cb, sa*cd*cb, ca*cd*cb, sb*sc*cb, sa*sc*cb, ca*sc*cb, sb*sd*cb, sa*sd*cb, ca*sd*cb, sa*sb*cb, ca*sb*cb, sa**2*cb, ca*sa*cb, cc**3, cd*cc**2, sc*cc**2, sd*cc**2, sb*cc**2, sa*cc**2, ca*cc**2, cd**2*cc, sc*cd*cc, sd*cd*cc, sb*cd*cc, sa*cd*cc, ca*cd*cc, sb*sc*cc, sa*sc*cc, ca*sc*cc, sb*sd*cc, sa*sd*cc, ca*sd*cc, sa*sb*cc, ca*sb*cc, sa**2*cc, ca*sa*cc, cd**3, sc*cd**2, sd*cd**2, sb*cd**2, sa*cd**2, ca*cd**2, sb*sc*cd, sa*sc*cd, ca*sc*cd, sb*sd*cd, sa*sd*cd, ca*sd*cd, sa*sb*cd, ca*sb*cd, sa**2*cd, ca*sa*cd, sa*sb*sc, ca*sb*sc, sa**2*sc, ca*sa*sc, sa*sb*sd, ca*sb*sd, sa**2*sd, ca*sa*sd, sa**2*sb, ca*sa*sb, sa**3, ca*sa**2, cb**4, cc*cb**3, cd*cb**3, sc*cb**3, sd*cb**3, sb*cb**3, sa*cb**3, ca*cb**3, cc**2*cb**2, cd*cc*cb**2, sc*cc*cb**2, sd*cc*cb**2, sb*cc*cb**2, sa*cc*cb**2, ca*cc*cb**2, cd**2*cb**2;['ca', 'sa', 'sb', 'sd', 'sc', 'cd', 'cc', 'cb']
519;cc;cc_sa_sc_sd_cd_ca_sb_cb;680.598624534905;5656;1459.58984375;sb**2, sd**2, sc*sd, sa**2, cc**2, sd*ca*cb, sc*ca*cb, sa*ca*cb, cc*ca*cb, cd**2*cb, sd*cd*cb, sc*cd*cb, sa*cd*cb, cc*cd*cb, sa*sd*cb, cc*sd*cb, sc**2*cb, sa*sc*cb, cc*sc*cb, cc*sa*cb, ca**2*sb, cd*ca*sb, sd*ca*sb, sc*ca*sb, sa*ca*sb, cc*ca*sb, cd**2*sb, sd*cd*sb, sc*cd*sb, sa*cd*sb, cc*cd*sb, sa*sd*sb, cc*sd*sb, sc**2*sb, sa*sc*sb, cc*sc*sb, cc*sa*sb, ca**3, cd*ca**2, sd*ca**2, sc*ca**2, sa*ca**2, cc*ca**2, cd**2*ca, sd*cd*ca, sc*cd*ca, sa*cd*ca, cc*cd*ca, sa*sd*ca, cc*sd*ca, sc**2*ca, sa*sc*ca, cc*sc*ca, cc*sa*ca, cd**3, sd*cd**2, sc*cd**2, sa*cd**2, cc*cd**2, sa*sd*cd, cc*sd*cd, sc**2*cd, sa*sc*cd, cc*sc*cd, cc*sa*cd, cc*sa*sd, sc**3, sa*sc**2, cc*sc**2, cc*sa*sc, cb**4, sb*cb**3, ca*cb**3, cd*cb**3, sd*cb**3, sc*cb**3, sa*cb**3, cc*cb**3, ca*sb*cb**2, cd*sb*cb**2, sd*sb*cb**2, sc*sb*cb**2, sa*sb*cb**2, cc*sb*cb**2, ca**2*cb**2, cd*ca*cb**2;['cc', 'sa', 'sc', 'sd', 'cd', 'ca', 'sb', 'cb']
520;sa;sa_cb_ca_cc_sc_sd_cd_sb;680.5781327049481;6014;1459.58984375;sd**2, sc*sd, cc**2, cb**2, sa**2, ca*sd*sb, cb*sd*sb, sa*sd*sb, sc**2*sb, cc*sc*sb, ca*sc*sb, cb*sc*sb, sa*sc*sb, ca*cc*sb, cb*cc*sb, sa*cc*sb, ca**2*sb, cb*ca*sb, sa*ca*sb, sa*cb*sb, cd**3, sd*cd**2, sc*cd**2, cc*cd**2, ca*cd**2, cb*cd**2, sa*cd**2, cc*sd*cd, ca*sd*cd, cb*sd*cd, sa*sd*cd, sc**2*cd, cc*sc*cd, ca*sc*cd, cb*sc*cd, sa*sc*cd, ca*cc*cd, cb*cc*cd, sa*cc*cd, ca**2*cd, cb*ca*cd, sa*ca*cd, sa*cb*cd, ca*cc*sd, cb*cc*sd, sa*cc*sd, ca**2*sd, cb*ca*sd, sa*ca*sd, sa*cb*sd, sc**3, cc*sc**2, ca*sc**2, cb*sc**2, sa*sc**2, ca*cc*sc, cb*cc*sc, sa*cc*sc, ca**2*sc, cb*ca*sc, sa*ca*sc, sa*cb*sc, ca**2*cc, cb*ca*cc, sa*ca*cc, sa*cb*cc, ca**3, cb*ca**2, sa*ca**2, sa*cb*ca, sb**4, cd*sb**3, sd*sb**3, sc*sb**3, cc*sb**3, ca*sb**3, cb*sb**3, sa*sb**3, cd**2*sb**2, sd*cd*sb**2, sc*cd*sb**2, cc*cd*sb**2, ca*cd*sb**2, cb*cd*sb**2, sa*cd*sb**2, cc*sd*sb**2;['sa', 'cb', 'ca', 'cc', 'sc', 'sd', 'cd', 'sb']
521;cc;cc_ca_sc_sd_cd_cb_sb_sa;536.442014337983;5255;1459.58984375;cb**2, sd**2, sc*sd, ca**2, cc**2, sd*cb*sa, sc*cb*sa, ca*cb*sa, cc*cb*sa, cd**2*sa, sd*cd*sa, sc*cd*sa, ca*cd*sa, cc*cd*sa, ca*sd*sa, cc*sd*sa, sc**2*sa, ca*sc*sa, cc*sc*sa, cc*ca*sa, sb**3, cb*sb**2, cd*sb**2, sd*sb**2, sc*sb**2, ca*sb**2, cc*sb**2, cd*cb*sb, sd*cb*sb, sc*cb*sb, ca*cb*sb, cc*cb*sb, cd**2*sb, sd*cd*sb, sc*cd*sb, ca*cd*sb, cc*cd*sb, ca*sd*sb, cc*sd*sb, sc**2*sb, ca*sc*sb, cc*sc*sb, cc*ca*sb, cd**2*cb, sd*cd*cb, sc*cd*cb, ca*cd*cb, cc*cd*cb, ca*sd*cb, cc*sd*cb, sc**2*cb, ca*sc*cb, cc*sc*cb, cc*ca*cb, cd**3, sd*cd**2, sc*cd**2, ca*cd**2, cc*cd**2, ca*sd*cd, cc*sd*cd, sc**2*cd, ca*sc*cd, cc*sc*cd, cc*ca*cd, cc*ca*sd, sc**3, ca*sc**2, cc*sc**2, cc*ca*sc, sa**4, sb*sa**3, cb*sa**3, cd*sa**3, sd*sa**3, sc*sa**3, ca*sa**3, cc*sa**3, sb**2*sa**2, cb*sb*sa**2, cd*sb*sa**2, sd*sb*sa**2, sc*sb*sa**2, ca*sb*sa**2, cc*sb*sa**2, cd*cb*sa**2;['cc', 'ca', 'sc', 'sd', 'cd', 'cb', 'sb', 'sa']
522;sb;sb_ca_cc_sd_cd_cb_sa_sc;1782.104094482027;8049;1468.44921875;cc*cd, sd**2, cc**2, ca**2, sb**2, cd*cb*sc, sd*cb*sc, cc*cb*sc, ca*cb*sc, sb*cb*sc, cd**2*sc, sd*cd*sc, ca*cd*sc, sb*cd*sc, cc*sd*sc, ca*sd*sc, sb*sd*sc, ca*cc*sc, sb*cc*sc, sb*ca*sc, sa**3, cb*sa**2, cd*sa**2, sd*sa**2, cc*sa**2, ca*sa**2, sb*sa**2, cb**2*sa, cd*cb*sa, sd*cb*sa, cc*cb*sa, ca*cb*sa, sb*cb*sa, cd**2*sa, sd*cd*sa, ca*cd*sa, sb*cd*sa, cc*sd*sa, ca*sd*sa, sb*sd*sa, ca*cc*sa, sb*cc*sa, sb*ca*sa, cb**3, cd*cb**2, sd*cb**2, cc*cb**2, ca*cb**2, sb*cb**2, cd**2*cb, sd*cd*cb, ca*cd*cb, sb*cd*cb, cc*sd*cb, ca*sd*cb, sb*sd*cb, ca*cc*cb, sb*cc*cb, sb*ca*cb, cd**3, sd*cd**2, ca*cd**2, sb*cd**2, ca*sd*cd, sb*sd*cd, sb*ca*cd, ca*cc*sd, sb*cc*sd, sb*ca*sd, sb*ca*cc, sc**4, sa*sc**3, cb*sc**3, cd*sc**3, sd*sc**3, cc*sc**3, ca*sc**3, sb*sc**3, sa**2*sc**2, cb*sa*sc**2, cd*sa*sc**2, sd*sa*sc**2, cc*sa*sc**2, ca*sa*sc**2, sb*sa*sc**2, cb**2*sc**2;['sb', 'ca', 'cc', 'sd', 'cd', 'cb', 'sa', 'sc']
523;sa;sa_sd_cb_cc_ca_sc_cd_sb;1907.268106997013;6091;1468.44921875;sd*sc, cc**2, cb**2, sd**2, sa**2, ca*sc*sb, cc*sc*sb, cb*sc*sb, sa*sc*sb, ca**2*sb, cc*ca*sb, cb*ca*sb, sd*ca*sb, sa*ca*sb, cb*cc*sb, sd*cc*sb, sa*cc*sb, sd*cb*sb, sa*cb*sb, sa*sd*sb, cd**3, sc*cd**2, ca*cd**2, cc*cd**2, cb*cd**2, sd*cd**2, sa*cd**2, sc**2*cd, ca*sc*cd, cc*sc*cd, cb*sc*cd, sa*sc*cd, ca**2*cd, cc*ca*cd, cb*ca*cd, sd*ca*cd, sa*ca*cd, cb*cc*cd, sd*cc*cd, sa*cc*cd, sd*cb*cd, sa*cb*cd, sa*sd*cd, sc**3, ca*sc**2, cc*sc**2, cb*sc**2, sa*sc**2, ca**2*sc, cc*ca*sc, cb*ca*sc, sa*ca*sc, cb*cc*sc, sa*cc*sc, sa*cb*sc, ca**3, cc*ca**2, cb*ca**2, sd*ca**2, sa*ca**2, cb*cc*ca, sd*cc*ca, sa*cc*ca, sd*cb*ca, sa*cb*ca, sa*sd*ca, sd*cb*cc, sa*cb*cc, sa*sd*cc, sa*sd*cb, sb**4, cd*sb**3, sc*sb**3, ca*sb**3, cc*sb**3, cb*sb**3, sd*sb**3, sa*sb**3, cd**2*sb**2, sc*cd*sb**2, ca*cd*sb**2, cc*cd*sb**2, cb*cd*sb**2, sd*cd*sb**2, sa*cd*sb**2, sc**2*sb**2;['sa', 'sd', 'cb', 'cc', 'ca', 'sc', 'cd', 'sb']
524;sd;sd_sb_cd_cc_sc_sa_cb_ca;696.6692261720309;5287;1468.44921875;sa**2, cc**2, cd*cc, sb**2, sd**2, cc*sa*ca, cd*sa*ca, sb*sa*ca, sd*sa*ca, sc**2*ca, cc*sc*ca, cd*sc*ca, sb*sc*ca, sd*sc*ca, sb*cc*ca, sd*cc*ca, cd**2*ca, sb*cd*ca, sd*cd*ca, sd*sb*ca, cb**3, sa*cb**2, sc*cb**2, cc*cb**2, cd*cb**2, sb*cb**2, sd*cb**2, sc*sa*cb, cc*sa*cb, cd*sa*cb, sb*sa*cb, sd*sa*cb, sc**2*cb, cc*sc*cb, cd*sc*cb, sb*sc*cb, sd*sc*cb, sb*cc*cb, sd*cc*cb, cd**2*cb, sb*cd*cb, sd*cd*cb, sd*sb*cb, sc**2*sa, cc*sc*sa, cd*sc*sa, sb*sc*sa, sd*sc*sa, sb*cc*sa, sd*cc*sa, cd**2*sa, sb*cd*sa, sd*cd*sa, sd*sb*sa, sc**3, cc*sc**2, cd*sc**2, sb*sc**2, sd*sc**2, sb*cc*sc, sd*cc*sc, cd**2*sc, sb*cd*sc, sd*cd*sc, sd*sb*sc, sd*sb*cc, cd**3, sb*cd**2, sd*cd**2, sd*sb*cd, ca**4, cb*ca**3, sa*ca**3, sc*ca**3, cc*ca**3, cd*ca**3, sb*ca**3, sd*ca**3, cb**2*ca**2, sa*cb*ca**2, sc*cb*ca**2, cc*cb*ca**2, cd*cb*ca**2, sb*cb*ca**2, sd*cb*ca**2, sc*sa*ca**2;['sd', 'sb', 'cd', 'cc', 'sc', 'sa', 'cb', 'ca']
525;cd;cd_ca_sd_sc_cc_sb_sa_cb;527.9079067539424;5384;1466.48046875;sb**2, sc**2, sd*sc, ca**2, cd**2, sc*sb*cb, sd*sb*cb, ca*sb*cb, cd*sb*cb, cc**2*cb, sc*cc*cb, sd*cc*cb, ca*cc*cb, cd*cc*cb, ca*sc*cb, cd*sc*cb, sd**2*cb, ca*sd*cb, cd*sd*cb, cd*ca*cb, sa**3, sb*sa**2, cc*sa**2, sc*sa**2, sd*sa**2, ca*sa**2, cd*sa**2, cc*sb*sa, sc*sb*sa, sd*sb*sa, ca*sb*sa, cd*sb*sa, cc**2*sa, sc*cc*sa, sd*cc*sa, ca*cc*sa, cd*cc*sa, ca*sc*sa, cd*sc*sa, sd**2*sa, ca*sd*sa, cd*sd*sa, cd*ca*sa, cc**2*sb, sc*cc*sb, sd*cc*sb, ca*cc*sb, cd*cc*sb, ca*sc*sb, cd*sc*sb, sd**2*sb, ca*sd*sb, cd*sd*sb, cd*ca*sb, cc**3, sc*cc**2, sd*cc**2, ca*cc**2, cd*cc**2, ca*sc*cc, cd*sc*cc, sd**2*cc, ca*sd*cc, cd*sd*cc, cd*ca*cc, cd*ca*sc, sd**3, ca*sd**2, cd*sd**2, cd*ca*sd, cb**4, sa*cb**3, sb*cb**3, cc*cb**3, sc*cb**3, sd*cb**3, ca*cb**3, cd*cb**3, sa**2*cb**2, sb*sa*cb**2, cc*sa*cb**2, sc*sa*cb**2, sd*sa*cb**2, ca*sa*cb**2, cd*sa*cb**2, cc*sb*cb**2;['cd', 'ca', 'sd', 'sc', 'cc', 'sb', 'sa', 'cb']
526;cd;cd_sc_cb_ca_cc_sb_sa_sd;651.4467445409391;7149;1463.52734375;cd*cc, ca**2, cb**2, sc**2, cd**2, cc*sb*sd, ca*sb*sd, cb*sb*sd, sc*sb*sd, cd*sb*sd, cc**2*sd, ca*cc*sd, cb*cc*sd, sc*cc*sd, cb*ca*sd, sc*ca*sd, cd*ca*sd, sc*cb*sd, cd*cb*sd, cd*sc*sd, sa**3, sb*sa**2, cc*sa**2, ca*sa**2, cb*sa**2, sc*sa**2, cd*sa**2, sb**2*sa, cc*sb*sa, ca*sb*sa, cb*sb*sa, sc*sb*sa, cd*sb*sa, cc**2*sa, ca*cc*sa, cb*cc*sa, sc*cc*sa, cb*ca*sa, sc*ca*sa, cd*ca*sa, sc*cb*sa, cd*cb*sa, cd*sc*sa, sb**3, cc*sb**2, ca*sb**2, cb*sb**2, sc*sb**2, cd*sb**2, cc**2*sb, ca*cc*sb, cb*cc*sb, sc*cc*sb, cb*ca*sb, sc*ca*sb, cd*ca*sb, sc*cb*sb, cd*cb*sb, cd*sc*sb, cc**3, ca*cc**2, cb*cc**2, sc*cc**2, cb*ca*cc, sc*ca*cc, sc*cb*cc, sc*cb*ca, cd*cb*ca, cd*sc*ca, cd*sc*cb, sd**4, sa*sd**3, sb*sd**3, cc*sd**3, ca*sd**3, cb*sd**3, sc*sd**3, cd*sd**3, sa**2*sd**2, sb*sa*sd**2, cc*sa*sd**2, ca*sa*sd**2, cb*sa*sd**2, sc*sa*sd**2, cd*sa*sd**2, sb**2*sd**2;['cd', 'sc', 'cb', 'ca', 'cc', 'sb', 'sa', 'sd']
527;sb;sb_cd_cb_sd_sa_sc_cc_ca;840.8053191900253;5883;1462.54296875;sc**2, sd*sc, sa**2, cd**2, sb**2, cb*sc*ca, cd*sc*ca, sb*sc*ca, sd*sa*ca, cb*sa*ca, cd*sa*ca, sb*sa*ca, sd**2*ca, cb*sd*ca, cd*sd*ca, sb*sd*ca, cb**2*ca, cd*cb*ca, sb*cb*ca, sb*cd*ca, cc**3, sc*cc**2, sa*cc**2, sd*cc**2, cb*cc**2, cd*cc**2, sb*cc**2, sa*sc*cc, cb*sc*cc, cd*sc*cc, sb*sc*cc, sd*sa*cc, cb*sa*cc, cd*sa*cc, sb*sa*cc, sd**2*cc, cb*sd*cc, cd*sd*cc, sb*sd*cc, cb**2*cc, cd*cb*cc, sb*cb*cc, sb*cd*cc, cb*sa*sc, cd*sa*sc, sb*sa*sc, cb**2*sc, cd*cb*sc, sb*cb*sc, sb*cd*sc, sd**2*sa, cb*sd*sa, cd*sd*sa, sb*sd*sa, cb**2*sa, cd*cb*sa, sb*cb*sa, sb*cd*sa, sd**3, cb*sd**2, cd*sd**2, sb*sd**2, cb**2*sd, cd*cb*sd, sb*cb*sd, sb*cd*sd, cb**3, cd*cb**2, sb*cb**2, sb*cd*cb, ca**4, cc*ca**3, sc*ca**3, sa*ca**3, sd*ca**3, cb*ca**3, cd*ca**3, sb*ca**3, cc**2*ca**2, sc*cc*ca**2, sa*cc*ca**2, sd*cc*ca**2, cb*cc*ca**2, cd*cc*ca**2, sb*cc*ca**2, sa*sc*ca**2;['sb', 'cd', 'cb', 'sd', 'sa', 'sc', 'cc', 'ca']
528;cc;cc_sb_cb_ca_cd_sc_sd_sa;1075.4001750040334;6463;1462.54296875;cd**2, cc*cd, ca**2, sb**2, cc**2, cd*sc*sa, ca*sc*sa, cb*sc*sa, sb*sc*sa, cc*sc*sa, ca*cd*sa, cb*cd*sa, sb*cd*sa, cb*ca*sa, sb*ca*sa, cc*ca*sa, cb**2*sa, sb*cb*sa, cc*cb*sa, cc*sb*sa, sd**3, sc*sd**2, cd*sd**2, ca*sd**2, cb*sd**2, sb*sd**2, cc*sd**2, sc**2*sd, cd*sc*sd, ca*sc*sd, cb*sc*sd, sb*sc*sd, cc*sc*sd, ca*cd*sd, cb*cd*sd, sb*cd*sd, cb*ca*sd, sb*ca*sd, cc*ca*sd, cb**2*sd, sb*cb*sd, cc*cb*sd, cc*sb*sd, sc**3, cd*sc**2, ca*sc**2, cb*sc**2, sb*sc**2, cc*sc**2, ca*cd*sc, cb*cd*sc, sb*cd*sc, cb*ca*sc, sb*ca*sc, cc*ca*sc, cb**2*sc, sb*cb*sc, cc*cb*sc, cc*sb*sc, cb*ca*cd, sb*ca*cd, cb**2*cd, sb*cb*cd, cb**2*ca, sb*cb*ca, cc*cb*ca, cc*sb*ca, cb**3, sb*cb**2, cc*cb**2, cc*sb*cb, sa**4, sd*sa**3, sc*sa**3, cd*sa**3, ca*sa**3, cb*sa**3, sb*sa**3, cc*sa**3, sd**2*sa**2, sc*sd*sa**2, cd*sd*sa**2, ca*sd*sa**2, cb*sd*sa**2, sb*sd*sa**2, cc*sd*sa**2, sc**2*sa**2;['cc', 'sb', 'cb', 'ca', 'cd', 'sc', 'sd', 'sa']
529;sa;sa_sb_ca_sc_cd_sd_cc_cb;1503.4073120660614;6481;1462.54296875;sc*sd, cd**2, sc**2, sb**2, sa**2, cd*sd*cb, ca*sd*cb, sb*sd*cb, sa*sd*cb, sc*cd*cb, ca*cd*cb, sb*cd*cb, sa*cd*cb, ca*sc*cb, sb*sc*cb, sa*sc*cb, ca**2*cb, sb*ca*cb, sa*ca*cb, sa*sb*cb, cc**3, sd*cc**2, cd*cc**2, sc*cc**2, ca*cc**2, sb*cc**2, sa*cc**2, sd**2*cc, cd*sd*cc, ca*sd*cc, sb*sd*cc, sa*sd*cc, sc*cd*cc, ca*cd*cc, sb*cd*cc, sa*cd*cc, ca*sc*cc, sb*sc*cc, sa*sc*cc, ca**2*cc, sb*ca*cc, sa*ca*cc, sa*sb*cc, sd**3, cd*sd**2, ca*sd**2, sb*sd**2, sa*sd**2, ca*cd*sd, sb*cd*sd, sa*cd*sd, ca**2*sd, sb*ca*sd, sa*ca*sd, sa*sb*sd, ca*sc*cd, sb*sc*cd, sa*sc*cd, ca**2*cd, sb*ca*cd, sa*ca*cd, sa*sb*cd, ca**2*sc, sb*ca*sc, sa*ca*sc, sa*sb*sc, ca**3, sb*ca**2, sa*ca**2, sa*sb*ca, cb**4, cc*cb**3, sd*cb**3, cd*cb**3, sc*cb**3, ca*cb**3, sb*cb**3, sa*cb**3, cc**2*cb**2, sd*cc*cb**2, cd*cc*cb**2, sc*cc*cb**2, ca*cc*cb**2, sb*cc*cb**2, sa*cc*cb**2, sd**2*cb**2;['sa', 'sb', 'ca', 'sc', 'cd', 'sd', 'cc', 'cb']
530;sb;sb_cb_sa_sc_sd_cd_ca_cc;819.8693990269676;5992;1462.54296875;sd**2, sc*sd, sc**2, sa**2, sb**2, cd**2*cc, sd*cd*cc, sc*cd*cc, cb*cd*cc, sb*cd*cc, sa*sd*cc, cb*sd*cc, sb*sd*cc, sa*sc*cc, cb*sc*cc, sb*sc*cc, cb*sa*cc, sb*sa*cc, cb**2*cc, sb*cb*cc, ca**3, cd*ca**2, sd*ca**2, sc*ca**2, sa*ca**2, cb*ca**2, sb*ca**2, cd**2*ca, sd*cd*ca, sc*cd*ca, sa*cd*ca, cb*cd*ca, sb*cd*ca, sa*sd*ca, cb*sd*ca, sb*sd*ca, sa*sc*ca, cb*sc*ca, sb*sc*ca, cb*sa*ca, sb*sa*ca, cb**2*ca, sb*cb*ca, cd**3, sd*cd**2, sc*cd**2, sa*cd**2, cb*cd**2, sb*cd**2, sa*sd*cd, cb*sd*cd, sb*sd*cd, sa*sc*cd, cb*sc*cd, sb*sc*cd, cb*sa*cd, sb*sa*cd, cb**2*cd, sb*cb*cd, cb*sa*sd, sb*sa*sd, cb**2*sd, sb*cb*sd, cb*sa*sc, sb*sa*sc, cb**2*sc, sb*cb*sc, cb**2*sa, sb*cb*sa, cb**3, sb*cb**2, cc**4, ca*cc**3, cd*cc**3, sd*cc**3, sc*cc**3, sa*cc**3, cb*cc**3, sb*cc**3, ca**2*cc**2, cd*ca*cc**2, sd*ca*cc**2, sc*ca*cc**2, sa*ca*cc**2, cb*ca*cc**2, sb*ca*cc**2, sa*cd*cc**2;['sb', 'cb', 'sa', 'sc', 'sd', 'cd', 'ca', 'cc']
531;cd;cd_cb_sb_sc_ca_sd_cc_sa;592.9840745519614;6031;1462.54296875;sc*sd, ca**2, sc**2, cb**2, cd**2, ca*sd*sa, sb*sd*sa, cb*sd*sa, cd*sd*sa, sc*ca*sa, sb*ca*sa, cb*ca*sa, cd*ca*sa, sb*sc*sa, cb*sc*sa, cd*sc*sa, sb**2*sa, cb*sb*sa, cd*sb*sa, cd*cb*sa, cc**3, sd*cc**2, ca*cc**2, sc*cc**2, sb*cc**2, cb*cc**2, cd*cc**2, sd**2*cc, ca*sd*cc, sb*sd*cc, cb*sd*cc, cd*sd*cc, sc*ca*cc, sb*ca*cc, cb*ca*cc, cd*ca*cc, sb*sc*cc, cb*sc*cc, cd*sc*cc, sb**2*cc, cb*sb*cc, cd*sb*cc, cd*cb*cc, sd**3, ca*sd**2, sb*sd**2, cb*sd**2, cd*sd**2, sb*ca*sd, cb*ca*sd, cd*ca*sd, sb**2*sd, cb*sb*sd, cd*sb*sd, cd*cb*sd, sb*sc*ca, cb*sc*ca, cd*sc*ca, sb**2*ca, cb*sb*ca, cd*sb*ca, cd*cb*ca, sb**2*sc, cb*sb*sc, cd*sb*sc, cd*cb*sc, sb**3, cb*sb**2, cd*sb**2, cd*cb*sb, sa**4, cc*sa**3, sd*sa**3, ca*sa**3, sc*sa**3, sb*sa**3, cb*sa**3, cd*sa**3, cc**2*sa**2, sd*cc*sa**2, ca*cc*sa**2, sc*cc*sa**2, sb*cc*sa**2, cb*cc*sa**2, cd*cc*sa**2, sd**2*sa**2;['cd', 'cb', 'sb', 'sc', 'ca', 'sd', 'cc', 'sa']
532;sa;sa_cc_ca_cd_cb_sc_sb_sd;532.0861865220359;6364;1462.54296875;cb**2, cd**2, cc*cd, cc**2, sa**2, sc**2*sd, cd*sc*sd, ca*sc*sd, cc*sc*sd, sa*sc*sd, cd*cb*sd, ca*cb*sd, cc*cb*sd, sa*cb*sd, ca*cd*sd, sa*cd*sd, ca**2*sd, cc*ca*sd, sa*ca*sd, sa*cc*sd, sb**3, sc*sb**2, cb*sb**2, cd*sb**2, ca*sb**2, cc*sb**2, sa*sb**2, sc**2*sb, cb*sc*sb, cd*sc*sb, ca*sc*sb, cc*sc*sb, sa*sc*sb, cd*cb*sb, ca*cb*sb, cc*cb*sb, sa*cb*sb, ca*cd*sb, sa*cd*sb, ca**2*sb, cc*ca*sb, sa*ca*sb, sa*cc*sb, sc**3, cb*sc**2, cd*sc**2, ca*sc**2, cc*sc**2, sa*sc**2, cd*cb*sc, ca*cb*sc, cc*cb*sc, sa*cb*sc, ca*cd*sc, sa*cd*sc, ca**2*sc, cc*ca*sc, sa*ca*sc, sa*cc*sc, ca*cd*cb, sa*cd*cb, ca**2*cb, cc*ca*cb, sa*ca*cb, sa*cc*cb, ca**2*cd, sa*ca*cd, ca**3, cc*ca**2, sa*ca**2, sa*cc*ca, sd**4, sb*sd**3, sc*sd**3, cb*sd**3, cd*sd**3, ca*sd**3, cc*sd**3, sa*sd**3, sb**2*sd**2, sc*sb*sd**2, cb*sb*sd**2, cd*sb*sd**2, ca*sb*sd**2, cc*sb*sd**2, sa*sb*sd**2, cb*sc*sd**2;['sa', 'cc', 'ca', 'cd', 'cb', 'sc', 'sb', 'sd']
533;sa;sa_sb_sd_ca_sc_cc_cb_cd;2335.3569841019344;6912;1462.54296875;sc**2, sd*sc, sd**2, sb**2, sa**2, cc**2*cd, sc*cc*cd, sd*cc*cd, sb*cc*cd, sa*cc*cd, ca*sc*cd, sb*sc*cd, sa*sc*cd, ca**2*cd, sd*ca*cd, sb*ca*cd, sa*ca*cd, sb*sd*cd, sa*sd*cd, sa*sb*cd, cb**3, cc*cb**2, sc*cb**2, ca*cb**2, sd*cb**2, sb*cb**2, sa*cb**2, cc**2*cb, sc*cc*cb, ca*cc*cb, sd*cc*cb, sb*cc*cb, sa*cc*cb, ca*sc*cb, sb*sc*cb, sa*sc*cb, ca**2*cb, sd*ca*cb, sb*ca*cb, sa*ca*cb, sb*sd*cb, sa*sd*cb, sa*sb*cb, cc**3, sc*cc**2, ca*cc**2, sd*cc**2, sb*cc**2, sa*cc**2, ca*sc*cc, sb*sc*cc, sa*sc*cc, ca**2*cc, sd*ca*cc, sb*ca*cc, sa*ca*cc, sb*sd*cc, sa*sd*cc, sa*sb*cc, ca**2*sc, sb*ca*sc, sa*ca*sc, sa*sb*sc, ca**3, sd*ca**2, sb*ca**2, sa*ca**2, sb*sd*ca, sa*sd*ca, sa*sb*ca, sa*sb*sd, cd**4, cb*cd**3, cc*cd**3, sc*cd**3, ca*cd**3, sd*cd**3, sb*cd**3, sa*cd**3, cb**2*cd**2, cc*cb*cd**2, sc*cb*cd**2, ca*cb*cd**2, sd*cb*cd**2, sb*cb*cd**2, sa*cb*cd**2, ca*cc*cd**2;['sa', 'sb', 'sd', 'ca', 'sc', 'cc', 'cb', 'cd']
534;ca;ca_sa_sd_cd_sb_cb_sc_cc;337.9487919410458;5053;1461.55859375;sc**2, sd*sc, sb**2, sd**2, ca**2, cd*sc*cc, sa*cb*cc, ca*cb*cc, cd*sb*cc, sd*sb*cc, sa*sb*cc, ca*sb*cc, cd**2*cc, sd*cd*cc, sa*cd*cc, ca*cd*cc, sa*sd*cc, ca*sd*cc, sa**2*cc, ca*sa*cc, cb**2*sc, sb*cb*sc, cd*cb*sc, sa*cb*sc, ca*cb*sc, cd*sb*sc, sa*sb*sc, ca*sb*sc, cd**2*sc, sa*cd*sc, ca*cd*sc, sa**2*sc, ca*sa*sc, cb**3, sb*cb**2, cd*cb**2, sd*cb**2, sa*cb**2, ca*cb**2, cd*sb*cb, sd*sb*cb, sa*sb*cb, ca*sb*cb, cd**2*cb, sd*cd*cb, sa*cd*cb, ca*cd*cb, sa*sd*cb, ca*sd*cb, sa**2*cb, ca*sa*cb, cd**2*sb, sd*cd*sb, sa*cd*sb, ca*cd*sb, sa*sd*sb, ca*sd*sb, sa**2*sb, ca*sa*sb, cd**3, sd*cd**2, sa*cd**2, ca*cd**2, sa*sd*cd, ca*sd*cd, sa**2*cd, ca*sa*cd, sa**2*sd, ca*sa*sd, sa**3, ca*sa**2, cc**4, sc*cc**3, cb*cc**3, sb*cc**3, cd*cc**3, sd*cc**3, sa*cc**3, ca*cc**3, cb*sc*cc**2, sb*sc*cc**2, sa*sc*cc**2, ca*sc*cc**2, cb**2*cc**2, sb*cb*cc**2, cd*cb*cc**2, sd*cb*cc**2;['ca', 'sa', 'sd', 'cd', 'sb', 'cb', 'sc', 'cc']
535;cb;cb_sd_sa_sc_cc_cd_sb_ca;629.4575301059522;6188;1461.55859375;sc**2, sd*sc, sa**2, sd**2, cb**2, cc*cd*ca, sc*cd*ca, sa*cd*ca, sd*cd*ca, cb*cd*ca, cc**2*ca, sc*cc*ca, sa*cc*ca, sd*cc*ca, cb*cc*ca, sa*sc*ca, cb*sc*ca, sd*sa*ca, cb*sa*ca, cb*sd*ca, sb**3, cd*sb**2, cc*sb**2, sc*sb**2, sa*sb**2, sd*sb**2, cb*sb**2, cd**2*sb, cc*cd*sb, sc*cd*sb, sa*cd*sb, sd*cd*sb, cb*cd*sb, cc**2*sb, sc*cc*sb, sa*cc*sb, sd*cc*sb, cb*cc*sb, sa*sc*sb, cb*sc*sb, sd*sa*sb, cb*sa*sb, cb*sd*sb, cd**3, cc*cd**2, sc*cd**2, sa*cd**2, sd*cd**2, cb*cd**2, cc**2*cd, sc*cc*cd, sa*cc*cd, sd*cc*cd, cb*cc*cd, sa*sc*cd, cb*sc*cd, sd*sa*cd, cb*sa*cd, cb*sd*cd, cc**3, sc*cc**2, sa*cc**2, sd*cc**2, cb*cc**2, sa*sc*cc, cb*sc*cc, sd*sa*cc, cb*sa*cc, cb*sd*cc, cb*sa*sc, cb*sd*sa, ca**4, sb*ca**3, cd*ca**3, cc*ca**3, sc*ca**3, sa*ca**3, sd*ca**3, cb*ca**3, sb**2*ca**2, cd*sb*ca**2, cc*sb*ca**2, sc*sb*ca**2, sa*sb*ca**2, sd*sb*ca**2, cb*sb*ca**2, cd**2*ca**2;['cb', 'sd', 'sa', 'sc', 'cc', 'cd', 'sb', 'ca']
536;sb;sb_cc_cd_sa_sd_ca_cb_sc;867.4969403540017;7301;1461.55859375;sa**2, cd**2, cc*cd, cc**2, sb**2, sd*ca*sc, sa*ca*sc, cd*ca*sc, cc*ca*sc, sb*ca*sc, sd**2*sc, sa*sd*sc, cd*sd*sc, cc*sd*sc, sb*sd*sc, cd*sa*sc, cc*sa*sc, sb*sa*sc, sb*cd*sc, sb*cc*sc, cb**3, ca*cb**2, sd*cb**2, sa*cb**2, cd*cb**2, cc*cb**2, sb*cb**2, ca**2*cb, sd*ca*cb, sa*ca*cb, cd*ca*cb, cc*ca*cb, sb*ca*cb, sd**2*cb, sa*sd*cb, cd*sd*cb, cc*sd*cb, sb*sd*cb, cd*sa*cb, cc*sa*cb, sb*sa*cb, sb*cd*cb, sb*cc*cb, ca**3, sd*ca**2, sa*ca**2, cd*ca**2, cc*ca**2, sb*ca**2, sd**2*ca, sa*sd*ca, cd*sd*ca, cc*sd*ca, sb*sd*ca, cd*sa*ca, cc*sa*ca, sb*sa*ca, sb*cd*ca, sb*cc*ca, sd**3, sa*sd**2, cd*sd**2, cc*sd**2, sb*sd**2, cd*sa*sd, cc*sa*sd, sb*sa*sd, sb*cd*sd, sb*cc*sd, sb*cd*sa, sb*cc*sa, sc**4, cb*sc**3, ca*sc**3, sd*sc**3, sa*sc**3, cd*sc**3, cc*sc**3, sb*sc**3, cb**2*sc**2, ca*cb*sc**2, sd*cb*sc**2, sa*cb*sc**2, cd*cb*sc**2, cc*cb*sc**2, sb*cb*sc**2, ca**2*sc**2;['sb', 'cc', 'cd', 'sa', 'sd', 'ca', 'cb', 'sc']
537;ca;ca_sd_cb_sa_sb_sc_cd_cc;414.82909204100724;5146;1461.55859375;sc**2, sd*sc, cb**2, sd**2, ca**2, cd**2*cc, sc*cd*cc, sd*cd*cc, sb**2*cc, sa*sb*cc, cb*sb*cc, sd*sb*cc, ca*sb*cc, sa**2*cc, cb*sa*cc, sd*sa*cc, ca*sa*cc, sd*cb*cc, ca*cb*cc, ca*sd*cc, cd**3, sc*cd**2, sb*cd**2, sa*cd**2, cb*cd**2, sd*cd**2, ca*cd**2, sb*sc*cd, sa*sc*cd, cb*sc*cd, ca*sc*cd, sb**2*cd, sa*sb*cd, cb*sb*cd, sd*sb*cd, ca*sb*cd, sa**2*cd, cb*sa*cd, sd*sa*cd, ca*sa*cd, sd*cb*cd, ca*cb*cd, ca*sd*cd, sb**2*sc, sa*sb*sc, cb*sb*sc, ca*sb*sc, sa**2*sc, cb*sa*sc, ca*sa*sc, ca*cb*sc, sb**3, sa*sb**2, cb*sb**2, sd*sb**2, ca*sb**2, sa**2*sb, cb*sa*sb, sd*sa*sb, ca*sa*sb, sd*cb*sb, ca*cb*sb, ca*sd*sb, sa**3, cb*sa**2, sd*sa**2, ca*sa**2, sd*cb*sa, ca*cb*sa, ca*sd*sa, ca*sd*cb, cc**4, cd*cc**3, sc*cc**3, sb*cc**3, sa*cc**3, cb*cc**3, sd*cc**3, ca*cc**3, sb*cd*cc**2, sa*cd*cc**2, cb*cd*cc**2, ca*cd*cc**2, sb*sc*cc**2, sa*sc*cc**2, cb*sc*cc**2, ca*sc*cc**2;['ca', 'sd', 'cb', 'sa', 'sb', 'sc', 'cd', 'cc']
538;cb;cb_cd_ca_cc_sc_sb_sa_sd;569.8384493500926;6649;1461.55859375;cc**2, cd*cc, ca**2, cd**2, cb**2, sc*sb*sd, cc*sb*sd, ca*sb*sd, cd*sb*sd, cb*sb*sd, sc**2*sd, cc*sc*sd, ca*sc*sd, cd*sc*sd, cb*sc*sd, ca*cc*sd, cb*cc*sd, cd*ca*sd, cb*ca*sd, cb*cd*sd, sa**3, sb*sa**2, sc*sa**2, cc*sa**2, ca*sa**2, cd*sa**2, cb*sa**2, sb**2*sa, sc*sb*sa, cc*sb*sa, ca*sb*sa, cd*sb*sa, cb*sb*sa, sc**2*sa, cc*sc*sa, ca*sc*sa, cd*sc*sa, cb*sc*sa, ca*cc*sa, cb*cc*sa, cd*ca*sa, cb*ca*sa, cb*cd*sa, sb**3, sc*sb**2, cc*sb**2, ca*sb**2, cd*sb**2, cb*sb**2, sc**2*sb, cc*sc*sb, ca*sc*sb, cd*sc*sb, cb*sc*sb, ca*cc*sb, cb*cc*sb, cd*ca*sb, cb*ca*sb, cb*cd*sb, sc**3, cc*sc**2, ca*sc**2, cd*sc**2, cb*sc**2, ca*cc*sc, cb*cc*sc, cd*ca*sc, cb*ca*sc, cb*cd*sc, cb*ca*cc, cb*cd*ca, sd**4, sa*sd**3, sb*sd**3, sc*sd**3, cc*sd**3, ca*sd**3, cd*sd**3, cb*sd**3, sa**2*sd**2, sb*sa*sd**2, sc*sa*sd**2, cc*sa*sd**2, ca*sa*sd**2, cd*sa*sd**2, cb*sa*sd**2, sb**2*sd**2;['cb', 'cd', 'ca', 'cc', 'sc', 'sb', 'sa', 'sd']
539;sb;sb_ca_cb_cc_sa_sd_sc_cd;506.43805240502115;5214;1461.55859375;sd*sc, sd**2, cc**2, ca**2, sb**2, sc**2*cd, cc*sc*cd, cc*sd*cd, sa**2*cd, cc*sa*cd, cb*sa*cd, ca*sa*cd, sb*sa*cd, cb*cc*cd, ca*cc*cd, sb*cc*cd, cb**2*cd, ca*cb*cd, sb*cb*cd, sb*ca*cd, sc**3, sa*sc**2, cc*sc**2, cb*sc**2, ca*sc**2, sb*sc**2, sa**2*sc, cc*sa*sc, cb*sa*sc, ca*sa*sc, sb*sa*sc, cb*cc*sc, ca*cc*sc, sb*cc*sc, cb**2*sc, ca*cb*sc, sb*cb*sc, sb*ca*sc, sa**2*sd, cc*sa*sd, cb*sa*sd, ca*sa*sd, sb*sa*sd, cb*cc*sd, ca*cc*sd, sb*cc*sd, cb**2*sd, ca*cb*sd, sb*cb*sd, sb*ca*sd, sa**3, cc*sa**2, cb*sa**2, ca*sa**2, sb*sa**2, cb*cc*sa, ca*cc*sa, sb*cc*sa, cb**2*sa, ca*cb*sa, sb*cb*sa, sb*ca*sa, cb**2*cc, ca*cb*cc, sb*cb*cc, sb*ca*cc, cb**3, ca*cb**2, sb*cb**2, sb*ca*cb, cd**4, sc*cd**3, sd*cd**3, sa*cd**3, cc*cd**3, cb*cd**3, ca*cd**3, sb*cd**3, sa*sc*cd**2, cb*sc*cd**2, ca*sc*cd**2, sb*sc*cd**2, sa*sd*cd**2, cb*sd*cd**2, ca*sd*cd**2, sb*sd*cd**2;['sb', 'ca', 'cb', 'cc', 'sa', 'sd', 'sc', 'cd']
540;ca;ca_sa_cd_cc_sb_cb_sd_sc;318.43590772198513;5306;1461.55859375;sb**2, cc**2, cd*cc, cd**2, ca**2, sd**2*sc, cc*sd*sc, cd*sd*sc, sa*cb*sc, ca*cb*sc, cc*sb*sc, cd*sb*sc, sa*sb*sc, ca*sb*sc, sa*cc*sc, ca*cc*sc, sa*cd*sc, ca*cd*sc, sa**2*sc, ca*sa*sc, sd**3, cb*sd**2, sb*sd**2, cc*sd**2, cd*sd**2, sa*sd**2, ca*sd**2, cb**2*sd, sb*cb*sd, cc*cb*sd, cd*cb*sd, sa*cb*sd, ca*cb*sd, cc*sb*sd, cd*sb*sd, sa*sb*sd, ca*sb*sd, sa*cc*sd, ca*cc*sd, sa*cd*sd, ca*cd*sd, sa**2*sd, ca*sa*sd, cb**3, sb*cb**2, cc*cb**2, cd*cb**2, sa*cb**2, ca*cb**2, cc*sb*cb, cd*sb*cb, sa*sb*cb, ca*sb*cb, sa*cc*cb, ca*cc*cb, sa*cd*cb, ca*cd*cb, sa**2*cb, ca*sa*cb, sa*cc*sb, ca*cc*sb, sa*cd*sb, ca*cd*sb, sa**2*sb, ca*sa*sb, sa**2*cc, ca*sa*cc, sa**2*cd, ca*sa*cd, sa**3, ca*sa**2, sc**4, sd*sc**3, cb*sc**3, sb*sc**3, cc*sc**3, cd*sc**3, sa*sc**3, ca*sc**3, cb*sd*sc**2, sb*sd*sc**2, sa*sd*sc**2, ca*sd*sc**2, cb**2*sc**2, sb*cb*sc**2, cc*cb*sc**2, cd*cb*sc**2;['ca', 'sa', 'cd', 'cc', 'sb', 'cb', 'sd', 'sc']
541;sa;sa_sb_cc_cb_ca_sd_cd_sc;849.8505165410461;5406;1461.55859375;cc*cd, sd**2, cc**2, sb**2, sa**2, cd**2*sc, sd*cd*sc, cc*sd*sc, ca**2*sc, cb*ca*sc, cc*ca*sc, sb*ca*sc, sa*ca*sc, cb**2*sc, cc*cb*sc, sb*cb*sc, sa*cb*sc, sb*cc*sc, sa*cc*sc, sa*sb*sc, cd**3, sd*cd**2, ca*cd**2, cb*cd**2, sb*cd**2, sa*cd**2, ca*sd*cd, cb*sd*cd, sb*sd*cd, sa*sd*cd, ca**2*cd, cb*ca*cd, sb*ca*cd, sa*ca*cd, cb**2*cd, sb*cb*cd, sa*cb*cd, sa*sb*cd, ca**2*sd, cb*ca*sd, cc*ca*sd, sb*ca*sd, sa*ca*sd, cb**2*sd, cc*cb*sd, sb*cb*sd, sa*cb*sd, sb*cc*sd, sa*cc*sd, sa*sb*sd, ca**3, cb*ca**2, cc*ca**2, sb*ca**2, sa*ca**2, cb**2*ca, cc*cb*ca, sb*cb*ca, sa*cb*ca, sb*cc*ca, sa*cc*ca, sa*sb*ca, cb**3, cc*cb**2, sb*cb**2, sa*cb**2, sb*cc*cb, sa*cc*cb, sa*sb*cb, sa*sb*cc, sc**4, cd*sc**3, sd*sc**3, ca*sc**3, cb*sc**3, cc*sc**3, sb*sc**3, sa*sc**3, ca*cd*sc**2, cb*cd*sc**2, sb*cd*sc**2, sa*cd*sc**2, ca*sd*sc**2, cb*sd*sc**2, sb*sd*sc**2, sa*sd*sc**2;['sa', 'sb', 'cc', 'cb', 'ca', 'sd', 'cd', 'sc']
542;cb;cb_sa_cd_ca_sd_cc_sc_sb;939.9034173770342;6581;1461.55859375;cc**2, cd*cc, cd**2, sa**2, cb**2, ca*cc*sb, sa*cc*sb, cb*cc*sb, sd**2*sb, ca*sd*sb, cd*sd*sb, sa*sd*sb, cb*sd*sb, ca**2*sb, cd*ca*sb, sa*ca*sb, cb*ca*sb, sa*cd*sb, cb*cd*sb, cb*sa*sb, sc**3, cc*sc**2, sd*sc**2, ca*sc**2, cd*sc**2, sa*sc**2, cb*sc**2, sd*cc*sc, ca*cc*sc, sa*cc*sc, cb*cc*sc, sd**2*sc, ca*sd*sc, cd*sd*sc, sa*sd*sc, cb*sd*sc, ca**2*sc, cd*ca*sc, sa*ca*sc, cb*ca*sc, sa*cd*sc, cb*cd*sc, cb*sa*sc, sd**2*cc, ca*sd*cc, sa*sd*cc, cb*sd*cc, ca**2*cc, sa*ca*cc, cb*ca*cc, cb*sa*cc, sd**3, ca*sd**2, cd*sd**2, sa*sd**2, cb*sd**2, ca**2*sd, cd*ca*sd, sa*ca*sd, cb*ca*sd, sa*cd*sd, cb*cd*sd, cb*sa*sd, ca**3, cd*ca**2, sa*ca**2, cb*ca**2, sa*cd*ca, cb*cd*ca, cb*sa*ca, cb*sa*cd, sb**4, sc*sb**3, cc*sb**3, sd*sb**3, ca*sb**3, cd*sb**3, sa*sb**3, cb*sb**3, sc**2*sb**2, cc*sc*sb**2, sd*sc*sb**2, ca*sc*sb**2, cd*sc*sb**2, sa*sc*sb**2, cb*sc*sb**2, sd*cc*sb**2;['cb', 'sa', 'cd', 'ca', 'sd', 'cc', 'sc', 'sb']
543;ca;ca_cd_cc_sd_cb_sc_sa_sb;541.6149599249475;5587;1461.55859375;cb**2, cc**2, cd*cc, cd**2, ca**2, cb*sc*sb, sd*sc*sb, cc*sc*sb, cd*sc*sb, ca*sc*sb, sd*cb*sb, cc*cb*sb, cd*cb*sb, ca*cb*sb, sd**2*sb, cc*sd*sb, cd*sd*sb, ca*sd*sb, ca*cc*sb, ca*cd*sb, sa**3, sc*sa**2, cb*sa**2, sd*sa**2, cc*sa**2, cd*sa**2, ca*sa**2, sc**2*sa, cb*sc*sa, sd*sc*sa, cc*sc*sa, cd*sc*sa, ca*sc*sa, sd*cb*sa, cc*cb*sa, cd*cb*sa, ca*cb*sa, sd**2*sa, cc*sd*sa, cd*sd*sa, ca*sd*sa, ca*cc*sa, ca*cd*sa, sc**3, cb*sc**2, sd*sc**2, cc*sc**2, cd*sc**2, ca*sc**2, sd*cb*sc, cc*cb*sc, cd*cb*sc, ca*cb*sc, sd**2*sc, cc*sd*sc, cd*sd*sc, ca*sd*sc, ca*cc*sc, ca*cd*sc, sd**2*cb, cc*sd*cb, cd*sd*cb, ca*sd*cb, ca*cc*cb, ca*cd*cb, sd**3, cc*sd**2, cd*sd**2, ca*sd**2, ca*cc*sd, ca*cd*sd, sb**4, sa*sb**3, sc*sb**3, cb*sb**3, sd*sb**3, cc*sb**3, cd*sb**3, ca*sb**3, sa**2*sb**2, sc*sa*sb**2, cb*sa*sb**2, sd*sa*sb**2, cc*sa*sb**2, cd*sa*sb**2, ca*sa*sb**2, sc**2*sb**2;['ca', 'cd', 'cc', 'sd', 'cb', 'sc', 'sa', 'sb']
544;sc;sc_sa_sb_cb_sd_cd_cc_ca;1705.4382726890035;6700;1461.55859375;sd**2, sc*sd, sb**2, sa**2, sc**2, sd*cd*ca, cb*cd*ca, sb*cd*ca, sa*cd*ca, sc*cd*ca, cb*sd*ca, sb*sd*ca, sa*sd*ca, cb**2*ca, sb*cb*ca, sa*cb*ca, sc*cb*ca, sa*sb*ca, sc*sb*ca, sc*sa*ca, cc**3, cd*cc**2, sd*cc**2, cb*cc**2, sb*cc**2, sa*cc**2, sc*cc**2, cd**2*cc, sd*cd*cc, cb*cd*cc, sb*cd*cc, sa*cd*cc, sc*cd*cc, cb*sd*cc, sb*sd*cc, sa*sd*cc, cb**2*cc, sb*cb*cc, sa*cb*cc, sc*cb*cc, sa*sb*cc, sc*sb*cc, sc*sa*cc, cd**3, sd*cd**2, cb*cd**2, sb*cd**2, sa*cd**2, sc*cd**2, cb*sd*cd, sb*sd*cd, sa*sd*cd, cb**2*cd, sb*cb*cd, sa*cb*cd, sc*cb*cd, sa*sb*cd, sc*sb*cd, sc*sa*cd, cb**2*sd, sb*cb*sd, sa*cb*sd, sa*sb*sd, cb**3, sb*cb**2, sa*cb**2, sc*cb**2, sa*sb*cb, sc*sb*cb, sc*sa*cb, sc*sa*sb, ca**4, cc*ca**3, cd*ca**3, sd*ca**3, cb*ca**3, sb*ca**3, sa*ca**3, sc*ca**3, cc**2*ca**2, cd*cc*ca**2, sd*cc*ca**2, cb*cc*ca**2, sb*cc*ca**2, sa*cc*ca**2, sc*cc*ca**2, cd**2*ca**2;['sc', 'sa', 'sb', 'cb', 'sd', 'cd', 'cc', 'ca']
545;sa;sa_cb_cc_cd_ca_sd_sb_sc;525.2475272989832;6224;1461.55859375;cd**2, cc*cd, cc**2, cb**2, sa**2, sd**2*sc, cd*sd*sc, cc*sd*sc, cb*sd*sc, sa*sd*sc, ca**2*sc, cd*ca*sc, cc*ca*sc, cb*ca*sc, sa*ca*sc, cb*cd*sc, sa*cd*sc, cb*cc*sc, sa*cc*sc, sa*cb*sc, sb**3, sd*sb**2, ca*sb**2, cd*sb**2, cc*sb**2, cb*sb**2, sa*sb**2, sd**2*sb, ca*sd*sb, cd*sd*sb, cc*sd*sb, cb*sd*sb, sa*sd*sb, ca**2*sb, cd*ca*sb, cc*ca*sb, cb*ca*sb, sa*ca*sb, cb*cd*sb, sa*cd*sb, cb*cc*sb, sa*cc*sb, sa*cb*sb, sd**3, ca*sd**2, cd*sd**2, cc*sd**2, cb*sd**2, sa*sd**2, ca**2*sd, cd*ca*sd, cc*ca*sd, cb*ca*sd, sa*ca*sd, cb*cd*sd, sa*cd*sd, cb*cc*sd, sa*cc*sd, sa*cb*sd, ca**3, cd*ca**2, cc*ca**2, cb*ca**2, sa*ca**2, cb*cd*ca, sa*cd*ca, cb*cc*ca, sa*cc*ca, sa*cb*ca, sa*cb*cd, sa*cb*cc, sc**4, sb*sc**3, sd*sc**3, ca*sc**3, cd*sc**3, cc*sc**3, cb*sc**3, sa*sc**3, sb**2*sc**2, sd*sb*sc**2, ca*sb*sc**2, cd*sb*sc**2, cc*sb*sc**2, cb*sb*sc**2, sa*sb*sc**2, ca*sd*sc**2;['sa', 'cb', 'cc', 'cd', 'ca', 'sd', 'sb', 'sc']
546;sb;sb_cc_sc_sd_sa_ca_cb_cd;497.57375142199453;5917;1461.55859375;sa**2, sd**2, sc*sd, cc**2, sb**2, sa*ca*cd, sd*ca*cd, sc*ca*cd, cc*ca*cd, sb*ca*cd, sd*sa*cd, sc*sa*cd, cc*sa*cd, sb*sa*cd, cc*sd*cd, sb*sd*cd, sc**2*cd, cc*sc*cd, sb*sc*cd, sb*cc*cd, cb**3, ca*cb**2, sa*cb**2, sd*cb**2, sc*cb**2, cc*cb**2, sb*cb**2, ca**2*cb, sa*ca*cb, sd*ca*cb, sc*ca*cb, cc*ca*cb, sb*ca*cb, sd*sa*cb, sc*sa*cb, cc*sa*cb, sb*sa*cb, cc*sd*cb, sb*sd*cb, sc**2*cb, cc*sc*cb, sb*sc*cb, sb*cc*cb, ca**3, sa*ca**2, sd*ca**2, sc*ca**2, cc*ca**2, sb*ca**2, sd*sa*ca, sc*sa*ca, cc*sa*ca, sb*sa*ca, cc*sd*ca, sb*sd*ca, sc**2*ca, cc*sc*ca, sb*sc*ca, sb*cc*ca, cc*sd*sa, sb*sd*sa, sc**2*sa, cc*sc*sa, sb*sc*sa, sb*cc*sa, sb*cc*sd, sc**3, cc*sc**2, sb*sc**2, sb*cc*sc, cd**4, cb*cd**3, ca*cd**3, sa*cd**3, sd*cd**3, sc*cd**3, cc*cd**3, sb*cd**3, cb**2*cd**2, ca*cb*cd**2, sa*cb*cd**2, sd*cb*cd**2, sc*cb*cd**2, cc*cb*cd**2, sb*cb*cd**2, ca**2*cd**2;['sb', 'cc', 'sc', 'sd', 'sa', 'ca', 'cb', 'cd']
547;sb;sb_ca_cd_sd_cb_sc_sa_cc;727.8280022769468;5549;1461.55859375;sc**2, sd*sc, cd**2, ca**2, sb**2, cd*sc*cc, ca*sc*cc, sb*sc*cc, cb**2*cc, sd*cb*cc, cd*cb*cc, ca*cb*cc, sb*cb*cc, sd**2*cc, cd*sd*cc, ca*sd*cc, sb*sd*cc, ca*cd*cc, sb*cd*cc, sb*ca*cc, sa**3, sc*sa**2, cb*sa**2, sd*sa**2, cd*sa**2, ca*sa**2, sb*sa**2, cb*sc*sa, cd*sc*sa, ca*sc*sa, sb*sc*sa, cb**2*sa, sd*cb*sa, cd*cb*sa, ca*cb*sa, sb*cb*sa, sd**2*sa, cd*sd*sa, ca*sd*sa, sb*sd*sa, ca*cd*sa, sb*cd*sa, sb*ca*sa, cb**2*sc, cd*cb*sc, ca*cb*sc, sb*cb*sc, ca*cd*sc, sb*cd*sc, sb*ca*sc, cb**3, sd*cb**2, cd*cb**2, ca*cb**2, sb*cb**2, sd**2*cb, cd*sd*cb, ca*sd*cb, sb*sd*cb, ca*cd*cb, sb*cd*cb, sb*ca*cb, sd**3, cd*sd**2, ca*sd**2, sb*sd**2, ca*cd*sd, sb*cd*sd, sb*ca*sd, sb*ca*cd, cc**4, sa*cc**3, sc*cc**3, cb*cc**3, sd*cc**3, cd*cc**3, ca*cc**3, sb*cc**3, sa**2*cc**2, sc*sa*cc**2, cb*sa*cc**2, sd*sa*cc**2, cd*sa*cc**2, ca*sa*cc**2, sb*sa*cc**2, cb*sc*cc**2;['sb', 'ca', 'cd', 'sd', 'cb', 'sc', 'sa', 'cc']
548;cc;cc_sb_sc_sd_cb_cd_sa_ca;2019.9825865729945;6301;1461.55859375;sa**2, sd**2, sc*sd, sb**2, cc**2, sd*cd*ca, sc*cd*ca, sb*cd*ca, cc*cd*ca, cb**2*ca, sd*cb*ca, sc*cb*ca, sb*cb*ca, cc*cb*ca, sb*sd*ca, cc*sd*ca, sc**2*ca, sb*sc*ca, cc*sc*ca, cc*sb*ca, cd**2*sa, cb*cd*sa, sd*cd*sa, sc*cd*sa, sb*cd*sa, cc*cd*sa, cb**2*sa, sd*cb*sa, sc*cb*sa, sb*cb*sa, cc*cb*sa, sb*sd*sa, cc*sd*sa, sc**2*sa, sb*sc*sa, cc*sc*sa, cc*sb*sa, cd**3, cb*cd**2, sd*cd**2, sc*cd**2, sb*cd**2, cc*cd**2, cb**2*cd, sd*cb*cd, sc*cb*cd, sb*cb*cd, cc*cb*cd, sb*sd*cd, cc*sd*cd, sc**2*cd, sb*sc*cd, cc*sc*cd, cc*sb*cd, cb**3, sd*cb**2, sc*cb**2, sb*cb**2, cc*cb**2, sb*sd*cb, cc*sd*cb, sc**2*cb, sb*sc*cb, cc*sc*cb, cc*sb*cb, cc*sb*sd, sc**3, sb*sc**2, cc*sc**2, cc*sb*sc, ca**4, sa*ca**3, cd*ca**3, cb*ca**3, sd*ca**3, sc*ca**3, sb*ca**3, cc*ca**3, cd*sa*ca**2, cb*sa*ca**2, sd*sa*ca**2, sc*sa*ca**2, sb*sa*ca**2, cc*sa*ca**2, cd**2*ca**2, cb*cd*ca**2;['cc', 'sb', 'sc', 'sd', 'cb', 'cd', 'sa', 'ca']
549;ca;ca_cb_sd_cd_sb_sa_sc_cc;506.269682675018;5845;1461.55859375;sc**2, sd*sc, sd**2, cb**2, ca**2, cd*sc*cc, cb*sa*cc, ca*sa*cc, sb**2*cc, cd*sb*cc, sd*sb*cc, cb*sb*cc, ca*sb*cc, cd**2*cc, sd*cd*cc, cb*cd*cc, ca*cd*cc, cb*sd*cc, ca*sd*cc, ca*cb*cc, sa**2*sc, sb*sa*sc, cd*sa*sc, cb*sa*sc, ca*sa*sc, sb**2*sc, cd*sb*sc, cb*sb*sc, ca*sb*sc, cd**2*sc, cb*cd*sc, ca*cd*sc, ca*cb*sc, sa**3, sb*sa**2, cd*sa**2, sd*sa**2, cb*sa**2, ca*sa**2, sb**2*sa, cd*sb*sa, sd*sb*sa, cb*sb*sa, ca*sb*sa, cd**2*sa, sd*cd*sa, cb*cd*sa, ca*cd*sa, cb*sd*sa, ca*sd*sa, ca*cb*sa, sb**3, cd*sb**2, sd*sb**2, cb*sb**2, ca*sb**2, cd**2*sb, sd*cd*sb, cb*cd*sb, ca*cd*sb, cb*sd*sb, ca*sd*sb, ca*cb*sb, cd**3, sd*cd**2, cb*cd**2, ca*cd**2, cb*sd*cd, ca*sd*cd, ca*cb*cd, ca*cb*sd, cc**4, sc*cc**3, sa*cc**3, sb*cc**3, cd*cc**3, sd*cc**3, cb*cc**3, ca*cc**3, sa*sc*cc**2, sb*sc*cc**2, cb*sc*cc**2, ca*sc*cc**2, sa**2*cc**2, sb*sa*cc**2, cd*sa*cc**2, sd*sa*cc**2;['ca', 'cb', 'sd', 'cd', 'sb', 'sa', 'sc', 'cc']
550;sd;sd_cd_cc_sc_sa_sb_cb_ca;814.1808619750664;5367;1461.55859375;sb**2, sa**2, cc**2, cd*cc, sd**2, sc*sb*ca, cc*sb*ca, cd*sb*ca, sd*sb*ca, sc*sa*ca, cc*sa*ca, cd*sa*ca, sd*sa*ca, sc**2*ca, cc*sc*ca, cd*sc*ca, sd*sc*ca, sd*cc*ca, cd**2*ca, sd*cd*ca, cb**3, sb*cb**2, sa*cb**2, sc*cb**2, cc*cb**2, cd*cb**2, sd*cb**2, sa*sb*cb, sc*sb*cb, cc*sb*cb, cd*sb*cb, sd*sb*cb, sc*sa*cb, cc*sa*cb, cd*sa*cb, sd*sa*cb, sc**2*cb, cc*sc*cb, cd*sc*cb, sd*sc*cb, sd*cc*cb, cd**2*cb, sd*cd*cb, sc*sa*sb, cc*sa*sb, cd*sa*sb, sd*sa*sb, sc**2*sb, cc*sc*sb, cd*sc*sb, sd*sc*sb, sd*cc*sb, cd**2*sb, sd*cd*sb, sc**2*sa, cc*sc*sa, cd*sc*sa, sd*sc*sa, sd*cc*sa, cd**2*sa, sd*cd*sa, sc**3, cc*sc**2, cd*sc**2, sd*sc**2, sd*cc*sc, cd**2*sc, sd*cd*sc, cd**3, sd*cd**2, ca**4, cb*ca**3, sb*ca**3, sa*ca**3, sc*ca**3, cc*ca**3, cd*ca**3, sd*ca**3, cb**2*ca**2, sb*cb*ca**2, sa*cb*ca**2, sc*cb*ca**2, cc*cb*ca**2, cd*cb*ca**2, sd*cb*ca**2, sa*sb*ca**2;['sd', 'cd', 'cc', 'sc', 'sa', 'sb', 'cb', 'ca']
551;cb;cb_sd_sc_sb_ca_cc_cd_sa;1182.4347328509903;6258;1461.55859375;ca**2, sc**2, sd*sc, sd**2, cb**2, ca*cc*sa, sb*cc*sa, sc*cc*sa, sd*cc*sa, cb*cc*sa, sb*ca*sa, sc*ca*sa, sd*ca*sa, cb*ca*sa, sb**2*sa, sc*sb*sa, sd*sb*sa, cb*sb*sa, cb*sc*sa, cb*sd*sa, cd**3, cc*cd**2, ca*cd**2, sb*cd**2, sc*cd**2, sd*cd**2, cb*cd**2, cc**2*cd, ca*cc*cd, sb*cc*cd, sc*cc*cd, sd*cc*cd, cb*cc*cd, sb*ca*cd, sc*ca*cd, sd*ca*cd, cb*ca*cd, sb**2*cd, sc*sb*cd, sd*sb*cd, cb*sb*cd, cb*sc*cd, cb*sd*cd, cc**3, ca*cc**2, sb*cc**2, sc*cc**2, sd*cc**2, cb*cc**2, sb*ca*cc, sc*ca*cc, sd*ca*cc, cb*ca*cc, sb**2*cc, sc*sb*cc, sd*sb*cc, cb*sb*cc, cb*sc*cc, cb*sd*cc, sb**2*ca, sc*sb*ca, sd*sb*ca, cb*sb*ca, cb*sc*ca, cb*sd*ca, sb**3, sc*sb**2, sd*sb**2, cb*sb**2, cb*sc*sb, cb*sd*sb, sa**4, cd*sa**3, cc*sa**3, ca*sa**3, sb*sa**3, sc*sa**3, sd*sa**3, cb*sa**3, cd**2*sa**2, cc*cd*sa**2, ca*cd*sa**2, sb*cd*sa**2, sc*cd*sa**2, sd*cd*sa**2, cb*cd*sa**2, cc**2*sa**2;['cb', 'sd', 'sc', 'sb', 'ca', 'cc', 'cd', 'sa']
552;cd;cd_sa_sb_ca_cb_sd_sc_cc;533.1991298160283;4812;1461.55859375;sc**2, sd*sc, sb**2, sa**2, cd**2, cd*sc*cc, sd**2*cc, cd*sd*cc, cb**2*cc, ca*cb*cc, sb*cb*cc, sa*cb*cc, cd*cb*cc, ca**2*cc, sb*ca*cc, sa*ca*cc, cd*ca*cc, sa*sb*cc, cd*sb*cc, cd*sa*cc, cb**2*sc, ca*cb*sc, sb*cb*sc, sa*cb*sc, cd*cb*sc, ca**2*sc, sb*ca*sc, sa*ca*sc, cd*ca*sc, sa*sb*sc, cd*sb*sc, cd*sa*sc, sd**3, cb*sd**2, ca*sd**2, sb*sd**2, sa*sd**2, cd*sd**2, cb**2*sd, ca*cb*sd, sb*cb*sd, sa*cb*sd, cd*cb*sd, ca**2*sd, sb*ca*sd, sa*ca*sd, cd*ca*sd, sa*sb*sd, cd*sb*sd, cd*sa*sd, cb**3, ca*cb**2, sb*cb**2, sa*cb**2, cd*cb**2, ca**2*cb, sb*ca*cb, sa*ca*cb, cd*ca*cb, sa*sb*cb, cd*sb*cb, cd*sa*cb, ca**3, sb*ca**2, sa*ca**2, cd*ca**2, sa*sb*ca, cd*sb*ca, cd*sa*ca, cd*sa*sb, cc**4, sc*cc**3, sd*cc**3, cb*cc**3, ca*cc**3, sb*cc**3, sa*cc**3, cd*cc**3, cb*sc*cc**2, ca*sc*cc**2, sb*sc*cc**2, sa*sc*cc**2, cb*sd*cc**2, ca*sd*cc**2, sb*sd*cc**2, sa*sd*cc**2;['cd', 'sa', 'sb', 'ca', 'cb', 'sd', 'sc', 'cc']
553;sc;sc_sa_cd_ca_sd_cb_cc_sb;1053.9366521210177;6392;1461.55859375;cb**2, sc*sd, cd**2, sa**2, sc**2, ca*cb*sb, cd*cb*sb, sa*cb*sb, sc*cb*sb, sd**2*sb, ca*sd*sb, cd*sd*sb, sa*sd*sb, ca**2*sb, cd*ca*sb, sa*ca*sb, sc*ca*sb, sa*cd*sb, sc*cd*sb, sc*sa*sb, cc**3, cb*cc**2, sd*cc**2, ca*cc**2, cd*cc**2, sa*cc**2, sc*cc**2, sd*cb*cc, ca*cb*cc, cd*cb*cc, sa*cb*cc, sc*cb*cc, sd**2*cc, ca*sd*cc, cd*sd*cc, sa*sd*cc, ca**2*cc, cd*ca*cc, sa*ca*cc, sc*ca*cc, sa*cd*cc, sc*cd*cc, sc*sa*cc, sd**2*cb, ca*sd*cb, cd*sd*cb, sa*sd*cb, ca**2*cb, cd*ca*cb, sa*ca*cb, sc*ca*cb, sa*cd*cb, sc*cd*cb, sc*sa*cb, sd**3, ca*sd**2, cd*sd**2, sa*sd**2, ca**2*sd, cd*ca*sd, sa*ca*sd, sa*cd*sd, ca**3, cd*ca**2, sa*ca**2, sc*ca**2, sa*cd*ca, sc*cd*ca, sc*sa*ca, sc*sa*cd, sb**4, cc*sb**3, cb*sb**3, sd*sb**3, ca*sb**3, cd*sb**3, sa*sb**3, sc*sb**3, cc**2*sb**2, cb*cc*sb**2, sd*cc*sb**2, ca*cc*sb**2, cd*cc*sb**2, sa*cc*sb**2, sc*cc*sb**2, sd*cb*sb**2;['sc', 'sa', 'cd', 'ca', 'sd', 'cb', 'cc', 'sb']
554;sb;sb_cd_sc_sa_cc_sd_ca_cb;1148.0761326520005;6714;1461.55859375;cd*cc, sa**2, sc**2, cd**2, sb**2, cc*sd*cb, sa*sd*cb, sc*sd*cb, cd*sd*cb, sb*sd*cb, cc**2*cb, sa*cc*cb, sc*cc*cb, sb*cc*cb, sc*sa*cb, cd*sa*cb, sb*sa*cb, cd*sc*cb, sb*sc*cb, sb*cd*cb, ca**3, sd*ca**2, cc*ca**2, sa*ca**2, sc*ca**2, cd*ca**2, sb*ca**2, sd**2*ca, cc*sd*ca, sa*sd*ca, sc*sd*ca, cd*sd*ca, sb*sd*ca, cc**2*ca, sa*cc*ca, sc*cc*ca, sb*cc*ca, sc*sa*ca, cd*sa*ca, sb*sa*ca, cd*sc*ca, sb*sc*ca, sb*cd*ca, sd**3, cc*sd**2, sa*sd**2, sc*sd**2, cd*sd**2, sb*sd**2, cc**2*sd, sa*cc*sd, sc*cc*sd, sb*cc*sd, sc*sa*sd, cd*sa*sd, sb*sa*sd, cd*sc*sd, sb*sc*sd, sb*cd*sd, cc**3, sa*cc**2, sc*cc**2, sb*cc**2, sc*sa*cc, sb*sa*cc, sb*sc*cc, cd*sc*sa, sb*sc*sa, sb*cd*sa, sb*cd*sc, cb**4, ca*cb**3, sd*cb**3, cc*cb**3, sa*cb**3, sc*cb**3, cd*cb**3, sb*cb**3, ca**2*cb**2, sd*ca*cb**2, cc*ca*cb**2, sa*ca*cb**2, sc*ca*cb**2, cd*ca*cb**2, sb*ca*cb**2, sd**2*cb**2;['sb', 'cd', 'sc', 'sa', 'cc', 'sd', 'ca', 'cb']
555;ca;ca_sb_cb_sc_cd_sa_sd_cc;534.3777385709109;5572;1461.55859375;sc*sd, cd**2, sc**2, sb**2, ca**2, sd**2*cc, cd*sd*cc, sb*sa*cc, ca*sa*cc, sc*cd*cc, cb*cd*cc, sb*cd*cc, ca*cd*cc, cb*sc*cc, sb*sc*cc, ca*sc*cc, cb**2*cc, sb*cb*cc, ca*cb*cc, ca*sb*cc, sd**3, sa*sd**2, cd*sd**2, cb*sd**2, sb*sd**2, ca*sd**2, sa**2*sd, cd*sa*sd, cb*sa*sd, sb*sa*sd, ca*sa*sd, cb*cd*sd, sb*cd*sd, ca*cd*sd, cb**2*sd, sb*cb*sd, ca*cb*sd, ca*sb*sd, sa**3, cd*sa**2, sc*sa**2, cb*sa**2, sb*sa**2, ca*sa**2, sc*cd*sa, cb*cd*sa, sb*cd*sa, ca*cd*sa, cb*sc*sa, sb*sc*sa, ca*sc*sa, cb**2*sa, sb*cb*sa, ca*cb*sa, ca*sb*sa, cb*sc*cd, sb*sc*cd, ca*sc*cd, cb**2*cd, sb*cb*cd, ca*cb*cd, ca*sb*cd, cb**2*sc, sb*cb*sc, ca*cb*sc, ca*sb*sc, cb**3, sb*cb**2, ca*cb**2, ca*sb*cb, cc**4, sd*cc**3, sa*cc**3, cd*cc**3, sc*cc**3, cb*cc**3, sb*cc**3, ca*cc**3, sa*sd*cc**2, cb*sd*cc**2, sb*sd*cc**2, ca*sd*cc**2, sa**2*cc**2, cd*sa*cc**2, sc*sa*cc**2, cb*sa*cc**2;['ca', 'sb', 'cb', 'sc', 'cd', 'sa', 'sd', 'cc']
556;sa;sa_sc_ca_sd_cd_sb_cc_cb;867.1116983250249;6381;1461.55859375;sb**2, sd**2, sc*sd, sc**2, sa**2, sd*sb*cb, ca*sb*cb, sc*sb*cb, sa*sb*cb, cd**2*cb, sd*cd*cb, ca*cd*cb, sc*cd*cb, sa*cd*cb, ca*sd*cb, sa*sd*cb, ca**2*cb, sc*ca*cb, sa*ca*cb, sa*sc*cb, cc**3, sb*cc**2, cd*cc**2, sd*cc**2, ca*cc**2, sc*cc**2, sa*cc**2, cd*sb*cc, sd*sb*cc, ca*sb*cc, sc*sb*cc, sa*sb*cc, cd**2*cc, sd*cd*cc, ca*cd*cc, sc*cd*cc, sa*cd*cc, ca*sd*cc, sa*sd*cc, ca**2*cc, sc*ca*cc, sa*ca*cc, sa*sc*cc, cd**2*sb, sd*cd*sb, ca*cd*sb, sc*cd*sb, sa*cd*sb, ca*sd*sb, sa*sd*sb, ca**2*sb, sc*ca*sb, sa*ca*sb, sa*sc*sb, cd**3, sd*cd**2, ca*cd**2, sc*cd**2, sa*cd**2, ca*sd*cd, sa*sd*cd, ca**2*cd, sc*ca*cd, sa*ca*cd, sa*sc*cd, ca**2*sd, sa*ca*sd, ca**3, sc*ca**2, sa*ca**2, sa*sc*ca, cb**4, cc*cb**3, sb*cb**3, cd*cb**3, sd*cb**3, ca*cb**3, sc*cb**3, sa*cb**3, cc**2*cb**2, sb*cc*cb**2, cd*cc*cb**2, sd*cc*cb**2, ca*cc*cb**2, sc*cc*cb**2, sa*cc*cb**2, cd*sb*cb**2;['sa', 'sc', 'ca', 'sd', 'cd', 'sb', 'cc', 'cb']
557;cd;cd_sb_sc_cb_ca_cc_sa_sd;1694.7518237859476;6227;1461.55859375;cd*cc, ca**2, sc**2, sb**2, cd**2, cc**2*sd, cb*cc*sd, sc*cc*sd, sb*cc*sd, cb*ca*sd, sc*ca*sd, sb*ca*sd, cd*ca*sd, cb**2*sd, sc*cb*sd, sb*cb*sd, cd*cb*sd, sb*sc*sd, cd*sc*sd, cd*sb*sd, sa**3, cc*sa**2, ca*sa**2, cb*sa**2, sc*sa**2, sb*sa**2, cd*sa**2, cc**2*sa, ca*cc*sa, cb*cc*sa, sc*cc*sa, sb*cc*sa, cb*ca*sa, sc*ca*sa, sb*ca*sa, cd*ca*sa, cb**2*sa, sc*cb*sa, sb*cb*sa, cd*cb*sa, sb*sc*sa, cd*sc*sa, cd*sb*sa, cc**3, ca*cc**2, cb*cc**2, sc*cc**2, sb*cc**2, cb*ca*cc, sc*ca*cc, sb*ca*cc, cb**2*cc, sc*cb*cc, sb*cb*cc, sb*sc*cc, cb**2*ca, sc*cb*ca, sb*cb*ca, cd*cb*ca, sb*sc*ca, cd*sc*ca, cd*sb*ca, cb**3, sc*cb**2, sb*cb**2, cd*cb**2, sb*sc*cb, cd*sc*cb, cd*sb*cb, cd*sb*sc, sd**4, sa*sd**3, cc*sd**3, ca*sd**3, cb*sd**3, sc*sd**3, sb*sd**3, cd*sd**3, sa**2*sd**2, cc*sa*sd**2, ca*sa*sd**2, cb*sa*sd**2, sc*sa*sd**2, sb*sa*sd**2, cd*sa*sd**2, ca*cc*sd**2;['cd', 'sb', 'sc', 'cb', 'ca', 'cc', 'sa', 'sd']
558;cb;cb_cd_ca_sb_cc_sd_sa_sc;1996.6170353610069;6429;1461.55859375;cc**2, cd*cc, ca**2, cd**2, cb**2, sd**2*sc, cc*sd*sc, ca*sd*sc, cd*sd*sc, cb*sd*sc, sb*cc*sc, ca*cc*sc, cb*cc*sc, sb**2*sc, ca*sb*sc, cd*sb*sc, cb*sb*sc, cd*ca*sc, cb*ca*sc, cb*cd*sc, sa**3, sd*sa**2, cc*sa**2, sb*sa**2, ca*sa**2, cd*sa**2, cb*sa**2, sd**2*sa, cc*sd*sa, sb*sd*sa, ca*sd*sa, cd*sd*sa, cb*sd*sa, sb*cc*sa, ca*cc*sa, cb*cc*sa, sb**2*sa, ca*sb*sa, cd*sb*sa, cb*sb*sa, cd*ca*sa, cb*ca*sa, cb*cd*sa, sd**3, cc*sd**2, sb*sd**2, ca*sd**2, cd*sd**2, cb*sd**2, sb*cc*sd, ca*cc*sd, cb*cc*sd, sb**2*sd, ca*sb*sd, cd*sb*sd, cb*sb*sd, cd*ca*sd, cb*ca*sd, cb*cd*sd, sb**2*cc, ca*sb*cc, cb*sb*cc, cb*ca*cc, sb**3, ca*sb**2, cd*sb**2, cb*sb**2, cd*ca*sb, cb*ca*sb, cb*cd*sb, cb*cd*ca, sc**4, sa*sc**3, sd*sc**3, cc*sc**3, sb*sc**3, ca*sc**3, cd*sc**3, cb*sc**3, sa**2*sc**2, sd*sa*sc**2, cc*sa*sc**2, sb*sa*sc**2, ca*sa*sc**2, cd*sa*sc**2, cb*sa*sc**2, sb*sd*sc**2;['cb', 'cd', 'ca', 'sb', 'cc', 'sd', 'sa', 'sc']
559;sc;sc_sb_sa_ca_sd_cb_cc_cd;378.42733406601474;5292;1461.55859375;sd**2, sc*sd, sa**2, sb**2, sc**2, cc**2*cd, sd*cc*cd, sc*cc*cd, sb*cb*cd, sc*cb*cd, ca*sd*cd, sa*sd*cd, sb*sd*cd, ca**2*cd, sa*ca*cd, sb*ca*cd, sc*ca*cd, sb*sa*cd, sc*sa*cd, sc*sb*cd, cc**3, cb*cc**2, sd*cc**2, ca*cc**2, sa*cc**2, sb*cc**2, sc*cc**2, cb**2*cc, sd*cb*cc, ca*cb*cc, sa*cb*cc, sb*cb*cc, sc*cb*cc, ca*sd*cc, sa*sd*cc, sb*sd*cc, ca**2*cc, sa*ca*cc, sb*ca*cc, sc*ca*cc, sb*sa*cc, sc*sa*cc, sc*sb*cc, cb**3, sd*cb**2, ca*cb**2, sa*cb**2, sb*cb**2, sc*cb**2, ca*sd*cb, sa*sd*cb, sb*sd*cb, ca**2*cb, sa*ca*cb, sb*ca*cb, sc*ca*cb, sb*sa*cb, sc*sa*cb, sc*sb*cb, ca**2*sd, sa*ca*sd, sb*ca*sd, sb*sa*sd, ca**3, sa*ca**2, sb*ca**2, sc*ca**2, sb*sa*ca, sc*sa*ca, sc*sb*ca, sc*sb*sa, cd**4, cc*cd**3, cb*cd**3, sd*cd**3, ca*cd**3, sa*cd**3, sb*cd**3, sc*cd**3, cb*cc*cd**2, ca*cc*cd**2, sa*cc*cd**2, sb*cc*cd**2, cb**2*cd**2, sd*cb*cd**2, ca*cb*cd**2, sa*cb*cd**2;['sc', 'sb', 'sa', 'ca', 'sd', 'cb', 'cc', 'cd']
560;sb;sb_cb_cc_ca_cd_sa_sc_sd;369.21060600108467;5205;1461.55859375;cd**2, cc*cd, ca**2, cc**2, sb**2, sc**2*sd, cd*sc*sd, cc*sc*sd, cb*sa*sd, sb*sa*sd, ca*cd*sd, cb*cd*sd, sb*cd*sd, cc*ca*sd, cb*ca*sd, sb*ca*sd, cb*cc*sd, sb*cc*sd, cb**2*sd, sb*cb*sd, sc**3, sa*sc**2, cd*sc**2, ca*sc**2, cc*sc**2, cb*sc**2, sb*sc**2, sa**2*sc, cd*sa*sc, ca*sa*sc, cc*sa*sc, cb*sa*sc, sb*sa*sc, ca*cd*sc, cb*cd*sc, sb*cd*sc, cc*ca*sc, cb*ca*sc, sb*ca*sc, cb*cc*sc, sb*cc*sc, cb**2*sc, sb*cb*sc, sa**3, cd*sa**2, ca*sa**2, cc*sa**2, cb*sa**2, sb*sa**2, ca*cd*sa, cb*cd*sa, sb*cd*sa, cc*ca*sa, cb*ca*sa, sb*ca*sa, cb*cc*sa, sb*cc*sa, cb**2*sa, sb*cb*sa, cb*ca*cd, sb*ca*cd, cb**2*cd, sb*cb*cd, cb*cc*ca, sb*cc*ca, cb**2*ca, sb*cb*ca, cb**2*cc, sb*cb*cc, cb**3, sb*cb**2, sd**4, sc*sd**3, sa*sd**3, cd*sd**3, ca*sd**3, cc*sd**3, cb*sd**3, sb*sd**3, sa*sc*sd**2, ca*sc*sd**2, cb*sc*sd**2, sb*sc*sd**2, sa**2*sd**2, cd*sa*sd**2, ca*sa*sd**2, cc*sa*sd**2;['sb', 'cb', 'cc', 'ca', 'cd', 'sa', 'sc', 'sd']
561;cb;cb_sc_ca_sb_sd_cc_cd_sa;858.8215167500312;6245;1461.55859375;sd**2, sc*sd, ca**2, sc**2, cb**2, sd*cc*sa, sb*cc*sa, ca*cc*sa, sc*cc*sa, cb*cc*sa, sb*sd*sa, ca*sd*sa, cb*sd*sa, sb**2*sa, ca*sb*sa, sc*sb*sa, cb*sb*sa, sc*ca*sa, cb*ca*sa, cb*sc*sa, cd**3, cc*cd**2, sd*cd**2, sb*cd**2, ca*cd**2, sc*cd**2, cb*cd**2, cc**2*cd, sd*cc*cd, sb*cc*cd, ca*cc*cd, sc*cc*cd, cb*cc*cd, sb*sd*cd, ca*sd*cd, cb*sd*cd, sb**2*cd, ca*sb*cd, sc*sb*cd, cb*sb*cd, sc*ca*cd, cb*ca*cd, cb*sc*cd, cc**3, sd*cc**2, sb*cc**2, ca*cc**2, sc*cc**2, cb*cc**2, sb*sd*cc, ca*sd*cc, cb*sd*cc, sb**2*cc, ca*sb*cc, sc*sb*cc, cb*sb*cc, sc*ca*cc, cb*ca*cc, cb*sc*cc, sb**2*sd, ca*sb*sd, cb*sb*sd, cb*ca*sd, sb**3, ca*sb**2, sc*sb**2, cb*sb**2, sc*ca*sb, cb*ca*sb, cb*sc*sb, cb*sc*ca, sa**4, cd*sa**3, cc*sa**3, sd*sa**3, sb*sa**3, ca*sa**3, sc*sa**3, cb*sa**3, cd**2*sa**2, cc*cd*sa**2, sd*cd*sa**2, sb*cd*sa**2, ca*cd*sa**2, sc*cd*sa**2, cb*cd*sa**2, cc**2*sa**2;['cb', 'sc', 'ca', 'sb', 'sd', 'cc', 'cd', 'sa']
562;cb;cb_sd_sa_ca_cd_sc_cc_sb;1246.618467757944;6698;1461.55859375;sc**2, sd*sc, sa**2, sd**2, cb**2, ca*sc*sb, sa*sc*sb, cb*sc*sb, cd**2*sb, ca*cd*sb, sa*cd*sb, sd*cd*sb, cb*cd*sb, ca**2*sb, sa*ca*sb, sd*ca*sb, cb*ca*sb, sd*sa*sb, cb*sa*sb, cb*sd*sb, cc**3, sc*cc**2, cd*cc**2, ca*cc**2, sa*cc**2, sd*cc**2, cb*cc**2, cd*sc*cc, ca*sc*cc, sa*sc*cc, cb*sc*cc, cd**2*cc, ca*cd*cc, sa*cd*cc, sd*cd*cc, cb*cd*cc, ca**2*cc, sa*ca*cc, sd*ca*cc, cb*ca*cc, sd*sa*cc, cb*sa*cc, cb*sd*cc, cd**2*sc, ca*cd*sc, sa*cd*sc, cb*cd*sc, ca**2*sc, sa*ca*sc, cb*ca*sc, cb*sa*sc, cd**3, ca*cd**2, sa*cd**2, sd*cd**2, cb*cd**2, ca**2*cd, sa*ca*cd, sd*ca*cd, cb*ca*cd, sd*sa*cd, cb*sa*cd, cb*sd*cd, ca**3, sa*ca**2, sd*ca**2, cb*ca**2, sd*sa*ca, cb*sa*ca, cb*sd*ca, cb*sd*sa, sb**4, cc*sb**3, sc*sb**3, cd*sb**3, ca*sb**3, sa*sb**3, sd*sb**3, cb*sb**3, cc**2*sb**2, sc*cc*sb**2, cd*cc*sb**2, ca*cc*sb**2, sa*cc*sb**2, sd*cc*sb**2, cb*cc*sb**2, cd*sc*sb**2;['cb', 'sd', 'sa', 'ca', 'cd', 'sc', 'cc', 'sb']
563;sb;sb_cb_sa_sd_ca_cd_cc_sc;297.23527726205066;4694;1461.55859375;cc**2, cd*cc, sd**2, sa**2, sb**2, sd*cc*sc, cd**2*sc, sd*cd*sc, ca**2*sc, sd*ca*sc, sa*ca*sc, cb*ca*sc, sb*ca*sc, sa*sd*sc, cb*sd*sc, sb*sd*sc, cb*sa*sc, sb*sa*sc, cb**2*sc, sb*cb*sc, ca**2*cc, sd*ca*cc, sa*ca*cc, cb*ca*cc, sb*ca*cc, sa*sd*cc, cb*sd*cc, sb*sd*cc, cb*sa*cc, sb*sa*cc, cb**2*cc, sb*cb*cc, cd**3, ca*cd**2, sd*cd**2, sa*cd**2, cb*cd**2, sb*cd**2, ca**2*cd, sd*ca*cd, sa*ca*cd, cb*ca*cd, sb*ca*cd, sa*sd*cd, cb*sd*cd, sb*sd*cd, cb*sa*cd, sb*sa*cd, cb**2*cd, sb*cb*cd, ca**3, sd*ca**2, sa*ca**2, cb*ca**2, sb*ca**2, sa*sd*ca, cb*sd*ca, sb*sd*ca, cb*sa*ca, sb*sa*ca, cb**2*ca, sb*cb*ca, cb*sa*sd, sb*sa*sd, cb**2*sd, sb*cb*sd, cb**2*sa, sb*cb*sa, cb**3, sb*cb**2, sc**4, cc*sc**3, cd*sc**3, ca*sc**3, sd*sc**3, sa*sc**3, cb*sc**3, sb*sc**3, ca*cc*sc**2, sa*cc*sc**2, cb*cc*sc**2, sb*cc*sc**2, ca*cd*sc**2, sa*cd*sc**2, cb*cd*sc**2, sb*cd*sc**2;['sb', 'cb', 'sa', 'sd', 'ca', 'cd', 'cc', 'sc']
564;sc;sc_ca_cb_cc_sb_sa_cd_sd;355.4311410939554;5177;1461.55859375;cd**2, cc*cd, cb**2, ca**2, sc**2, sc*cd*sd, ca*sa*sd, sc*sa*sd, sb**2*sd, cc*sb*sd, cb*sb*sd, ca*sb*sd, sc*sb*sd, cc**2*sd, cb*cc*sd, ca*cc*sd, sc*cc*sd, ca*cb*sd, sc*cb*sd, sc*ca*sd, sa**2*cd, sb*sa*cd, cb*sa*cd, ca*sa*cd, sc*sa*cd, sb**2*cd, cb*sb*cd, ca*sb*cd, sc*sb*cd, ca*cb*cd, sc*cb*cd, sc*ca*cd, sa**3, sb*sa**2, cc*sa**2, cb*sa**2, ca*sa**2, sc*sa**2, sb**2*sa, cc*sb*sa, cb*sb*sa, ca*sb*sa, sc*sb*sa, cc**2*sa, cb*cc*sa, ca*cc*sa, sc*cc*sa, ca*cb*sa, sc*cb*sa, sc*ca*sa, sb**3, cc*sb**2, cb*sb**2, ca*sb**2, sc*sb**2, cc**2*sb, cb*cc*sb, ca*cc*sb, sc*cc*sb, ca*cb*sb, sc*cb*sb, sc*ca*sb, cc**3, cb*cc**2, ca*cc**2, sc*cc**2, ca*cb*cc, sc*cb*cc, sc*ca*cc, sc*ca*cb, sd**4, cd*sd**3, sa*sd**3, sb*sd**3, cc*sd**3, cb*sd**3, ca*sd**3, sc*sd**3, sa*cd*sd**2, sb*cd*sd**2, cb*cd*sd**2, ca*cd*sd**2, sa**2*sd**2, sb*sa*sd**2, cc*sa*sd**2, cb*sa*sd**2;['sc', 'ca', 'cb', 'cc', 'sb', 'sa', 'cd', 'sd']
565;cb;cb_sd_cd_sb_ca_cc_sc_sa;986.5878435008926;6404;1461.55859375;cc**2, cd*cc, ca**2, sd**2, cb**2, sb*cc*sa, sd*cc*sa, cb*cc*sa, sb*ca*sa, cd*ca*sa, sd*ca*sa, cb*ca*sa, sb**2*sa, cd*sb*sa, sd*sb*sa, cb*sb*sa, cd**2*sa, sd*cd*sa, cb*cd*sa, cb*sd*sa, sc**3, cc*sc**2, ca*sc**2, sb*sc**2, cd*sc**2, sd*sc**2, cb*sc**2, ca*cc*sc, sb*cc*sc, sd*cc*sc, cb*cc*sc, sb*ca*sc, cd*ca*sc, sd*ca*sc, cb*ca*sc, sb**2*sc, cd*sb*sc, sd*sb*sc, cb*sb*sc, cd**2*sc, sd*cd*sc, cb*cd*sc, cb*sd*sc, sb*ca*cc, sd*ca*cc, cb*ca*cc, sb**2*cc, sd*sb*cc, cb*sb*cc, cb*sd*cc, sb**2*ca, cd*sb*ca, sd*sb*ca, cb*sb*ca, cd**2*ca, sd*cd*ca, cb*cd*ca, cb*sd*ca, sb**3, cd*sb**2, sd*sb**2, cb*sb**2, cd**2*sb, sd*cd*sb, cb*cd*sb, cb*sd*sb, cd**3, sd*cd**2, cb*cd**2, cb*sd*cd, sa**4, sc*sa**3, cc*sa**3, ca*sa**3, sb*sa**3, cd*sa**3, sd*sa**3, cb*sa**3, sc**2*sa**2, cc*sc*sa**2, ca*sc*sa**2, sb*sc*sa**2, cd*sc*sa**2, sd*sc*sa**2, cb*sc*sa**2, ca*cc*sa**2;['cb', 'sd', 'cd', 'sb', 'ca', 'cc', 'sc', 'sa']
566;sc;sc_cd_sa_sd_cc_ca_sb_cb;596.2328695879551;5945;1461.55859375;sb**2, sc*sd, sa**2, cd**2, sc**2, sd*ca*cb, sa*ca*cb, cd*ca*cb, sc*ca*cb, cc**2*cb, sd*cc*cb, sa*cc*cb, cd*cc*cb, sc*cc*cb, sd**2*cb, sa*sd*cb, cd*sd*cb, cd*sa*cb, sc*sa*cb, sc*cd*cb, ca**2*sb, cc*ca*sb, sd*ca*sb, sa*ca*sb, cd*ca*sb, sc*ca*sb, cc**2*sb, sd*cc*sb, sa*cc*sb, cd*cc*sb, sc*cc*sb, sd**2*sb, sa*sd*sb, cd*sd*sb, cd*sa*sb, sc*sa*sb, sc*cd*sb, ca**3, cc*ca**2, sd*ca**2, sa*ca**2, cd*ca**2, sc*ca**2, cc**2*ca, sd*cc*ca, sa*cc*ca, cd*cc*ca, sc*cc*ca, sd**2*ca, sa*sd*ca, cd*sd*ca, cd*sa*ca, sc*sa*ca, sc*cd*ca, cc**3, sd*cc**2, sa*cc**2, cd*cc**2, sc*cc**2, sd**2*cc, sa*sd*cc, cd*sd*cc, cd*sa*cc, sc*sa*cc, sc*cd*cc, sd**3, sa*sd**2, cd*sd**2, cd*sa*sd, sc*cd*sa, cb**4, sb*cb**3, ca*cb**3, cc*cb**3, sd*cb**3, sa*cb**3, cd*cb**3, sc*cb**3, ca*sb*cb**2, cc*sb*cb**2, sd*sb*cb**2, sa*sb*cb**2, cd*sb*cb**2, sc*sb*cb**2, ca**2*cb**2, cc*ca*cb**2;['sc', 'cd', 'sa', 'sd', 'cc', 'ca', 'sb', 'cb']
567;sa;sa_ca_sd_sc_cd_cc_cb_sb;787.0661446719896;5427;1461.55859375;cb**2, sc**2, sd*sc, sd**2, sa**2, sc*cc*sb, sd*cc*sb, ca*cc*sb, sa*cc*sb, cd**2*sb, sc*cd*sb, sd*cd*sb, ca*cd*sb, sa*cd*sb, ca*sc*sb, sa*sc*sb, ca*sd*sb, sa*sd*sb, ca**2*sb, sa*ca*sb, cc**2*cb, cd*cc*cb, sc*cc*cb, sd*cc*cb, ca*cc*cb, sa*cc*cb, cd**2*cb, sc*cd*cb, sd*cd*cb, ca*cd*cb, sa*cd*cb, ca*sc*cb, sa*sc*cb, ca*sd*cb, sa*sd*cb, ca**2*cb, sa*ca*cb, cc**3, cd*cc**2, sc*cc**2, sd*cc**2, ca*cc**2, sa*cc**2, cd**2*cc, sc*cd*cc, sd*cd*cc, ca*cd*cc, sa*cd*cc, ca*sc*cc, sa*sc*cc, ca*sd*cc, sa*sd*cc, ca**2*cc, sa*ca*cc, cd**3, sc*cd**2, sd*cd**2, ca*cd**2, sa*cd**2, ca*sc*cd, sa*sc*cd, ca*sd*cd, sa*sd*cd, ca**2*cd, sa*ca*cd, ca**2*sc, sa*ca*sc, ca**2*sd, sa*ca*sd, ca**3, sa*ca**2, sb**4, cb*sb**3, cc*sb**3, cd*sb**3, sc*sb**3, sd*sb**3, ca*sb**3, sa*sb**3, cc*cb*sb**2, cd*cb*sb**2, sc*cb*sb**2, sd*cb*sb**2, ca*cb*sb**2, sa*cb*sb**2, cc**2*sb**2, cd*cc*sb**2;['sa', 'ca', 'sd', 'sc', 'cd', 'cc', 'cb', 'sb']
568;sa;sa_sd_cd_sc_sb_cb_cc_ca;624.732345139957;6806;1461.55859375;sb**2, sc**2, sd*sc, sd**2, sa**2, sb*cb*ca, sc*cb*ca, cd*cb*ca, sd*cb*ca, sa*cb*ca, sc*sb*ca, cd*sb*ca, sd*sb*ca, sa*sb*ca, cd*sc*ca, sa*sc*ca, cd**2*ca, sd*cd*ca, sa*cd*ca, sa*sd*ca, cc**3, cb*cc**2, sb*cc**2, sc*cc**2, cd*cc**2, sd*cc**2, sa*cc**2, cb**2*cc, sb*cb*cc, sc*cb*cc, cd*cb*cc, sd*cb*cc, sa*cb*cc, sc*sb*cc, cd*sb*cc, sd*sb*cc, sa*sb*cc, cd*sc*cc, sa*sc*cc, cd**2*cc, sd*cd*cc, sa*cd*cc, sa*sd*cc, cb**3, sb*cb**2, sc*cb**2, cd*cb**2, sd*cb**2, sa*cb**2, sc*sb*cb, cd*sb*cb, sd*sb*cb, sa*sb*cb, cd*sc*cb, sa*sc*cb, cd**2*cb, sd*cd*cb, sa*cd*cb, sa*sd*cb, cd*sc*sb, sa*sc*sb, cd**2*sb, sd*cd*sb, sa*cd*sb, sa*sd*sb, cd**2*sc, sa*cd*sc, cd**3, sd*cd**2, sa*cd**2, sa*sd*cd, ca**4, cc*ca**3, cb*ca**3, sb*ca**3, sc*ca**3, cd*ca**3, sd*ca**3, sa*ca**3, cc**2*ca**2, cb*cc*ca**2, sb*cc*ca**2, sc*cc*ca**2, cd*cc*ca**2, sd*cc*ca**2, sa*cc*ca**2, cb**2*ca**2;['sa', 'sd', 'cd', 'sc', 'sb', 'cb', 'cc', 'ca']
569;cc;cc_sb_cd_sa_cb_sd_sc_ca;809.8299035199452;6233;1461.55859375;sa**2, cd**2, cc*cd, sb**2, cc**2, cb*sd*ca, sa*sd*ca, cd*sd*ca, sb*sd*ca, cc*sd*ca, cb**2*ca, sa*cb*ca, cd*cb*ca, sb*cb*ca, cc*cb*ca, cd*sa*ca, sb*sa*ca, cc*sa*ca, sb*cd*ca, cc*sb*ca, sc**3, sd*sc**2, cb*sc**2, sa*sc**2, cd*sc**2, sb*sc**2, cc*sc**2, sd**2*sc, cb*sd*sc, sa*sd*sc, cd*sd*sc, sb*sd*sc, cc*sd*sc, cb**2*sc, sa*cb*sc, cd*cb*sc, sb*cb*sc, cc*cb*sc, cd*sa*sc, sb*sa*sc, cc*sa*sc, sb*cd*sc, cc*sb*sc, sd**3, cb*sd**2, sa*sd**2, cd*sd**2, sb*sd**2, cc*sd**2, cb**2*sd, sa*cb*sd, cd*cb*sd, sb*cb*sd, cc*cb*sd, cd*sa*sd, sb*sa*sd, cc*sa*sd, sb*cd*sd, cc*sb*sd, cb**3, sa*cb**2, cd*cb**2, sb*cb**2, cc*cb**2, cd*sa*cb, sb*sa*cb, cc*sa*cb, sb*cd*cb, cc*sb*cb, sb*cd*sa, cc*sb*sa, ca**4, sc*ca**3, sd*ca**3, cb*ca**3, sa*ca**3, cd*ca**3, sb*ca**3, cc*ca**3, sc**2*ca**2, sd*sc*ca**2, cb*sc*ca**2, sa*sc*ca**2, cd*sc*ca**2, sb*sc*ca**2, cc*sc*ca**2, sd**2*ca**2;['cc', 'sb', 'cd', 'sa', 'cb', 'sd', 'sc', 'ca']
570;sd;sd_sb_cd_sa_sc_cc_cb_ca;628.6539690339705;5552;1461.55859375;sc**2, sd*sc, sa**2, sb**2, sd**2, sc*cc*ca, sa*cc*ca, cd*cc*ca, sb*cc*ca, sd*cc*ca, sa*sc*ca, cd*sc*ca, sb*sc*ca, cd*sa*ca, sb*sa*ca, sd*sa*ca, cd**2*ca, sb*cd*ca, sd*cd*ca, sd*sb*ca, cb**3, cc*cb**2, sc*cb**2, sa*cb**2, cd*cb**2, sb*cb**2, sd*cb**2, cc**2*cb, sc*cc*cb, sa*cc*cb, cd*cc*cb, sb*cc*cb, sd*cc*cb, sa*sc*cb, cd*sc*cb, sb*sc*cb, cd*sa*cb, sb*sa*cb, sd*sa*cb, cd**2*cb, sb*cd*cb, sd*cd*cb, sd*sb*cb, cc**3, sc*cc**2, sa*cc**2, cd*cc**2, sb*cc**2, sd*cc**2, sa*sc*cc, cd*sc*cc, sb*sc*cc, cd*sa*cc, sb*sa*cc, sd*sa*cc, cd**2*cc, sb*cd*cc, sd*cd*cc, sd*sb*cc, cd*sa*sc, sb*sa*sc, cd**2*sc, sb*cd*sc, cd**2*sa, sb*cd*sa, sd*cd*sa, sd*sb*sa, cd**3, sb*cd**2, sd*cd**2, sd*sb*cd, ca**4, cb*ca**3, cc*ca**3, sc*ca**3, sa*ca**3, cd*ca**3, sb*ca**3, sd*ca**3, cb**2*ca**2, cc*cb*ca**2, sc*cb*ca**2, sa*cb*ca**2, cd*cb*ca**2, sb*cb*ca**2, sd*cb*ca**2, cc**2*ca**2;['sd', 'sb', 'cd', 'sa', 'sc', 'cc', 'cb', 'ca']
571;cc;cc_sd_cd_ca_sc_sb_sa_cb;384.20353705296293;5436;1461.55859375;sb**2, ca**2, cc*cd, sd**2, cc**2, ca*sb*cb, cd*sb*cb, sd*sb*cb, cc*sb*cb, sc**2*cb, ca*sc*cb, cd*sc*cb, sd*sc*cb, cc*sc*cb, cd*ca*cb, sd*ca*cb, cc*ca*cb, cd**2*cb, sd*cd*cb, cc*sd*cb, sa**3, sb*sa**2, sc*sa**2, ca*sa**2, cd*sa**2, sd*sa**2, cc*sa**2, sc*sb*sa, ca*sb*sa, cd*sb*sa, sd*sb*sa, cc*sb*sa, sc**2*sa, ca*sc*sa, cd*sc*sa, sd*sc*sa, cc*sc*sa, cd*ca*sa, sd*ca*sa, cc*ca*sa, cd**2*sa, sd*cd*sa, cc*sd*sa, sc**2*sb, ca*sc*sb, cd*sc*sb, sd*sc*sb, cc*sc*sb, cd*ca*sb, sd*ca*sb, cc*ca*sb, cd**2*sb, sd*cd*sb, cc*sd*sb, sc**3, ca*sc**2, cd*sc**2, sd*sc**2, cc*sc**2, cd*ca*sc, sd*ca*sc, cc*ca*sc, cd**2*sc, sd*cd*sc, cc*sd*sc, cd**2*ca, sd*cd*ca, cc*sd*ca, cd**3, sd*cd**2, cb**4, sa*cb**3, sb*cb**3, sc*cb**3, ca*cb**3, cd*cb**3, sd*cb**3, cc*cb**3, sa**2*cb**2, sb*sa*cb**2, sc*sa*cb**2, ca*sa*cb**2, cd*sa*cb**2, sd*sa*cb**2, cc*sa*cb**2, sc*sb*cb**2;['cc', 'sd', 'cd', 'ca', 'sc', 'sb', 'sa', 'cb']
572;sc;sc_cb_sb_sd_ca_cd_cc_sa;839.9793604679871;6267;1461.55859375;ca**2, sd**2, sc*sd, cb**2, sc**2, ca*cd*sa, sd*cd*sa, sb*cd*sa, cb*cd*sa, sc*cd*sa, sd*ca*sa, sb*ca*sa, cb*ca*sa, sc*ca*sa, sb*sd*sa, cb*sd*sa, sb**2*sa, cb*sb*sa, sc*sb*sa, sc*cb*sa, cc**3, cd*cc**2, ca*cc**2, sd*cc**2, sb*cc**2, cb*cc**2, sc*cc**2, cd**2*cc, ca*cd*cc, sd*cd*cc, sb*cd*cc, cb*cd*cc, sc*cd*cc, sd*ca*cc, sb*ca*cc, cb*ca*cc, sc*ca*cc, sb*sd*cc, cb*sd*cc, sb**2*cc, cb*sb*cc, sc*sb*cc, sc*cb*cc, cd**3, ca*cd**2, sd*cd**2, sb*cd**2, cb*cd**2, sc*cd**2, sd*ca*cd, sb*ca*cd, cb*ca*cd, sc*ca*cd, sb*sd*cd, cb*sd*cd, sb**2*cd, cb*sb*cd, sc*sb*cd, sc*cb*cd, sb*sd*ca, cb*sd*ca, sb**2*ca, cb*sb*ca, sc*sb*ca, sc*cb*ca, sb**2*sd, cb*sb*sd, sb**3, cb*sb**2, sc*sb**2, sc*cb*sb, sa**4, cc*sa**3, cd*sa**3, ca*sa**3, sd*sa**3, sb*sa**3, cb*sa**3, sc*sa**3, cc**2*sa**2, cd*cc*sa**2, ca*cc*sa**2, sd*cc*sa**2, sb*cc*sa**2, cb*cc*sa**2, sc*cc*sa**2, cd**2*sa**2;['sc', 'cb', 'sb', 'sd', 'ca', 'cd', 'cc', 'sa']
573;sc;sc_ca_sb_cd_cc_sa_sd_cb;630.2585850689793;6546;1461.55859375;cd*cc, cd**2, sb**2, ca**2, sc**2, cc*sa*cb, cd*sa*cb, sb*sa*cb, ca*sa*cb, sc*sa*cb, cc**2*cb, sb*cc*cb, ca*cc*cb, sc*cc*cb, sb*cd*cb, ca*cd*cb, sc*cd*cb, ca*sb*cb, sc*sb*cb, sc*ca*cb, sd**3, sa*sd**2, cc*sd**2, cd*sd**2, sb*sd**2, ca*sd**2, sc*sd**2, sa**2*sd, cc*sa*sd, cd*sa*sd, sb*sa*sd, ca*sa*sd, sc*sa*sd, cc**2*sd, sb*cc*sd, ca*cc*sd, sc*cc*sd, sb*cd*sd, ca*cd*sd, sc*cd*sd, ca*sb*sd, sc*sb*sd, sc*ca*sd, sa**3, cc*sa**2, cd*sa**2, sb*sa**2, ca*sa**2, sc*sa**2, cc**2*sa, sb*cc*sa, ca*cc*sa, sc*cc*sa, sb*cd*sa, ca*cd*sa, sc*cd*sa, ca*sb*sa, sc*sb*sa, sc*ca*sa, cc**3, sb*cc**2, ca*cc**2, sc*cc**2, ca*sb*cc, sc*sb*cc, sc*ca*cc, ca*sb*cd, sc*sb*cd, sc*ca*cd, sc*ca*sb, cb**4, sd*cb**3, sa*cb**3, cc*cb**3, cd*cb**3, sb*cb**3, ca*cb**3, sc*cb**3, sd**2*cb**2, sa*sd*cb**2, cc*sd*cb**2, cd*sd*cb**2, sb*sd*cb**2, ca*sd*cb**2, sc*sd*cb**2, sa**2*cb**2;['sc', 'ca', 'sb', 'cd', 'cc', 'sa', 'sd', 'cb']
574;sd;sd_sa_cd_sc_cc_sb_ca_cb;3515.1353050098987;5423;1461.55859375;sb**2, sc**2, sd*sc, sa**2, sd**2, sc*sb*cb, cd*sb*cb, sa*sb*cb, sd*sb*cb, cc**2*cb, sc*cc*cb, cd*cc*cb, sa*cc*cb, sd*cc*cb, cd*sc*cb, sa*sc*cb, cd**2*cb, sa*cd*cb, sd*cd*cb, sd*sa*cb, ca**3, sb*ca**2, cc*ca**2, sc*ca**2, cd*ca**2, sa*ca**2, sd*ca**2, cc*sb*ca, sc*sb*ca, cd*sb*ca, sa*sb*ca, sd*sb*ca, cc**2*ca, sc*cc*ca, cd*cc*ca, sa*cc*ca, sd*cc*ca, cd*sc*ca, sa*sc*ca, cd**2*ca, sa*cd*ca, sd*cd*ca, sd*sa*ca, cc**2*sb, sc*cc*sb, cd*cc*sb, sa*cc*sb, sd*cc*sb, cd*sc*sb, sa*sc*sb, cd**2*sb, sa*cd*sb, sd*cd*sb, sd*sa*sb, cc**3, sc*cc**2, cd*cc**2, sa*cc**2, sd*cc**2, cd*sc*cc, sa*sc*cc, cd**2*cc, sa*cd*cc, sd*cd*cc, sd*sa*cc, cd**2*sc, sa*cd*sc, cd**3, sa*cd**2, sd*cd**2, sd*sa*cd, cb**4, ca*cb**3, sb*cb**3, cc*cb**3, sc*cb**3, cd*cb**3, sa*cb**3, sd*cb**3, ca**2*cb**2, sb*ca*cb**2, cc*ca*cb**2, sc*ca*cb**2, cd*ca*cb**2, sa*ca*cb**2, sd*ca*cb**2, cc*sb*cb**2;['sd', 'sa', 'cd', 'sc', 'cc', 'sb', 'ca', 'cb']
575;cb;cb_sb_sc_ca_cc_cd_sa_sd;535.568064349005;5414;1461.55859375;cd**2, cc*cd, ca**2, sc**2, cb**2, sc*cd*sd, sb*cd*sd, cb*cd*sd, cc**2*sd, ca*cc*sd, sc*cc*sd, sb*cc*sd, cb*cc*sd, sc*ca*sd, sb*ca*sd, cb*ca*sd, sb*sc*sd, cb*sc*sd, sb**2*sd, cb*sb*sd, sa**3, cd*sa**2, cc*sa**2, ca*sa**2, sc*sa**2, sb*sa**2, cb*sa**2, ca*cd*sa, sc*cd*sa, sb*cd*sa, cb*cd*sa, cc**2*sa, ca*cc*sa, sc*cc*sa, sb*cc*sa, cb*cc*sa, sc*ca*sa, sb*ca*sa, cb*ca*sa, sb*sc*sa, cb*sc*sa, sb**2*sa, cb*sb*sa, sc*ca*cd, sb*ca*cd, cb*ca*cd, sb*sc*cd, cb*sc*cd, sb**2*cd, cb*sb*cd, cc**3, ca*cc**2, sc*cc**2, sb*cc**2, cb*cc**2, sc*ca*cc, sb*ca*cc, cb*ca*cc, sb*sc*cc, cb*sc*cc, sb**2*cc, cb*sb*cc, sb*sc*ca, cb*sc*ca, sb**2*ca, cb*sb*ca, sb**2*sc, cb*sb*sc, sb**3, cb*sb**2, sd**4, sa*sd**3, cd*sd**3, cc*sd**3, ca*sd**3, sc*sd**3, sb*sd**3, cb*sd**3, sa**2*sd**2, cd*sa*sd**2, cc*sa*sd**2, ca*sa*sd**2, sc*sa*sd**2, sb*sa*sd**2, cb*sa*sd**2, ca*cd*sd**2;['cb', 'sb', 'sc', 'ca', 'cc', 'cd', 'sa', 'sd']
576;cc;cc_cb_ca_sb_sd_sc_sa_cd;353.5267060919432;6002;1461.55859375;sd*sc, sd**2, ca**2, cb**2, cc**2, sc**2*cd, ca*sc*cd, cb*sc*cd, cc*sc*cd, sb*sd*cd, ca*sd*cd, cb*sd*cd, cc*sd*cd, sb**2*cd, ca*sb*cd, cb*sb*cd, cc*sb*cd, cb*ca*cd, cc*ca*cd, cc*cb*cd, sa**3, sc*sa**2, sd*sa**2, sb*sa**2, ca*sa**2, cb*sa**2, cc*sa**2, sc**2*sa, sb*sc*sa, ca*sc*sa, cb*sc*sa, cc*sc*sa, sb*sd*sa, ca*sd*sa, cb*sd*sa, cc*sd*sa, sb**2*sa, ca*sb*sa, cb*sb*sa, cc*sb*sa, cb*ca*sa, cc*ca*sa, cc*cb*sa, sc**3, sb*sc**2, ca*sc**2, cb*sc**2, cc*sc**2, sb**2*sc, ca*sb*sc, cb*sb*sc, cc*sb*sc, cb*ca*sc, cc*ca*sc, cc*cb*sc, sb**2*sd, ca*sb*sd, cb*sb*sd, cc*sb*sd, cb*ca*sd, cc*ca*sd, cc*cb*sd, sb**3, ca*sb**2, cb*sb**2, cc*sb**2, cb*ca*sb, cc*ca*sb, cc*cb*sb, cc*cb*ca, cd**4, sa*cd**3, sc*cd**3, sd*cd**3, sb*cd**3, ca*cd**3, cb*cd**3, cc*cd**3, sa**2*cd**2, sc*sa*cd**2, sd*sa*cd**2, sb*sa*cd**2, ca*sa*cd**2, cb*sa*cd**2, cc*sa*cd**2, sb*sc*cd**2;['cc', 'cb', 'ca', 'sb', 'sd', 'sc', 'sa', 'cd']
577;cb;cb_sb_sd_sc_cd_ca_sa_cc;526.7610901528969;6453;1461.55859375;ca**2, sc**2, sd*sc, sd**2, cb**2, sc*ca*cc, sd*ca*cc, sb*ca*cc, cb*ca*cc, cd**2*cc, sc*cd*cc, sd*cd*cc, sb*cd*cc, cb*cd*cc, sb*sc*cc, cb*sc*cc, sb*sd*cc, cb*sd*cc, sb**2*cc, cb*sb*cc, sa**3, ca*sa**2, cd*sa**2, sc*sa**2, sd*sa**2, sb*sa**2, cb*sa**2, cd*ca*sa, sc*ca*sa, sd*ca*sa, sb*ca*sa, cb*ca*sa, cd**2*sa, sc*cd*sa, sd*cd*sa, sb*cd*sa, cb*cd*sa, sb*sc*sa, cb*sc*sa, sb*sd*sa, cb*sd*sa, sb**2*sa, cb*sb*sa, cd**2*ca, sc*cd*ca, sd*cd*ca, sb*cd*ca, cb*cd*ca, sb*sc*ca, cb*sc*ca, sb*sd*ca, cb*sd*ca, sb**2*ca, cb*sb*ca, cd**3, sc*cd**2, sd*cd**2, sb*cd**2, cb*cd**2, sb*sc*cd, cb*sc*cd, sb*sd*cd, cb*sd*cd, sb**2*cd, cb*sb*cd, sb**2*sc, cb*sb*sc, sb**2*sd, cb*sb*sd, sb**3, cb*sb**2, cc**4, sa*cc**3, ca*cc**3, cd*cc**3, sc*cc**3, sd*cc**3, sb*cc**3, cb*cc**3, sa**2*cc**2, ca*sa*cc**2, cd*sa*cc**2, sc*sa*cc**2, sd*sa*cc**2, sb*sa*cc**2, cb*sa*cc**2, cd*ca*cc**2;['cb', 'sb', 'sd', 'sc', 'cd', 'ca', 'sa', 'cc']
578;ca;ca_sa_cc_cd_cb_sd_sc_sb;14115.548359074979;6328;1760.1171875;cb**2, cd**2, cc*cd, cc**2, ca**2, cb*sd*sb, cd*sd*sb, cc*sd*sb, sa*sd*sb, ca*sd*sb, cd*cb*sb, cc*cb*sb, sa*cb*sb, ca*cb*sb, sa*cd*sb, ca*cd*sb, sa*cc*sb, ca*cc*sb, sa**2*sb, ca*sa*sb, sc**3, sd*sc**2, cb*sc**2, cd*sc**2, cc*sc**2, sa*sc**2, ca*sc**2, sd**2*sc, cb*sd*sc, cd*sd*sc, cc*sd*sc, sa*sd*sc, ca*sd*sc, cd*cb*sc, cc*cb*sc, sa*cb*sc, ca*cb*sc, sa*cd*sc, ca*cd*sc, sa*cc*sc, ca*cc*sc, sa**2*sc, ca*sa*sc, sd**3, cb*sd**2, cd*sd**2, cc*sd**2, sa*sd**2, ca*sd**2, cd*cb*sd, cc*cb*sd, sa*cb*sd, ca*cb*sd, sa*cd*sd, ca*cd*sd, sa*cc*sd, ca*cc*sd, sa**2*sd, ca*sa*sd, sa*cd*cb, ca*cd*cb, sa*cc*cb, ca*cc*cb, sa**2*cb, ca*sa*cb, sa**2*cd, ca*sa*cd, sa**2*cc, ca*sa*cc, sa**3, ca*sa**2, sb**4, sc*sb**3, sd*sb**3, cb*sb**3, cd*sb**3, cc*sb**3, sa*sb**3, ca*sb**3, sc**2*sb**2, sd*sc*sb**2, cb*sc*sb**2, cd*sc*sb**2, cc*sc*sb**2, sa*sc*sb**2, ca*sc*sb**2, sd**2*sb**2;['ca', 'sa', 'cc', 'cd', 'cb', 'sd', 'sc', 'sb']
579;cb;cb_cc_sc_sa_sd_ca_cd_sb;615.9968423399841;6200;1760.1171875;sd**2, sc*sd, sa**2, cc**2, cb**2, sd*ca*sb, sa*ca*sb, sc*ca*sb, cc*ca*sb, cb*ca*sb, sa*sd*sb, cc*sd*sb, cb*sd*sb, sc*sa*sb, cc*sa*sb, cb*sa*sb, sc**2*sb, cc*sc*sb, cb*sc*sb, cb*cc*sb, cd**3, ca*cd**2, sd*cd**2, sa*cd**2, sc*cd**2, cc*cd**2, cb*cd**2, ca**2*cd, sd*ca*cd, sa*ca*cd, sc*ca*cd, cc*ca*cd, cb*ca*cd, sa*sd*cd, cc*sd*cd, cb*sd*cd, sc*sa*cd, cc*sa*cd, cb*sa*cd, sc**2*cd, cc*sc*cd, cb*sc*cd, cb*cc*cd, ca**3, sd*ca**2, sa*ca**2, sc*ca**2, cc*ca**2, cb*ca**2, sa*sd*ca, cc*sd*ca, cb*sd*ca, sc*sa*ca, cc*sa*ca, cb*sa*ca, sc**2*ca, cc*sc*ca, cb*sc*ca, cb*cc*ca, cc*sa*sd, cb*sa*sd, cb*cc*sd, sc**2*sa, cc*sc*sa, cb*sc*sa, cb*cc*sa, sc**3, cc*sc**2, cb*sc**2, cb*cc*sc, sb**4, cd*sb**3, ca*sb**3, sd*sb**3, sa*sb**3, sc*sb**3, cc*sb**3, cb*sb**3, cd**2*sb**2, ca*cd*sb**2, sd*cd*sb**2, sa*cd*sb**2, sc*cd*sb**2, cc*cd*sb**2, cb*cd*sb**2, ca**2*sb**2;['cb', 'cc', 'sc', 'sa', 'sd', 'ca', 'cd', 'sb']
580;sc;sc_sb_cd_cb_sa_ca_sd_cc;472.39551003999077;5706;1461.67578125;sc*sd, sa**2, cd**2, sb**2, sc**2, sd**2*cc, cd*sd*cc, sb*ca*cc, sc*ca*cc, cb*sa*cc, cd*sa*cc, sb*sa*cc, sc*sa*cc, cb**2*cc, cd*cb*cc, sb*cb*cc, sc*cb*cc, sb*cd*cc, sc*cd*cc, sc*sb*cc, sd**3, ca*sd**2, sa*sd**2, cb*sd**2, cd*sd**2, sb*sd**2, ca**2*sd, sa*ca*sd, cb*ca*sd, cd*ca*sd, sb*ca*sd, cb*sa*sd, cd*sa*sd, sb*sa*sd, cb**2*sd, cd*cb*sd, sb*cb*sd, sb*cd*sd, ca**3, sa*ca**2, cb*ca**2, cd*ca**2, sb*ca**2, sc*ca**2, cb*sa*ca, cd*sa*ca, sb*sa*ca, sc*sa*ca, cb**2*ca, cd*cb*ca, sb*cb*ca, sc*cb*ca, sb*cd*ca, sc*cd*ca, sc*sb*ca, cb**2*sa, cd*cb*sa, sb*cb*sa, sc*cb*sa, sb*cd*sa, sc*cd*sa, sc*sb*sa, cb**3, cd*cb**2, sb*cb**2, sc*cb**2, sb*cd*cb, sc*cd*cb, sc*sb*cb, sc*sb*cd, cc**4, sd*cc**3, ca*cc**3, sa*cc**3, cb*cc**3, cd*cc**3, sb*cc**3, sc*cc**3, ca*sd*cc**2, sa*sd*cc**2, cb*sd*cc**2, sb*sd*cc**2, ca**2*cc**2, sa*ca*cc**2, cb*ca*cc**2, cd*ca*cc**2;['sc', 'sb', 'cd', 'cb', 'sa', 'ca', 'sd', 'cc']
581;sd;sd_ca_cd_sa_cb_sb_sc_cc;645.7470890409313;5611;1460.69140625;sc**2, sd*sc, cb**2, ca**2, sd**2, cd*sc*cc, ca*sb*cc, sd*sb*cc, sa*cb*cc, cd*cb*cc, ca*cb*cc, sd*cb*cc, sa**2*cc, cd*sa*cc, ca*sa*cc, sd*sa*cc, cd**2*cc, ca*cd*cc, sd*cd*cc, sd*ca*cc, sb**2*sc, cb*sb*sc, sa*sb*sc, cd*sb*sc, ca*sb*sc, sa*cb*sc, cd*cb*sc, ca*cb*sc, sa**2*sc, cd*sa*sc, ca*sa*sc, cd**2*sc, ca*cd*sc, sb**3, cb*sb**2, sa*sb**2, cd*sb**2, ca*sb**2, sd*sb**2, sa*cb*sb, cd*cb*sb, ca*cb*sb, sd*cb*sb, sa**2*sb, cd*sa*sb, ca*sa*sb, sd*sa*sb, cd**2*sb, ca*cd*sb, sd*cd*sb, sd*ca*sb, sa**2*cb, cd*sa*cb, ca*sa*cb, sd*sa*cb, cd**2*cb, ca*cd*cb, sd*cd*cb, sd*ca*cb, sa**3, cd*sa**2, ca*sa**2, sd*sa**2, cd**2*sa, ca*cd*sa, sd*cd*sa, sd*ca*sa, cd**3, ca*cd**2, sd*cd**2, sd*ca*cd, cc**4, sc*cc**3, sb*cc**3, cb*cc**3, sa*cc**3, cd*cc**3, ca*cc**3, sd*cc**3, sb*sc*cc**2, cb*sc*cc**2, sa*sc*cc**2, ca*sc*cc**2, sb**2*cc**2, cb*sb*cc**2, sa*sb*cc**2, cd*sb*cc**2;['sd', 'ca', 'cd', 'sa', 'cb', 'sb', 'sc', 'cc']
582;sc;sc_sb_ca_sd_cc_sa_cd_cb;590.3165291950572;6594;1460.69140625;sd**2, sc*sd, ca**2, sb**2, sc**2, cc*sa*cb, sd*sa*cb, ca*sa*cb, sb*sa*cb, sc*sa*cb, cc**2*cb, sd*cc*cb, ca*cc*cb, sb*cc*cb, sc*cc*cb, ca*sd*cb, sb*sd*cb, sb*ca*cb, sc*ca*cb, sc*sb*cb, cd**3, sa*cd**2, cc*cd**2, sd*cd**2, ca*cd**2, sb*cd**2, sc*cd**2, sa**2*cd, cc*sa*cd, sd*sa*cd, ca*sa*cd, sb*sa*cd, sc*sa*cd, cc**2*cd, sd*cc*cd, ca*cc*cd, sb*cc*cd, sc*cc*cd, ca*sd*cd, sb*sd*cd, sb*ca*cd, sc*ca*cd, sc*sb*cd, sa**3, cc*sa**2, sd*sa**2, ca*sa**2, sb*sa**2, sc*sa**2, cc**2*sa, sd*cc*sa, ca*cc*sa, sb*cc*sa, sc*cc*sa, ca*sd*sa, sb*sd*sa, sb*ca*sa, sc*ca*sa, sc*sb*sa, cc**3, sd*cc**2, ca*cc**2, sb*cc**2, sc*cc**2, ca*sd*cc, sb*sd*cc, sb*ca*cc, sc*ca*cc, sc*sb*cc, sb*ca*sd, sc*sb*ca, cb**4, cd*cb**3, sa*cb**3, cc*cb**3, sd*cb**3, ca*cb**3, sb*cb**3, sc*cb**3, cd**2*cb**2, sa*cd*cb**2, cc*cd*cb**2, sd*cd*cb**2, ca*cd*cb**2, sb*cd*cb**2, sc*cd*cb**2, sa**2*cb**2;['sc', 'sb', 'ca', 'sd', 'cc', 'sa', 'cd', 'cb']
583;sd;sd_ca_sb_cc_cd_cb_sa_sc;435.2715766959591;5861;1460.69140625;cc*cd, cc**2, sb**2, ca**2, sd**2, cd*cb*sc, cc*cb*sc, sb*cb*sc, ca*cb*sc, sd*cb*sc, cd**2*sc, sb*cd*sc, ca*cd*sc, sd*cd*sc, sb*cc*sc, ca*cc*sc, sd*cc*sc, ca*sb*sc, sd*sb*sc, sd*ca*sc, sa**3, cb*sa**2, cd*sa**2, cc*sa**2, sb*sa**2, ca*sa**2, sd*sa**2, cb**2*sa, cd*cb*sa, cc*cb*sa, sb*cb*sa, ca*cb*sa, sd*cb*sa, cd**2*sa, sb*cd*sa, ca*cd*sa, sd*cd*sa, sb*cc*sa, ca*cc*sa, sd*cc*sa, ca*sb*sa, sd*sb*sa, sd*ca*sa, cb**3, cd*cb**2, cc*cb**2, sb*cb**2, ca*cb**2, sd*cb**2, cd**2*cb, sb*cd*cb, ca*cd*cb, sd*cd*cb, sb*cc*cb, ca*cc*cb, sd*cc*cb, ca*sb*cb, sd*sb*cb, sd*ca*cb, cd**3, sb*cd**2, ca*cd**2, sd*cd**2, ca*sb*cd, sd*sb*cd, sd*ca*cd, ca*sb*cc, sd*sb*cc, sd*ca*cc, sd*ca*sb, sc**4, sa*sc**3, cb*sc**3, cd*sc**3, cc*sc**3, sb*sc**3, ca*sc**3, sd*sc**3, sa**2*sc**2, cb*sa*sc**2, cd*sa*sc**2, cc*sa*sc**2, sb*sa*sc**2, ca*sa*sc**2, sd*sa*sc**2, cb**2*sc**2;['sd', 'ca', 'sb', 'cc', 'cd', 'cb', 'sa', 'sc']
584;cb;cb_ca_sc_sb_cd_sa_sd_cc;1671.8814481679583;5629;1460.69140625;sc*sd, cd**2, sc**2, ca**2, cb**2, sd**2*cc, cd*sd*cc, ca*sa*cc, cb*sa*cc, sb*cd*cc, sc*cd*cc, ca*cd*cc, cb*cd*cc, sb**2*cc, sc*sb*cc, ca*sb*cc, cb*sb*cc, ca*sc*cc, cb*sc*cc, cb*ca*cc, sd**3, sa*sd**2, cd*sd**2, sb*sd**2, ca*sd**2, cb*sd**2, sa**2*sd, cd*sa*sd, sb*sa*sd, ca*sa*sd, cb*sa*sd, sb*cd*sd, ca*cd*sd, cb*cd*sd, sb**2*sd, ca*sb*sd, cb*sb*sd, cb*ca*sd, sa**3, cd*sa**2, sb*sa**2, sc*sa**2, ca*sa**2, cb*sa**2, sb*cd*sa, sc*cd*sa, ca*cd*sa, cb*cd*sa, sb**2*sa, sc*sb*sa, ca*sb*sa, cb*sb*sa, ca*sc*sa, cb*sc*sa, cb*ca*sa, sb**2*cd, sc*sb*cd, ca*sb*cd, cb*sb*cd, ca*sc*cd, cb*sc*cd, cb*ca*cd, sb**3, sc*sb**2, ca*sb**2, cb*sb**2, ca*sc*sb, cb*sc*sb, cb*ca*sb, cb*ca*sc, cc**4, sd*cc**3, sa*cc**3, cd*cc**3, sb*cc**3, sc*cc**3, ca*cc**3, cb*cc**3, sa*sd*cc**2, sb*sd*cc**2, ca*sd*cc**2, cb*sd*cc**2, sa**2*cc**2, cd*sa*cc**2, sb*sa*cc**2, sc*sa*cc**2;['cb', 'ca', 'sc', 'sb', 'cd', 'sa', 'sd', 'cc']
585;ca;ca_cd_sb_sc_sd_cb_sa_cc;362.60291902709287;5593;1460.69140625;sc*sd, sc**2, sb**2, cd**2, ca**2, sd*cb*cc, sc*cb*cc, sb*cb*cc, cd*cb*cc, ca*cb*cc, sd**2*cc, sb*sd*cc, cd*sd*cc, ca*sd*cc, sb*sc*cc, cd*sc*cc, ca*sc*cc, cd*sb*cc, ca*sb*cc, ca*cd*cc, sa**3, cb*sa**2, sd*sa**2, sc*sa**2, sb*sa**2, cd*sa**2, ca*sa**2, cb**2*sa, sd*cb*sa, sc*cb*sa, sb*cb*sa, cd*cb*sa, ca*cb*sa, sd**2*sa, sb*sd*sa, cd*sd*sa, ca*sd*sa, sb*sc*sa, cd*sc*sa, ca*sc*sa, cd*sb*sa, ca*sb*sa, ca*cd*sa, cb**3, sd*cb**2, sc*cb**2, sb*cb**2, cd*cb**2, ca*cb**2, sd**2*cb, sb*sd*cb, cd*sd*cb, ca*sd*cb, sb*sc*cb, cd*sc*cb, ca*sc*cb, cd*sb*cb, ca*sb*cb, ca*cd*cb, sd**3, sb*sd**2, cd*sd**2, ca*sd**2, cd*sb*sd, ca*sb*sd, ca*cd*sd, cd*sb*sc, ca*sb*sc, ca*cd*sc, ca*cd*sb, cc**4, sa*cc**3, cb*cc**3, sd*cc**3, sc*cc**3, sb*cc**3, cd*cc**3, ca*cc**3, sa**2*cc**2, cb*sa*cc**2, sd*sa*cc**2, sc*sa*cc**2, sb*sa*cc**2, cd*sa*cc**2, ca*sa*cc**2, cb**2*cc**2;['ca', 'cd', 'sb', 'sc', 'sd', 'cb', 'sa', 'cc']
586;cc;cc_sc_cb_sd_cd_sa_ca_sb;858.8805787730962;7049;1460.69140625;sa**2, sd**2, sc*sd, cb**2, cc**2, sd*sa*sb, cb*sa*sb, sc*sa*sb, cc*sa*sb, cd**2*sb, sd*cd*sb, cb*cd*sb, sc*cd*sb, cc*cd*sb, cb*sd*sb, cc*sd*sb, sc*cb*sb, cc*cb*sb, sc**2*sb, cc*sc*sb, ca**3, sa*ca**2, cd*ca**2, sd*ca**2, cb*ca**2, sc*ca**2, cc*ca**2, cd*sa*ca, sd*sa*ca, cb*sa*ca, sc*sa*ca, cc*sa*ca, cd**2*ca, sd*cd*ca, cb*cd*ca, sc*cd*ca, cc*cd*ca, cb*sd*ca, cc*sd*ca, sc*cb*ca, cc*cb*ca, sc**2*ca, cc*sc*ca, cd**2*sa, sd*cd*sa, cb*cd*sa, sc*cd*sa, cc*cd*sa, cb*sd*sa, cc*sd*sa, sc*cb*sa, cc*cb*sa, sc**2*sa, cc*sc*sa, cd**3, sd*cd**2, cb*cd**2, sc*cd**2, cc*cd**2, cb*sd*cd, cc*sd*cd, sc*cb*cd, cc*cb*cd, sc**2*cd, cc*sc*cd, cc*cb*sd, sc**2*cb, cc*sc*cb, sc**3, cc*sc**2, sb**4, ca*sb**3, sa*sb**3, cd*sb**3, sd*sb**3, cb*sb**3, sc*sb**3, cc*sb**3, ca**2*sb**2, sa*ca*sb**2, cd*ca*sb**2, sd*ca*sb**2, cb*ca*sb**2, sc*ca*sb**2, cc*ca*sb**2, cd*sa*sb**2;['cc', 'sc', 'cb', 'sd', 'cd', 'sa', 'ca', 'sb']
587;ca;ca_sd_cc_sa_cd_sc_cb_sb;491.6268234549789;5209;1460.69140625;cb**2, cc*cd, cc**2, sd**2, ca**2, sa*sc*sb, cc*sc*sb, sd*sc*sb, ca*sc*sb, cd**2*sb, sa*cd*sb, sd*cd*sb, ca*cd*sb, sa**2*sb, cc*sa*sb, sd*sa*sb, ca*sa*sb, sd*cc*sb, ca*cc*sb, ca*sd*sb, sc**2*cb, cd*sc*cb, sa*sc*cb, cc*sc*cb, sd*sc*cb, ca*sc*cb, cd**2*cb, sa*cd*cb, sd*cd*cb, ca*cd*cb, sa**2*cb, cc*sa*cb, sd*sa*cb, ca*sa*cb, sd*cc*cb, ca*cc*cb, ca*sd*cb, sc**3, cd*sc**2, sa*sc**2, cc*sc**2, sd*sc**2, ca*sc**2, cd**2*sc, sa*cd*sc, sd*cd*sc, ca*cd*sc, sa**2*sc, cc*sa*sc, sd*sa*sc, ca*sa*sc, sd*cc*sc, ca*cc*sc, ca*sd*sc, cd**3, sa*cd**2, sd*cd**2, ca*cd**2, sa**2*cd, sd*sa*cd, ca*sa*cd, ca*sd*cd, sa**3, cc*sa**2, sd*sa**2, ca*sa**2, sd*cc*sa, ca*cc*sa, ca*sd*sa, ca*sd*cc, sb**4, cb*sb**3, sc*sb**3, cd*sb**3, sa*sb**3, cc*sb**3, sd*sb**3, ca*sb**3, sc*cb*sb**2, cd*cb*sb**2, sa*cb*sb**2, cc*cb*sb**2, sd*cb*sb**2, ca*cb*sb**2, sc**2*sb**2, cd*sc*sb**2;['ca', 'sd', 'cc', 'sa', 'cd', 'sc', 'cb', 'sb']
588;sa;sa_ca_sc_cd_sb_sd_cc_cb;958.4135543709854;6534;1460.69140625;sc*sd, sb**2, cd**2, sc**2, sa**2, sb*sd*cb, cd*sd*cb, ca*sd*cb, sa*sd*cb, cd*sb*cb, sc*sb*cb, ca*sb*cb, sa*sb*cb, sc*cd*cb, ca*cd*cb, sa*cd*cb, ca*sc*cb, sa*sc*cb, ca**2*cb, sa*ca*cb, cc**3, sd*cc**2, sb*cc**2, cd*cc**2, sc*cc**2, ca*cc**2, sa*cc**2, sd**2*cc, sb*sd*cc, cd*sd*cc, ca*sd*cc, sa*sd*cc, cd*sb*cc, sc*sb*cc, ca*sb*cc, sa*sb*cc, sc*cd*cc, ca*cd*cc, sa*cd*cc, ca*sc*cc, sa*sc*cc, ca**2*cc, sa*ca*cc, sd**3, sb*sd**2, cd*sd**2, ca*sd**2, sa*sd**2, cd*sb*sd, ca*sb*sd, sa*sb*sd, ca*cd*sd, sa*cd*sd, ca**2*sd, sa*ca*sd, sc*cd*sb, ca*cd*sb, sa*cd*sb, ca*sc*sb, sa*sc*sb, ca**2*sb, sa*ca*sb, ca*sc*cd, sa*sc*cd, ca**2*cd, sa*ca*cd, ca**2*sc, sa*ca*sc, ca**3, sa*ca**2, cb**4, cc*cb**3, sd*cb**3, sb*cb**3, cd*cb**3, sc*cb**3, ca*cb**3, sa*cb**3, cc**2*cb**2, sd*cc*cb**2, sb*cc*cb**2, cd*cc*cb**2, sc*cc*cb**2, ca*cc*cb**2, sa*cc*cb**2, sd**2*cb**2;['sa', 'ca', 'sc', 'cd', 'sb', 'sd', 'cc', 'cb']
589;cb;cb_sa_cd_sc_ca_cc_sd_sb;982.5895708429161;6111;1460.69140625;cd*cc, sc**2, cd**2, sa**2, cb**2, ca*cc*sb, sc*cc*sb, sa*cc*sb, cb*cc*sb, ca**2*sb, sc*ca*sb, cd*ca*sb, sa*ca*sb, cb*ca*sb, cd*sc*sb, sa*sc*sb, cb*sc*sb, sa*cd*sb, cb*cd*sb, cb*sa*sb, sd**3, cc*sd**2, ca*sd**2, sc*sd**2, cd*sd**2, sa*sd**2, cb*sd**2, cc**2*sd, ca*cc*sd, sc*cc*sd, sa*cc*sd, cb*cc*sd, ca**2*sd, sc*ca*sd, cd*ca*sd, sa*ca*sd, cb*ca*sd, cd*sc*sd, sa*sc*sd, cb*sc*sd, sa*cd*sd, cb*cd*sd, cb*sa*sd, cc**3, ca*cc**2, sc*cc**2, sa*cc**2, cb*cc**2, ca**2*cc, sc*ca*cc, sa*ca*cc, cb*ca*cc, sa*sc*cc, cb*sc*cc, cb*sa*cc, ca**3, sc*ca**2, cd*ca**2, sa*ca**2, cb*ca**2, cd*sc*ca, sa*sc*ca, cb*sc*ca, sa*cd*ca, cb*cd*ca, cb*sa*ca, sa*cd*sc, cb*cd*sc, cb*sa*sc, cb*sa*cd, sb**4, sd*sb**3, cc*sb**3, ca*sb**3, sc*sb**3, cd*sb**3, sa*sb**3, cb*sb**3, sd**2*sb**2, cc*sd*sb**2, ca*sd*sb**2, sc*sd*sb**2, cd*sd*sb**2, sa*sd*sb**2, cb*sd*sb**2, cc**2*sb**2;['cb', 'sa', 'cd', 'sc', 'ca', 'cc', 'sd', 'sb']
590;sd;sd_cb_sc_cc_ca_cd_sb_sa;579.6897641270189;5743;1460.69140625;ca**2, sc**2, sd*sc, cb**2, sd**2, ca*cd*sa, cc*cd*sa, sc*cd*sa, cb*cd*sa, sd*cd*sa, cc*ca*sa, sc*ca*sa, cb*ca*sa, sd*ca*sa, cc**2*sa, sc*cc*sa, cb*cc*sa, sd*cc*sa, cb*sc*sa, sd*cb*sa, sb**3, cd*sb**2, ca*sb**2, cc*sb**2, sc*sb**2, cb*sb**2, sd*sb**2, cd**2*sb, ca*cd*sb, cc*cd*sb, sc*cd*sb, cb*cd*sb, sd*cd*sb, cc*ca*sb, sc*ca*sb, cb*ca*sb, sd*ca*sb, cc**2*sb, sc*cc*sb, cb*cc*sb, sd*cc*sb, cb*sc*sb, sd*cb*sb, cd**3, ca*cd**2, cc*cd**2, sc*cd**2, cb*cd**2, sd*cd**2, cc*ca*cd, sc*ca*cd, cb*ca*cd, sd*ca*cd, cc**2*cd, sc*cc*cd, cb*cc*cd, sd*cc*cd, cb*sc*cd, sd*cb*cd, cc**2*ca, sc*cc*ca, cb*cc*ca, sd*cc*ca, cb*sc*ca, sd*cb*ca, cc**3, sc*cc**2, cb*cc**2, sd*cc**2, cb*sc*cc, sd*cb*cc, sa**4, sb*sa**3, cd*sa**3, ca*sa**3, cc*sa**3, sc*sa**3, cb*sa**3, sd*sa**3, sb**2*sa**2, cd*sb*sa**2, ca*sb*sa**2, cc*sb*sa**2, sc*sb*sa**2, cb*sb*sa**2, sd*sb*sa**2, cd**2*sa**2;['sd', 'cb', 'sc', 'cc', 'ca', 'cd', 'sb', 'sa']
591;sb;sb_cd_sd_sa_sc_ca_cb_cc;407.0870720540406;5829;1460.69140625;sc**2, sd*sc, sa**2, cd**2, sb**2, sc*ca*cc, sa*ca*cc, sd*ca*cc, cd*ca*cc, sb*ca*cc, sa*sc*cc, cd*sc*cc, sb*sc*cc, sd*sa*cc, cd*sa*cc, sb*sa*cc, sd**2*cc, cd*sd*cc, sb*sd*cc, sb*cd*cc, cb**3, ca*cb**2, sc*cb**2, sa*cb**2, sd*cb**2, cd*cb**2, sb*cb**2, ca**2*cb, sc*ca*cb, sa*ca*cb, sd*ca*cb, cd*ca*cb, sb*ca*cb, sa*sc*cb, cd*sc*cb, sb*sc*cb, sd*sa*cb, cd*sa*cb, sb*sa*cb, sd**2*cb, cd*sd*cb, sb*sd*cb, sb*cd*cb, ca**3, sc*ca**2, sa*ca**2, sd*ca**2, cd*ca**2, sb*ca**2, sa*sc*ca, cd*sc*ca, sb*sc*ca, sd*sa*ca, cd*sa*ca, sb*sa*ca, sd**2*ca, cd*sd*ca, sb*sd*ca, sb*cd*ca, cd*sa*sc, sb*sa*sc, sb*cd*sc, sd**2*sa, cd*sd*sa, sb*sd*sa, sb*cd*sa, sd**3, cd*sd**2, sb*sd**2, sb*cd*sd, cc**4, cb*cc**3, ca*cc**3, sc*cc**3, sa*cc**3, sd*cc**3, cd*cc**3, sb*cc**3, cb**2*cc**2, ca*cb*cc**2, sc*cb*cc**2, sa*cb*cc**2, sd*cb*cc**2, cd*cb*cc**2, sb*cb*cc**2, ca**2*cc**2;['sb', 'cd', 'sd', 'sa', 'sc', 'ca', 'cb', 'cc']
592;sa;sa_cd_ca_sb_cb_cc_sd_sc;817.8373333610361;5144;1460.69140625;cc**2, cd*cc, sb**2, cd**2, sa**2, sd**2*sc, cc*sd*sc, cd*sd*sc, cb**2*sc, sb*cb*sc, ca*cb*sc, cd*cb*sc, sa*cb*sc, ca*sb*sc, cd*sb*sc, sa*sb*sc, ca**2*sc, cd*ca*sc, sa*ca*sc, sa*cd*sc, sd**3, cc*sd**2, cb*sd**2, sb*sd**2, ca*sd**2, cd*sd**2, sa*sd**2, cb*cc*sd, sb*cc*sd, ca*cc*sd, sa*cc*sd, cb**2*sd, sb*cb*sd, ca*cb*sd, cd*cb*sd, sa*cb*sd, ca*sb*sd, cd*sb*sd, sa*sb*sd, ca**2*sd, cd*ca*sd, sa*ca*sd, sa*cd*sd, cb**2*cc, sb*cb*cc, ca*cb*cc, sa*cb*cc, ca*sb*cc, sa*sb*cc, ca**2*cc, sa*ca*cc, cb**3, sb*cb**2, ca*cb**2, cd*cb**2, sa*cb**2, ca*sb*cb, cd*sb*cb, sa*sb*cb, ca**2*cb, cd*ca*cb, sa*ca*cb, sa*cd*cb, ca**2*sb, cd*ca*sb, sa*ca*sb, sa*cd*sb, ca**3, cd*ca**2, sa*ca**2, sa*cd*ca, sc**4, sd*sc**3, cc*sc**3, cb*sc**3, sb*sc**3, ca*sc**3, cd*sc**3, sa*sc**3, cb*sd*sc**2, sb*sd*sc**2, ca*sd*sc**2, sa*sd*sc**2, cb*cc*sc**2, sb*cc*sc**2, ca*cc*sc**2, sa*cc*sc**2;['sa', 'cd', 'ca', 'sb', 'cb', 'cc', 'sd', 'sc']
593;sc;sc_sa_cd_sb_sd_cc_ca_cb;852.2615520140389;5908;1460.69140625;sc*sd, sb**2, cd**2, sa**2, sc**2, sd*cc*cb, sb*cc*cb, cd*cc*cb, sa*cc*cb, sc*cc*cb, sd**2*cb, sb*sd*cb, cd*sd*cb, sa*sd*cb, cd*sb*cb, sa*sb*cb, sc*sb*cb, sa*cd*cb, sc*cd*cb, sc*sa*cb, ca**3, cc*ca**2, sd*ca**2, sb*ca**2, cd*ca**2, sa*ca**2, sc*ca**2, cc**2*ca, sd*cc*ca, sb*cc*ca, cd*cc*ca, sa*cc*ca, sc*cc*ca, sd**2*ca, sb*sd*ca, cd*sd*ca, sa*sd*ca, cd*sb*ca, sa*sb*ca, sc*sb*ca, sa*cd*ca, sc*cd*ca, sc*sa*ca, cc**3, sd*cc**2, sb*cc**2, cd*cc**2, sa*cc**2, sc*cc**2, sd**2*cc, sb*sd*cc, cd*sd*cc, sa*sd*cc, cd*sb*cc, sa*sb*cc, sc*sb*cc, sa*cd*cc, sc*cd*cc, sc*sa*cc, sd**3, sb*sd**2, cd*sd**2, sa*sd**2, cd*sb*sd, sa*sb*sd, sa*cd*sd, sa*cd*sb, sc*cd*sb, sc*sa*sb, sc*sa*cd, cb**4, ca*cb**3, cc*cb**3, sd*cb**3, sb*cb**3, cd*cb**3, sa*cb**3, sc*cb**3, ca**2*cb**2, cc*ca*cb**2, sd*ca*cb**2, sb*ca*cb**2, cd*ca*cb**2, sa*ca*cb**2, sc*ca*cb**2, cc**2*cb**2;['sc', 'sa', 'cd', 'sb', 'sd', 'cc', 'ca', 'cb']
594;cb;cb_sb_cd_cc_sd_sc_sa_ca;608.1954440480331;5882;1460.69140625;sa**2, cc**2, cd*cc, cd**2, cb**2, cc*sc*ca, cd*sc*ca, sb*sc*ca, cb*sc*ca, sd**2*ca, cc*sd*ca, cd*sd*ca, sb*sd*ca, cb*sd*ca, sb*cc*ca, cb*cc*ca, sb*cd*ca, cb*cd*ca, sb**2*ca, cb*sb*ca, sc**2*sa, sd*sc*sa, cc*sc*sa, cd*sc*sa, sb*sc*sa, cb*sc*sa, sd**2*sa, cc*sd*sa, cd*sd*sa, sb*sd*sa, cb*sd*sa, sb*cc*sa, cb*cc*sa, sb*cd*sa, cb*cd*sa, sb**2*sa, cb*sb*sa, sc**3, sd*sc**2, cc*sc**2, cd*sc**2, sb*sc**2, cb*sc**2, sd**2*sc, cc*sd*sc, cd*sd*sc, sb*sd*sc, cb*sd*sc, sb*cc*sc, cb*cc*sc, sb*cd*sc, cb*cd*sc, sb**2*sc, cb*sb*sc, sd**3, cc*sd**2, cd*sd**2, sb*sd**2, cb*sd**2, sb*cc*sd, cb*cc*sd, sb*cd*sd, cb*cd*sd, sb**2*sd, cb*sb*sd, sb**2*cc, cb*sb*cc, sb**2*cd, cb*sb*cd, sb**3, cb*sb**2, ca**4, sa*ca**3, sc*ca**3, sd*ca**3, cc*ca**3, cd*ca**3, sb*ca**3, cb*ca**3, sc*sa*ca**2, sd*sa*ca**2, cc*sa*ca**2, cd*sa*ca**2, sb*sa*ca**2, cb*sa*ca**2, sc**2*ca**2, sd*sc*ca**2;['cb', 'sb', 'cd', 'cc', 'sd', 'sc', 'sa', 'ca']
595;sd;sd_sc_cb_cc_cd_ca_sb_sa;558.5766506679356;5244;1460.69140625;ca**2, cb**2, sc**2, sd*sc, sd**2, cc*ca*sa, cb*ca*sa, sc*ca*sa, sd*ca*sa, cd**2*sa, cc*cd*sa, cb*cd*sa, sc*cd*sa, sd*cd*sa, cc**2*sa, cb*cc*sa, sc*cc*sa, sd*cc*sa, sc*cb*sa, sd*cb*sa, sb**3, ca*sb**2, cd*sb**2, cc*sb**2, cb*sb**2, sc*sb**2, sd*sb**2, cd*ca*sb, cc*ca*sb, cb*ca*sb, sc*ca*sb, sd*ca*sb, cd**2*sb, cc*cd*sb, cb*cd*sb, sc*cd*sb, sd*cd*sb, cc**2*sb, cb*cc*sb, sc*cc*sb, sd*cc*sb, sc*cb*sb, sd*cb*sb, cd**2*ca, cc*cd*ca, cb*cd*ca, sc*cd*ca, sd*cd*ca, cc**2*ca, cb*cc*ca, sc*cc*ca, sd*cc*ca, sc*cb*ca, sd*cb*ca, cd**3, cc*cd**2, cb*cd**2, sc*cd**2, sd*cd**2, cc**2*cd, cb*cc*cd, sc*cc*cd, sd*cc*cd, sc*cb*cd, sd*cb*cd, cc**3, cb*cc**2, sc*cc**2, sd*cc**2, sc*cb*cc, sd*cb*cc, sa**4, sb*sa**3, ca*sa**3, cd*sa**3, cc*sa**3, cb*sa**3, sc*sa**3, sd*sa**3, sb**2*sa**2, ca*sb*sa**2, cd*sb*sa**2, cc*sb*sa**2, cb*sb*sa**2, sc*sb*sa**2, sd*sb*sa**2, cd*ca*sa**2;['sd', 'sc', 'cb', 'cc', 'cd', 'ca', 'sb', 'sa']
596;sa;sa_sb_sd_ca_sc_cb_cd_cc;382.46866034402046;5129;1460.69140625;sc**2, sd*sc, sd**2, sb**2, sa**2, cd**2*cc, sc*cd*cc, sd*cd*cc, sb*cb*cc, sa*cb*cc, ca*sc*cc, sb*sc*cc, sa*sc*cc, ca**2*cc, sd*ca*cc, sb*ca*cc, sa*ca*cc, sb*sd*cc, sa*sd*cc, sa*sb*cc, cd**3, cb*cd**2, sc*cd**2, ca*cd**2, sd*cd**2, sb*cd**2, sa*cd**2, cb**2*cd, sc*cb*cd, ca*cb*cd, sd*cb*cd, sb*cb*cd, sa*cb*cd, ca*sc*cd, sb*sc*cd, sa*sc*cd, ca**2*cd, sd*ca*cd, sb*ca*cd, sa*ca*cd, sb*sd*cd, sa*sd*cd, sa*sb*cd, cb**3, sc*cb**2, ca*cb**2, sd*cb**2, sb*cb**2, sa*cb**2, ca*sc*cb, sb*sc*cb, sa*sc*cb, ca**2*cb, sd*ca*cb, sb*ca*cb, sa*ca*cb, sb*sd*cb, sa*sd*cb, sa*sb*cb, ca**2*sc, sb*ca*sc, sa*ca*sc, sa*sb*sc, ca**3, sd*ca**2, sb*ca**2, sa*ca**2, sb*sd*ca, sa*sd*ca, sa*sb*ca, sa*sb*sd, cc**4, cd*cc**3, cb*cc**3, sc*cc**3, ca*cc**3, sd*cc**3, sb*cc**3, sa*cc**3, cb*cd*cc**2, ca*cd*cc**2, sb*cd*cc**2, sa*cd*cc**2, cb**2*cc**2, sc*cb*cc**2, ca*cb*cc**2, sd*cb*cc**2;['sa', 'sb', 'sd', 'ca', 'sc', 'cb', 'cd', 'cc']
597;sc;sc_sa_sb_ca_cb_cd_sd_cc;1211.5212468990358;5123;1460.69140625;sc*sd, cd**2, sb**2, sa**2, sc**2, sd**2*cc, cd*sd*cc, sc*cd*cc, cb**2*cc, ca*cb*cc, sb*cb*cc, sa*cb*cc, sc*cb*cc, ca**2*cc, sb*ca*cc, sa*ca*cc, sc*ca*cc, sa*sb*cc, sc*sb*cc, sc*sa*cc, sd**3, cd*sd**2, cb*sd**2, ca*sd**2, sb*sd**2, sa*sd**2, cb*cd*sd, ca*cd*sd, sb*cd*sd, sa*cd*sd, cb**2*sd, ca*cb*sd, sb*cb*sd, sa*cb*sd, ca**2*sd, sb*ca*sd, sa*ca*sd, sa*sb*sd, cb**2*cd, ca*cb*cd, sb*cb*cd, sa*cb*cd, sc*cb*cd, ca**2*cd, sb*ca*cd, sa*ca*cd, sc*ca*cd, sa*sb*cd, sc*sb*cd, sc*sa*cd, cb**3, ca*cb**2, sb*cb**2, sa*cb**2, sc*cb**2, ca**2*cb, sb*ca*cb, sa*ca*cb, sc*ca*cb, sa*sb*cb, sc*sb*cb, sc*sa*cb, ca**3, sb*ca**2, sa*ca**2, sc*ca**2, sa*sb*ca, sc*sb*ca, sc*sa*ca, sc*sa*sb, cc**4, sd*cc**3, cd*cc**3, cb*cc**3, ca*cc**3, sb*cc**3, sa*cc**3, sc*cc**3, cb*sd*cc**2, ca*sd*cc**2, sb*sd*cc**2, sa*sd*cc**2, cb*cd*cc**2, ca*cd*cc**2, sb*cd*cc**2, sa*cd*cc**2;['sc', 'sa', 'sb', 'ca', 'cb', 'cd', 'sd', 'cc']
598;cb;cb_sc_sb_ca_sd_cc_cd_sa;815.7283902140334;6145;1460.69140625;sd**2, sc*sd, ca**2, sc**2, cb**2, sd*cc*sa, ca*cc*sa, sb*cc*sa, sc*cc*sa, cb*cc*sa, ca*sd*sa, sb*sd*sa, cb*sd*sa, sb*ca*sa, sc*ca*sa, cb*ca*sa, sb**2*sa, sc*sb*sa, cb*sb*sa, cb*sc*sa, cd**3, cc*cd**2, sd*cd**2, ca*cd**2, sb*cd**2, sc*cd**2, cb*cd**2, cc**2*cd, sd*cc*cd, ca*cc*cd, sb*cc*cd, sc*cc*cd, cb*cc*cd, ca*sd*cd, sb*sd*cd, cb*sd*cd, sb*ca*cd, sc*ca*cd, cb*ca*cd, sb**2*cd, sc*sb*cd, cb*sb*cd, cb*sc*cd, cc**3, sd*cc**2, ca*cc**2, sb*cc**2, sc*cc**2, cb*cc**2, ca*sd*cc, sb*sd*cc, cb*sd*cc, sb*ca*cc, sc*ca*cc, cb*ca*cc, sb**2*cc, sc*sb*cc, cb*sb*cc, cb*sc*cc, sb*ca*sd, cb*ca*sd, sb**2*sd, cb*sb*sd, sb**2*ca, sc*sb*ca, cb*sb*ca, cb*sc*ca, sb**3, sc*sb**2, cb*sb**2, cb*sc*sb, sa**4, cd*sa**3, cc*sa**3, sd*sa**3, ca*sa**3, sb*sa**3, sc*sa**3, cb*sa**3, cd**2*sa**2, cc*cd*sa**2, sd*cd*sa**2, ca*cd*sa**2, sb*cd*sa**2, sc*cd*sa**2, cb*cd*sa**2, cc**2*sa**2;['cb', 'sc', 'sb', 'ca', 'sd', 'cc', 'cd', 'sa']
599;cd;cd_ca_cc_sc_sd_cb_sa_sb;677.4529395300196;6198;1460.69140625;cb**2, cc**2, cd*cc, ca**2, cd**2, sc*cb*sb, cc*cb*sb, ca*cb*sb, cd*cb*sb, sd**2*sb, sc*sd*sb, cc*sd*sb, ca*sd*sb, cd*sd*sb, sc**2*sb, cc*sc*sb, ca*sc*sb, cd*sc*sb, ca*cc*sb, cd*ca*sb, sa**3, cb*sa**2, sd*sa**2, sc*sa**2, cc*sa**2, ca*sa**2, cd*sa**2, sd*cb*sa, sc*cb*sa, cc*cb*sa, ca*cb*sa, cd*cb*sa, sd**2*sa, sc*sd*sa, cc*sd*sa, ca*sd*sa, cd*sd*sa, sc**2*sa, cc*sc*sa, ca*sc*sa, cd*sc*sa, ca*cc*sa, cd*ca*sa, sd**2*cb, sc*sd*cb, cc*sd*cb, ca*sd*cb, cd*sd*cb, sc**2*cb, cc*sc*cb, ca*sc*cb, cd*sc*cb, ca*cc*cb, cd*ca*cb, sd**3, sc*sd**2, cc*sd**2, ca*sd**2, cd*sd**2, sc**2*sd, cc*sc*sd, ca*sc*sd, cd*sc*sd, ca*cc*sd, cd*ca*sd, sc**3, cc*sc**2, ca*sc**2, cd*sc**2, ca*cc*sc, cd*ca*sc, sb**4, sa*sb**3, cb*sb**3, sd*sb**3, sc*sb**3, cc*sb**3, ca*sb**3, cd*sb**3, sa**2*sb**2, cb*sa*sb**2, sd*sa*sb**2, sc*sa*sb**2, cc*sa*sb**2, ca*sa*sb**2, cd*sa*sb**2, sd*cb*sb**2;['cd', 'ca', 'cc', 'sc', 'sd', 'cb', 'sa', 'sb']
600;cb;cb_sa_sd_sb_ca_cd_cc_sc;484.03579008893576;4861;1460.69140625;cc**2, cd*cc, sd**2, sa**2, cb**2, sd*cc*sc, cd**2*sc, sd*cd*sc, ca**2*sc, sb*ca*sc, sd*ca*sc, sa*ca*sc, cb*ca*sc, sb**2*sc, sd*sb*sc, sa*sb*sc, cb*sb*sc, sa*sd*sc, cb*sd*sc, cb*sa*sc, ca**2*cc, sb*ca*cc, sd*ca*cc, sa*ca*cc, cb*ca*cc, sb**2*cc, sd*sb*cc, sa*sb*cc, cb*sb*cc, sa*sd*cc, cb*sd*cc, cb*sa*cc, cd**3, ca*cd**2, sb*cd**2, sd*cd**2, sa*cd**2, cb*cd**2, ca**2*cd, sb*ca*cd, sd*ca*cd, sa*ca*cd, cb*ca*cd, sb**2*cd, sd*sb*cd, sa*sb*cd, cb*sb*cd, sa*sd*cd, cb*sd*cd, cb*sa*cd, ca**3, sb*ca**2, sd*ca**2, sa*ca**2, cb*ca**2, sb**2*ca, sd*sb*ca, sa*sb*ca, cb*sb*ca, sa*sd*ca, cb*sd*ca, cb*sa*ca, sb**3, sd*sb**2, sa*sb**2, cb*sb**2, sa*sd*sb, cb*sd*sb, cb*sa*sb, cb*sa*sd, sc**4, cc*sc**3, cd*sc**3, ca*sc**3, sb*sc**3, sd*sc**3, sa*sc**3, cb*sc**3, ca*cc*sc**2, sb*cc*sc**2, sa*cc*sc**2, cb*cc*sc**2, ca*cd*sc**2, sb*cd*sc**2, sa*cd*sc**2, cb*cd*sc**2;['cb', 'sa', 'sd', 'sb', 'ca', 'cd', 'cc', 'sc']
601;cb;cb_sb_sa_cd_ca_cc_sd_sc;726.1436459999532;5454;1460.69140625;cc**2, cd*cc, cd**2, sa**2, cb**2, sd**2*sc, cc*sd*sc, cd*sd*sc, ca**2*sc, cd*ca*sc, sa*ca*sc, sb*ca*sc, cb*ca*sc, sa*cd*sc, sb*cd*sc, cb*cd*sc, sb*sa*sc, cb*sa*sc, sb**2*sc, cb*sb*sc, sd**3, cc*sd**2, ca*sd**2, cd*sd**2, sa*sd**2, sb*sd**2, cb*sd**2, ca*cc*sd, sa*cc*sd, sb*cc*sd, cb*cc*sd, ca**2*sd, cd*ca*sd, sa*ca*sd, sb*ca*sd, cb*ca*sd, sa*cd*sd, sb*cd*sd, cb*cd*sd, sb*sa*sd, cb*sa*sd, sb**2*sd, cb*sb*sd, ca**2*cc, sa*ca*cc, sb*ca*cc, cb*ca*cc, sb*sa*cc, cb*sa*cc, sb**2*cc, cb*sb*cc, ca**3, cd*ca**2, sa*ca**2, sb*ca**2, cb*ca**2, sa*cd*ca, sb*cd*ca, cb*cd*ca, sb*sa*ca, cb*sa*ca, sb**2*ca, cb*sb*ca, sb*sa*cd, cb*sa*cd, sb**2*cd, cb*sb*cd, sb**2*sa, cb*sb*sa, sb**3, cb*sb**2, sc**4, sd*sc**3, cc*sc**3, ca*sc**3, cd*sc**3, sa*sc**3, sb*sc**3, cb*sc**3, ca*sd*sc**2, sa*sd*sc**2, sb*sd*sc**2, cb*sd*sc**2, ca*cc*sc**2, sa*cc*sc**2, sb*cc*sc**2, cb*cc*sc**2;['cb', 'sb', 'sa', 'cd', 'ca', 'cc', 'sd', 'sc']
602;cb;cb_sb_cd_cc_sd_ca_sa_sc;503.6253746220609;6433;1460.69140625;ca**2, cc**2, cd*cc, cd**2, cb**2, cc*ca*sc, cd*ca*sc, sb*ca*sc, cb*ca*sc, sd**2*sc, cc*sd*sc, cd*sd*sc, sb*sd*sc, cb*sd*sc, sb*cc*sc, cb*cc*sc, sb*cd*sc, cb*cd*sc, sb**2*sc, cb*sb*sc, sa**3, ca*sa**2, sd*sa**2, cc*sa**2, cd*sa**2, sb*sa**2, cb*sa**2, sd*ca*sa, cc*ca*sa, cd*ca*sa, sb*ca*sa, cb*ca*sa, sd**2*sa, cc*sd*sa, cd*sd*sa, sb*sd*sa, cb*sd*sa, sb*cc*sa, cb*cc*sa, sb*cd*sa, cb*cd*sa, sb**2*sa, cb*sb*sa, sd**2*ca, cc*sd*ca, cd*sd*ca, sb*sd*ca, cb*sd*ca, sb*cc*ca, cb*cc*ca, sb*cd*ca, cb*cd*ca, sb**2*ca, cb*sb*ca, sd**3, cc*sd**2, cd*sd**2, sb*sd**2, cb*sd**2, sb*cc*sd, cb*cc*sd, sb*cd*sd, cb*cd*sd, sb**2*sd, cb*sb*sd, sb**2*cc, cb*sb*cc, sb**2*cd, cb*sb*cd, sb**3, cb*sb**2, sc**4, sa*sc**3, ca*sc**3, sd*sc**3, cc*sc**3, cd*sc**3, sb*sc**3, cb*sc**3, sa**2*sc**2, ca*sa*sc**2, sd*sa*sc**2, cc*sa*sc**2, cd*sa*sc**2, sb*sa*sc**2, cb*sa*sc**2, sd*ca*sc**2;['cb', 'sb', 'cd', 'cc', 'sd', 'ca', 'sa', 'sc']
603;sd;sd_sb_cb_sa_cc_sc_ca_cd;1203.8150506080128;6093;1460.69140625;sd*sc, cc**2, sa**2, sb**2, sd**2, sc**2*cd, cc*sc*cd, cb*sc*cd, sb*sc*cd, sa*cc*cd, cb*cc*cd, sb*cc*cd, sd*cc*cd, cb*sa*cd, sb*sa*cd, sd*sa*cd, cb**2*cd, sb*cb*cd, sd*cb*cd, sd*sb*cd, ca**3, sc*ca**2, cc*ca**2, sa*ca**2, cb*ca**2, sb*ca**2, sd*ca**2, sc**2*ca, cc*sc*ca, sa*sc*ca, cb*sc*ca, sb*sc*ca, sa*cc*ca, cb*cc*ca, sb*cc*ca, sd*cc*ca, cb*sa*ca, sb*sa*ca, sd*sa*ca, cb**2*ca, sb*cb*ca, sd*cb*ca, sd*sb*ca, sc**3, cc*sc**2, sa*sc**2, cb*sc**2, sb*sc**2, sa*cc*sc, cb*cc*sc, sb*cc*sc, cb*sa*sc, sb*sa*sc, cb**2*sc, sb*cb*sc, cb*sa*cc, sb*sa*cc, sd*sa*cc, cb**2*cc, sb*cb*cc, sd*cb*cc, sd*sb*cc, cb**2*sa, sb*cb*sa, sd*cb*sa, sd*sb*sa, cb**3, sb*cb**2, sd*cb**2, sd*sb*cb, cd**4, ca*cd**3, sc*cd**3, cc*cd**3, sa*cd**3, cb*cd**3, sb*cd**3, sd*cd**3, ca**2*cd**2, sc*ca*cd**2, cc*ca*cd**2, sa*ca*cd**2, cb*ca*cd**2, sb*ca*cd**2, sd*ca*cd**2, sa*sc*cd**2;['sd', 'sb', 'cb', 'sa', 'cc', 'sc', 'ca', 'cd']
604;sd;sd_cc_cd_sa_cb_sc_sb_ca;513.1255033200141;5218;1460.69140625;cb**2, sa**2, cc*cd, cc**2, sd**2, cb*sc*ca, sa*sc*ca, cd*sc*ca, cc*sc*ca, sd*sc*ca, sa*cb*ca, cd*cb*ca, cc*cb*ca, sd*cb*ca, cd*sa*ca, cc*sa*ca, sd*sa*ca, cd**2*ca, sd*cd*ca, sd*cc*ca, sb**3, sc*sb**2, cb*sb**2, sa*sb**2, cd*sb**2, cc*sb**2, sd*sb**2, sc**2*sb, cb*sc*sb, sa*sc*sb, cd*sc*sb, cc*sc*sb, sd*sc*sb, sa*cb*sb, cd*cb*sb, cc*cb*sb, sd*cb*sb, cd*sa*sb, cc*sa*sb, sd*sa*sb, cd**2*sb, sd*cd*sb, sd*cc*sb, sc**3, cb*sc**2, sa*sc**2, cd*sc**2, cc*sc**2, sd*sc**2, sa*cb*sc, cd*cb*sc, cc*cb*sc, sd*cb*sc, cd*sa*sc, cc*sa*sc, sd*sa*sc, cd**2*sc, sd*cd*sc, sd*cc*sc, cd*sa*cb, cc*sa*cb, sd*sa*cb, cd**2*cb, sd*cd*cb, sd*cc*cb, cd**2*sa, sd*cd*sa, sd*cc*sa, cd**3, sd*cd**2, ca**4, sb*ca**3, sc*ca**3, cb*ca**3, sa*ca**3, cd*ca**3, cc*ca**3, sd*ca**3, sb**2*ca**2, sc*sb*ca**2, cb*sb*ca**2, sa*sb*ca**2, cd*sb*ca**2, cc*sb*ca**2, sd*sb*ca**2, sc**2*ca**2;['sd', 'cc', 'cd', 'sa', 'cb', 'sc', 'sb', 'ca']
605;sc;sc_sa_sb_sd_cd_cc_cb_ca;516.5577412679559;5916;1460.69140625;sd**2, sc*sd, sb**2, sa**2, sc**2, cd*cc*ca, sd*cc*ca, sb*cc*ca, sa*cc*ca, sc*cc*ca, cd**2*ca, sd*cd*ca, sb*cd*ca, sa*cd*ca, sc*cd*ca, sb*sd*ca, sa*sd*ca, sa*sb*ca, sc*sb*ca, sc*sa*ca, cb**3, cc*cb**2, cd*cb**2, sd*cb**2, sb*cb**2, sa*cb**2, sc*cb**2, cc**2*cb, cd*cc*cb, sd*cc*cb, sb*cc*cb, sa*cc*cb, sc*cc*cb, cd**2*cb, sd*cd*cb, sb*cd*cb, sa*cd*cb, sc*cd*cb, sb*sd*cb, sa*sd*cb, sa*sb*cb, sc*sb*cb, sc*sa*cb, cc**3, cd*cc**2, sd*cc**2, sb*cc**2, sa*cc**2, sc*cc**2, cd**2*cc, sd*cd*cc, sb*cd*cc, sa*cd*cc, sc*cd*cc, sb*sd*cc, sa*sd*cc, sa*sb*cc, sc*sb*cc, sc*sa*cc, cd**3, sd*cd**2, sb*cd**2, sa*cd**2, sc*cd**2, sb*sd*cd, sa*sd*cd, sa*sb*cd, sc*sb*cd, sc*sa*cd, sa*sb*sd, sc*sa*sb, ca**4, cb*ca**3, cc*ca**3, cd*ca**3, sd*ca**3, sb*ca**3, sa*ca**3, sc*ca**3, cb**2*ca**2, cc*cb*ca**2, cd*cb*ca**2, sd*cb*ca**2, sb*cb*ca**2, sa*cb*ca**2, sc*cb*ca**2, cc**2*ca**2;['sc', 'sa', 'sb', 'sd', 'cd', 'cc', 'cb', 'ca']
606;sc;sc_cd_cc_sa_ca_cb_sb_sd;508.30241396301426;5580;1460.69140625;cb**2, sa**2, cd*cc, cd**2, sc**2, sa*cb*sd, cc*cb*sd, cd*cb*sd, sc*cb*sd, ca**2*sd, sa*ca*sd, cc*ca*sd, cd*ca*sd, sc*ca*sd, cc*sa*sd, cd*sa*sd, sc*sa*sd, cc**2*sd, sc*cc*sd, sc*cd*sd, sb**3, cb*sb**2, ca*sb**2, sa*sb**2, cc*sb**2, cd*sb**2, sc*sb**2, ca*cb*sb, sa*cb*sb, cc*cb*sb, cd*cb*sb, sc*cb*sb, ca**2*sb, sa*ca*sb, cc*ca*sb, cd*ca*sb, sc*ca*sb, cc*sa*sb, cd*sa*sb, sc*sa*sb, cc**2*sb, sc*cc*sb, sc*cd*sb, ca**2*cb, sa*ca*cb, cc*ca*cb, cd*ca*cb, sc*ca*cb, cc*sa*cb, cd*sa*cb, sc*sa*cb, cc**2*cb, sc*cc*cb, sc*cd*cb, ca**3, sa*ca**2, cc*ca**2, cd*ca**2, sc*ca**2, cc*sa*ca, cd*sa*ca, sc*sa*ca, cc**2*ca, sc*cc*ca, sc*cd*ca, cc**2*sa, sc*cc*sa, sc*cd*sa, cc**3, sc*cc**2, sd**4, sb*sd**3, cb*sd**3, ca*sd**3, sa*sd**3, cc*sd**3, cd*sd**3, sc*sd**3, sb**2*sd**2, cb*sb*sd**2, ca*sb*sd**2, sa*sb*sd**2, cc*sb*sd**2, cd*sb*sd**2, sc*sb*sd**2, ca*cb*sd**2;['sc', 'cd', 'cc', 'sa', 'ca', 'cb', 'sb', 'sd']
607;cc;cc_cb_sb_sa_ca_sd_sc_cd;359.7151046739891;5304;1460.69140625;sd*sc, sd**2, sa**2, cb**2, cc**2, sc**2*cd, cc*sc*cd, cc*sd*cd, ca**2*cd, sa*ca*cd, sb*ca*cd, cb*ca*cd, cc*ca*cd, sb*sa*cd, cb*sa*cd, cc*sa*cd, sb**2*cd, cb*sb*cd, cc*sb*cd, cc*cb*cd, sc**3, ca*sc**2, sa*sc**2, sb*sc**2, cb*sc**2, cc*sc**2, ca**2*sc, sa*ca*sc, sb*ca*sc, cb*ca*sc, cc*ca*sc, sb*sa*sc, cb*sa*sc, cc*sa*sc, sb**2*sc, cb*sb*sc, cc*sb*sc, cc*cb*sc, ca**2*sd, sa*ca*sd, sb*ca*sd, cb*ca*sd, cc*ca*sd, sb*sa*sd, cb*sa*sd, cc*sa*sd, sb**2*sd, cb*sb*sd, cc*sb*sd, cc*cb*sd, ca**3, sa*ca**2, sb*ca**2, cb*ca**2, cc*ca**2, sb*sa*ca, cb*sa*ca, cc*sa*ca, sb**2*ca, cb*sb*ca, cc*sb*ca, cc*cb*ca, sb**2*sa, cb*sb*sa, cc*sb*sa, cc*cb*sa, sb**3, cb*sb**2, cc*sb**2, cc*cb*sb, cd**4, sc*cd**3, sd*cd**3, ca*cd**3, sa*cd**3, sb*cd**3, cb*cd**3, cc*cd**3, ca*sc*cd**2, sa*sc*cd**2, sb*sc*cd**2, cb*sc*cd**2, ca*sd*cd**2, sa*sd*cd**2, sb*sd*cd**2, cb*sd*cd**2;['cc', 'cb', 'sb', 'sa', 'ca', 'sd', 'sc', 'cd']
608;sc;sc_sa_sb_sd_cb_cc_cd_ca;754.0080850919476;6256;1460.69140625;sd**2, sc*sd, sb**2, sa**2, sc**2, cb*cc*ca, sd*cc*ca, sb*cc*ca, sa*cc*ca, sc*cc*ca, cb**2*ca, sd*cb*ca, sb*cb*ca, sa*cb*ca, sc*cb*ca, sb*sd*ca, sa*sd*ca, sa*sb*ca, sc*sb*ca, sc*sa*ca, cd**3, cc*cd**2, cb*cd**2, sd*cd**2, sb*cd**2, sa*cd**2, sc*cd**2, cc**2*cd, cb*cc*cd, sd*cc*cd, sb*cc*cd, sa*cc*cd, sc*cc*cd, cb**2*cd, sd*cb*cd, sb*cb*cd, sa*cb*cd, sc*cb*cd, sb*sd*cd, sa*sd*cd, sa*sb*cd, sc*sb*cd, sc*sa*cd, cc**3, cb*cc**2, sd*cc**2, sb*cc**2, sa*cc**2, sc*cc**2, cb**2*cc, sd*cb*cc, sb*cb*cc, sa*cb*cc, sc*cb*cc, sb*sd*cc, sa*sd*cc, sa*sb*cc, sc*sb*cc, sc*sa*cc, cb**3, sd*cb**2, sb*cb**2, sa*cb**2, sc*cb**2, sb*sd*cb, sa*sd*cb, sa*sb*cb, sc*sb*cb, sc*sa*cb, sa*sb*sd, sc*sa*sb, ca**4, cd*ca**3, cc*ca**3, cb*ca**3, sd*ca**3, sb*ca**3, sa*ca**3, sc*ca**3, cd**2*ca**2, cc*cd*ca**2, cb*cd*ca**2, sd*cd*ca**2, sb*cd*ca**2, sa*cd*ca**2, sc*cd*ca**2, cc**2*ca**2;['sc', 'sa', 'sb', 'sd', 'cb', 'cc', 'cd', 'ca']
609;sa;sa_sb_sc_cb_cc_ca_cd_sd;408.58709735795856;5125;1460.69140625;cd**2, cc*cd, sc**2, sb**2, sa**2, sc*cd*sd, sb*ca*sd, sa*ca*sd, cc**2*sd, cb*cc*sd, sc*cc*sd, sb*cc*sd, sa*cc*sd, cb**2*sd, sc*cb*sd, sb*cb*sd, sa*cb*sd, sb*sc*sd, sa*sc*sd, sa*sb*sd, ca**2*cd, cb*ca*cd, sc*ca*cd, sb*ca*cd, sa*ca*cd, cb**2*cd, sc*cb*cd, sb*cb*cd, sa*cb*cd, sb*sc*cd, sa*sc*cd, sa*sb*cd, ca**3, cc*ca**2, cb*ca**2, sc*ca**2, sb*ca**2, sa*ca**2, cc**2*ca, cb*cc*ca, sc*cc*ca, sb*cc*ca, sa*cc*ca, cb**2*ca, sc*cb*ca, sb*cb*ca, sa*cb*ca, sb*sc*ca, sa*sc*ca, sa*sb*ca, cc**3, cb*cc**2, sc*cc**2, sb*cc**2, sa*cc**2, cb**2*cc, sc*cb*cc, sb*cb*cc, sa*cb*cc, sb*sc*cc, sa*sc*cc, sa*sb*cc, cb**3, sc*cb**2, sb*cb**2, sa*cb**2, sb*sc*cb, sa*sc*cb, sa*sb*cb, sa*sb*sc, sd**4, cd*sd**3, ca*sd**3, cc*sd**3, cb*sd**3, sc*sd**3, sb*sd**3, sa*sd**3, ca*cd*sd**2, cb*cd*sd**2, sb*cd*sd**2, sa*cd*sd**2, ca**2*sd**2, cc*ca*sd**2, cb*ca*sd**2, sc*ca*sd**2;['sa', 'sb', 'sc', 'cb', 'cc', 'ca', 'cd', 'sd']
610;cb;cb_sa_cd_sd_sc_cc_ca_sb;1039.71171525307;5946;1460.69140625;sc**2, sd*sc, cd**2, sa**2, cb**2, sc*cc*sb, sd*cc*sb, cd*cc*sb, sa*cc*sb, cb*cc*sb, cd*sc*sb, sa*sc*sb, cb*sc*sb, sd**2*sb, cd*sd*sb, sa*sd*sb, cb*sd*sb, sa*cd*sb, cb*cd*sb, cb*sa*sb, ca**3, cc*ca**2, sc*ca**2, sd*ca**2, cd*ca**2, sa*ca**2, cb*ca**2, cc**2*ca, sc*cc*ca, sd*cc*ca, cd*cc*ca, sa*cc*ca, cb*cc*ca, cd*sc*ca, sa*sc*ca, cb*sc*ca, sd**2*ca, cd*sd*ca, sa*sd*ca, cb*sd*ca, sa*cd*ca, cb*cd*ca, cb*sa*ca, cc**3, sc*cc**2, sd*cc**2, cd*cc**2, sa*cc**2, cb*cc**2, cd*sc*cc, sa*sc*cc, cb*sc*cc, sd**2*cc, cd*sd*cc, sa*sd*cc, cb*sd*cc, sa*cd*cc, cb*cd*cc, cb*sa*cc, sa*cd*sc, cb*cd*sc, cb*sa*sc, sd**3, cd*sd**2, sa*sd**2, cb*sd**2, sa*cd*sd, cb*cd*sd, cb*sa*sd, cb*sa*cd, sb**4, ca*sb**3, cc*sb**3, sc*sb**3, sd*sb**3, cd*sb**3, sa*sb**3, cb*sb**3, ca**2*sb**2, cc*ca*sb**2, sc*ca*sb**2, sd*ca*sb**2, cd*ca*sb**2, sa*ca*sb**2, cb*ca*sb**2, cc**2*sb**2;['cb', 'sa', 'cd', 'sd', 'sc', 'cc', 'ca', 'sb']
611;sc;sc_cb_ca_cc_sb_sa_cd_sd;342.7720929540228;5154;1460.69140625;cd**2, cc*cd, ca**2, cb**2, sc**2, sc*cd*sd, cb*sa*sd, sc*sa*sd, sb**2*sd, cc*sb*sd, ca*sb*sd, cb*sb*sd, sc*sb*sd, cc**2*sd, ca*cc*sd, cb*cc*sd, sc*cc*sd, cb*ca*sd, sc*ca*sd, sc*cb*sd, sa**2*cd, sb*sa*cd, ca*sa*cd, cb*sa*cd, sc*sa*cd, sb**2*cd, ca*sb*cd, cb*sb*cd, sc*sb*cd, cb*ca*cd, sc*ca*cd, sc*cb*cd, sa**3, sb*sa**2, cc*sa**2, ca*sa**2, cb*sa**2, sc*sa**2, sb**2*sa, cc*sb*sa, ca*sb*sa, cb*sb*sa, sc*sb*sa, cc**2*sa, ca*cc*sa, cb*cc*sa, sc*cc*sa, cb*ca*sa, sc*ca*sa, sc*cb*sa, sb**3, cc*sb**2, ca*sb**2, cb*sb**2, sc*sb**2, cc**2*sb, ca*cc*sb, cb*cc*sb, sc*cc*sb, cb*ca*sb, sc*ca*sb, sc*cb*sb, cc**3, ca*cc**2, cb*cc**2, sc*cc**2, cb*ca*cc, sc*ca*cc, sc*cb*cc, sc*cb*ca, sd**4, cd*sd**3, sa*sd**3, sb*sd**3, cc*sd**3, ca*sd**3, cb*sd**3, sc*sd**3, sa*cd*sd**2, sb*cd*sd**2, ca*cd*sd**2, cb*cd*sd**2, sa**2*sd**2, sb*sa*sd**2, cc*sa*sd**2, ca*sa*sd**2;['sc', 'cb', 'ca', 'cc', 'sb', 'sa', 'cd', 'sd']
612;ca;ca_sb_sc_cc_cd_sd_sa_cb;777.1705167270266;5979;1460.69140625;cd**2, cc*cd, sc**2, sb**2, ca**2, cd*sd*cb, cc*sd*cb, sc*sd*cb, sb*sd*cb, ca*sd*cb, sc*cd*cb, sb*cd*cb, ca*cd*cb, cc**2*cb, sc*cc*cb, sb*cc*cb, ca*cc*cb, sb*sc*cb, ca*sc*cb, ca*sb*cb, sa**3, sd*sa**2, cd*sa**2, cc*sa**2, sc*sa**2, sb*sa**2, ca*sa**2, sd**2*sa, cd*sd*sa, cc*sd*sa, sc*sd*sa, sb*sd*sa, ca*sd*sa, sc*cd*sa, sb*cd*sa, ca*cd*sa, cc**2*sa, sc*cc*sa, sb*cc*sa, ca*cc*sa, sb*sc*sa, ca*sc*sa, ca*sb*sa, sd**3, cd*sd**2, cc*sd**2, sc*sd**2, sb*sd**2, ca*sd**2, sc*cd*sd, sb*cd*sd, ca*cd*sd, cc**2*sd, sc*cc*sd, sb*cc*sd, ca*cc*sd, sb*sc*sd, ca*sc*sd, ca*sb*sd, sb*sc*cd, ca*sc*cd, ca*sb*cd, cc**3, sc*cc**2, sb*cc**2, ca*cc**2, sb*sc*cc, ca*sc*cc, ca*sb*cc, ca*sb*sc, cb**4, sa*cb**3, sd*cb**3, cd*cb**3, cc*cb**3, sc*cb**3, sb*cb**3, ca*cb**3, sa**2*cb**2, sd*sa*cb**2, cd*sa*cb**2, cc*sa*cb**2, sc*sa*cb**2, sb*sa*cb**2, ca*sa*cb**2, sd**2*cb**2;['ca', 'sb', 'sc', 'cc', 'cd', 'sd', 'sa', 'cb']
613;sa;sa_cb_ca_sc_sb_sd_cc_cd;407.9677068529418;5097;1460.69140625;sd**2, sc*sd, sc**2, cb**2, sa**2, cc**2*cd, sd*cc*cd, sc*cc*cd, sb**2*cd, sc*sb*cd, ca*sb*cd, cb*sb*cd, sa*sb*cd, ca*sc*cd, cb*sc*cd, sa*sc*cd, ca**2*cd, cb*ca*cd, sa*ca*cd, sa*cb*cd, cc**3, sd*cc**2, sb*cc**2, sc*cc**2, ca*cc**2, cb*cc**2, sa*cc**2, sb*sd*cc, ca*sd*cc, cb*sd*cc, sa*sd*cc, sb**2*cc, sc*sb*cc, ca*sb*cc, cb*sb*cc, sa*sb*cc, ca*sc*cc, cb*sc*cc, sa*sc*cc, ca**2*cc, cb*ca*cc, sa*ca*cc, sa*cb*cc, sb**2*sd, ca*sb*sd, cb*sb*sd, sa*sb*sd, ca**2*sd, cb*ca*sd, sa*ca*sd, sa*cb*sd, sb**3, sc*sb**2, ca*sb**2, cb*sb**2, sa*sb**2, ca*sc*sb, cb*sc*sb, sa*sc*sb, ca**2*sb, cb*ca*sb, sa*ca*sb, sa*cb*sb, ca**2*sc, cb*ca*sc, sa*ca*sc, sa*cb*sc, ca**3, cb*ca**2, sa*ca**2, sa*cb*ca, cd**4, cc*cd**3, sd*cd**3, sb*cd**3, sc*cd**3, ca*cd**3, cb*cd**3, sa*cd**3, sb*cc*cd**2, ca*cc*cd**2, cb*cc*cd**2, sa*cc*cd**2, sb*sd*cd**2, ca*sd*cd**2, cb*sd*cd**2, sa*sd*cd**2;['sa', 'cb', 'ca', 'sc', 'sb', 'sd', 'cc', 'cd']
614;sd;sd_cb_sc_sa_ca_cc_sb_cd;822.0086049570236;6983;1460.69140625;sa**2, sc**2, sd*sc, cb**2, sd**2, cc**2*cd, sa*cc*cd, sc*cc*cd, cb*cc*cd, sd*cc*cd, ca**2*cd, sa*ca*cd, sc*ca*cd, cb*ca*cd, sd*ca*cd, sc*sa*cd, cb*sa*cd, sd*sa*cd, cb*sc*cd, sd*cb*cd, sb**3, cc*sb**2, ca*sb**2, sa*sb**2, sc*sb**2, cb*sb**2, sd*sb**2, cc**2*sb, ca*cc*sb, sa*cc*sb, sc*cc*sb, cb*cc*sb, sd*cc*sb, ca**2*sb, sa*ca*sb, sc*ca*sb, cb*ca*sb, sd*ca*sb, sc*sa*sb, cb*sa*sb, sd*sa*sb, cb*sc*sb, sd*cb*sb, cc**3, ca*cc**2, sa*cc**2, sc*cc**2, cb*cc**2, sd*cc**2, ca**2*cc, sa*ca*cc, sc*ca*cc, cb*ca*cc, sd*ca*cc, sc*sa*cc, cb*sa*cc, sd*sa*cc, cb*sc*cc, sd*cb*cc, ca**3, sa*ca**2, sc*ca**2, cb*ca**2, sd*ca**2, sc*sa*ca, cb*sa*ca, sd*sa*ca, cb*sc*ca, sd*cb*ca, cb*sc*sa, sd*cb*sa, cd**4, sb*cd**3, cc*cd**3, ca*cd**3, sa*cd**3, sc*cd**3, cb*cd**3, sd*cd**3, sb**2*cd**2, cc*sb*cd**2, ca*sb*cd**2, sa*sb*cd**2, sc*sb*cd**2, cb*sb*cd**2, sd*sb*cd**2, ca*cc*cd**2;['sd', 'cb', 'sc', 'sa', 'ca', 'cc', 'sb', 'cd']
615;cd;cd_cb_cc_sa_ca_sc_sb_sd;866.2906100400724;6671;1460.69140625;sa**2, cc**2, cd*cc, cb**2, cd**2, sc**2*sd, sa*sc*sd, cc*sc*sd, cb*sc*sd, cd*sc*sd, ca**2*sd, sa*ca*sd, cc*ca*sd, cb*ca*sd, cd*ca*sd, cc*sa*sd, cb*sa*sd, cd*sa*sd, cb*cc*sd, cd*cb*sd, sb**3, sc*sb**2, ca*sb**2, sa*sb**2, cc*sb**2, cb*sb**2, cd*sb**2, sc**2*sb, ca*sc*sb, sa*sc*sb, cc*sc*sb, cb*sc*sb, cd*sc*sb, ca**2*sb, sa*ca*sb, cc*ca*sb, cb*ca*sb, cd*ca*sb, cc*sa*sb, cb*sa*sb, cd*sa*sb, cb*cc*sb, cd*cb*sb, sc**3, ca*sc**2, sa*sc**2, cc*sc**2, cb*sc**2, cd*sc**2, ca**2*sc, sa*ca*sc, cc*ca*sc, cb*ca*sc, cd*ca*sc, cc*sa*sc, cb*sa*sc, cd*sa*sc, cb*cc*sc, cd*cb*sc, ca**3, sa*ca**2, cc*ca**2, cb*ca**2, cd*ca**2, cc*sa*ca, cb*sa*ca, cd*sa*ca, cb*cc*ca, cd*cb*ca, cb*cc*sa, cd*cb*sa, sd**4, sb*sd**3, sc*sd**3, ca*sd**3, sa*sd**3, cc*sd**3, cb*sd**3, cd*sd**3, sb**2*sd**2, sc*sb*sd**2, ca*sb*sd**2, sa*sb*sd**2, cc*sb*sd**2, cb*sb*sd**2, cd*sb*sd**2, ca*sc*sd**2;['cd', 'cb', 'cc', 'sa', 'ca', 'sc', 'sb', 'sd']
616;cd;cd_sd_cb_sc_ca_cc_sb_sa;459.1265009639319;5320;1460.69140625;ca**2, sc**2, sd*sc, cb**2, cd**2, ca*cc*sa, sc*cc*sa, cb*cc*sa, sd*cc*sa, cd*cc*sa, sc*ca*sa, cb*ca*sa, sd*ca*sa, cd*ca*sa, cb*sc*sa, cd*sc*sa, sd*cb*sa, cd*cb*sa, sd**2*sa, cd*sd*sa, sb**3, cc*sb**2, ca*sb**2, sc*sb**2, cb*sb**2, sd*sb**2, cd*sb**2, cc**2*sb, ca*cc*sb, sc*cc*sb, cb*cc*sb, sd*cc*sb, cd*cc*sb, sc*ca*sb, cb*ca*sb, sd*ca*sb, cd*ca*sb, cb*sc*sb, cd*sc*sb, sd*cb*sb, cd*cb*sb, sd**2*sb, cd*sd*sb, cc**3, ca*cc**2, sc*cc**2, cb*cc**2, sd*cc**2, cd*cc**2, sc*ca*cc, cb*ca*cc, sd*ca*cc, cd*ca*cc, cb*sc*cc, cd*sc*cc, sd*cb*cc, cd*cb*cc, sd**2*cc, cd*sd*cc, cb*sc*ca, cd*sc*ca, sd*cb*ca, cd*cb*ca, sd**2*ca, cd*sd*ca, cd*cb*sc, sd**2*cb, cd*sd*cb, sd**3, cd*sd**2, sa**4, sb*sa**3, cc*sa**3, ca*sa**3, sc*sa**3, cb*sa**3, sd*sa**3, cd*sa**3, sb**2*sa**2, cc*sb*sa**2, ca*sb*sa**2, sc*sb*sa**2, cb*sb*sa**2, sd*sb*sa**2, cd*sb*sa**2, cc**2*sa**2;['cd', 'sd', 'cb', 'sc', 'ca', 'cc', 'sb', 'sa']
617;sa;sa_cd_sc_sd_sb_ca_cb_cc;1076.582970969961;6310;1460.69140625;sb**2, sc*sd, sc**2, cd**2, sa**2, sb*ca*cc, sd*ca*cc, sc*ca*cc, cd*ca*cc, sa*ca*cc, sd*sb*cc, sc*sb*cc, cd*sb*cc, sa*sb*cc, sd**2*cc, cd*sd*cc, sa*sd*cc, cd*sc*cc, sa*sc*cc, sa*cd*cc, cb**3, ca*cb**2, sb*cb**2, sd*cb**2, sc*cb**2, cd*cb**2, sa*cb**2, ca**2*cb, sb*ca*cb, sd*ca*cb, sc*ca*cb, cd*ca*cb, sa*ca*cb, sd*sb*cb, sc*sb*cb, cd*sb*cb, sa*sb*cb, sd**2*cb, cd*sd*cb, sa*sd*cb, cd*sc*cb, sa*sc*cb, sa*cd*cb, ca**3, sb*ca**2, sd*ca**2, sc*ca**2, cd*ca**2, sa*ca**2, sd*sb*ca, sc*sb*ca, cd*sb*ca, sa*sb*ca, sd**2*ca, cd*sd*ca, sa*sd*ca, cd*sc*ca, sa*sc*ca, sa*cd*ca, sd**2*sb, cd*sd*sb, sa*sd*sb, cd*sc*sb, sa*sc*sb, sa*cd*sb, sd**3, cd*sd**2, sa*sd**2, sa*cd*sd, sa*cd*sc, cc**4, cb*cc**3, ca*cc**3, sb*cc**3, sd*cc**3, sc*cc**3, cd*cc**3, sa*cc**3, cb**2*cc**2, ca*cb*cc**2, sb*cb*cc**2, sd*cb*cc**2, sc*cb*cc**2, cd*cb*cc**2, sa*cb*cc**2, ca**2*cc**2;['sa', 'cd', 'sc', 'sd', 'sb', 'ca', 'cb', 'cc']
618;sb;sb_sd_ca_sa_cd_cb_cc_sc;368.73924341402017;5103;1460.69140625;cc**2, cd*cc, ca**2, sd**2, sb**2, sd*cc*sc, sd*cb*sc, sb*cb*sc, cd**2*sc, sa*cd*sc, ca*cd*sc, sd*cd*sc, sb*cd*sc, sa**2*sc, ca*sa*sc, sd*sa*sc, sb*sa*sc, sd*ca*sc, sb*ca*sc, sb*sd*sc, cb**2*cc, sa*cb*cc, ca*cb*cc, sd*cb*cc, sb*cb*cc, sa**2*cc, ca*sa*cc, sd*sa*cc, sb*sa*cc, sd*ca*cc, sb*ca*cc, sb*sd*cc, cb**3, cd*cb**2, sa*cb**2, ca*cb**2, sd*cb**2, sb*cb**2, cd**2*cb, sa*cd*cb, ca*cd*cb, sd*cd*cb, sb*cd*cb, sa**2*cb, ca*sa*cb, sd*sa*cb, sb*sa*cb, sd*ca*cb, sb*ca*cb, sb*sd*cb, cd**3, sa*cd**2, ca*cd**2, sd*cd**2, sb*cd**2, sa**2*cd, ca*sa*cd, sd*sa*cd, sb*sa*cd, sd*ca*cd, sb*ca*cd, sb*sd*cd, sa**3, ca*sa**2, sd*sa**2, sb*sa**2, sd*ca*sa, sb*ca*sa, sb*sd*sa, sb*sd*ca, sc**4, cc*sc**3, cb*sc**3, cd*sc**3, sa*sc**3, ca*sc**3, sd*sc**3, sb*sc**3, cb*cc*sc**2, sa*cc*sc**2, ca*cc*sc**2, sb*cc*sc**2, cb**2*sc**2, cd*cb*sc**2, sa*cb*sc**2, ca*cb*sc**2;['sb', 'sd', 'ca', 'sa', 'cd', 'cb', 'cc', 'sc']
619;sc;sc_sd_ca_sa_cd_cc_cb_sb;3281.2690257339273;6029;1460.69140625;cb**2, ca**2, sd**2, sc*sd, sc**2, sa*cc*sb, ca*cc*sb, sd*cc*sb, sc*cc*sb, cd**2*sb, sa*cd*sb, ca*cd*sb, sd*cd*sb, sc*cd*sb, sa**2*sb, ca*sa*sb, sd*sa*sb, sc*sa*sb, sd*ca*sb, sc*ca*sb, cc**2*cb, cd*cc*cb, sa*cc*cb, ca*cc*cb, sd*cc*cb, sc*cc*cb, cd**2*cb, sa*cd*cb, ca*cd*cb, sd*cd*cb, sc*cd*cb, sa**2*cb, ca*sa*cb, sd*sa*cb, sc*sa*cb, sd*ca*cb, sc*ca*cb, cc**3, cd*cc**2, sa*cc**2, ca*cc**2, sd*cc**2, sc*cc**2, cd**2*cc, sa*cd*cc, ca*cd*cc, sd*cd*cc, sc*cd*cc, sa**2*cc, ca*sa*cc, sd*sa*cc, sc*sa*cc, sd*ca*cc, sc*ca*cc, cd**3, sa*cd**2, ca*cd**2, sd*cd**2, sc*cd**2, sa**2*cd, ca*sa*cd, sd*sa*cd, sc*sa*cd, sd*ca*cd, sc*ca*cd, sa**3, ca*sa**2, sd*sa**2, sc*sa**2, sd*ca*sa, sc*ca*sa, sb**4, cb*sb**3, cc*sb**3, cd*sb**3, sa*sb**3, ca*sb**3, sd*sb**3, sc*sb**3, cc*cb*sb**2, cd*cb*sb**2, sa*cb*sb**2, ca*cb*sb**2, sd*cb*sb**2, sc*cb*sb**2, cc**2*sb**2, cd*cc*sb**2;['sc', 'sd', 'ca', 'sa', 'cd', 'cc', 'cb', 'sb']
620;sc;sc_sd_sa_ca_cb_sb_cc_cd;349.29552107304335;5341;1460.69140625;cb**2, sa**2, sd**2, sc*sd, sc**2, cc**2*cd, sd*cc*cd, sc*cc*cd, sd*sb*cd, sc*sb*cd, ca*cb*cd, sa*cb*cd, sd*cb*cd, sc*cb*cd, ca**2*cd, sa*ca*cd, sd*ca*cd, sc*ca*cd, sd*sa*cd, sc*sa*cd, cc**3, sb*cc**2, cb*cc**2, ca*cc**2, sa*cc**2, sd*cc**2, sc*cc**2, sb**2*cc, cb*sb*cc, ca*sb*cc, sa*sb*cc, sd*sb*cc, sc*sb*cc, ca*cb*cc, sa*cb*cc, sd*cb*cc, sc*cb*cc, ca**2*cc, sa*ca*cc, sd*ca*cc, sc*ca*cc, sd*sa*cc, sc*sa*cc, sb**3, cb*sb**2, ca*sb**2, sa*sb**2, sd*sb**2, sc*sb**2, ca*cb*sb, sa*cb*sb, sd*cb*sb, sc*cb*sb, ca**2*sb, sa*ca*sb, sd*ca*sb, sc*ca*sb, sd*sa*sb, sc*sa*sb, ca**2*cb, sa*ca*cb, sd*ca*cb, sc*ca*cb, sd*sa*cb, sc*sa*cb, ca**3, sa*ca**2, sd*ca**2, sc*ca**2, sd*sa*ca, sc*sa*ca, cd**4, cc*cd**3, sb*cd**3, cb*cd**3, ca*cd**3, sa*cd**3, sd*cd**3, sc*cd**3, sb*cc*cd**2, cb*cc*cd**2, ca*cc*cd**2, sa*cc*cd**2, sb**2*cd**2, cb*sb*cd**2, ca*sb*cd**2, sa*sb*cd**2;['sc', 'sd', 'sa', 'ca', 'cb', 'sb', 'cc', 'cd']
621;cc;cc_sc_sa_cb_sd_ca_sb_cd;413.47577932092827;5793;1460.69140625;sd**2, sc*sd, cb**2, sa**2, cc**2, sd*ca*cd, cb*ca*cd, sa*ca*cd, sc*ca*cd, cc*ca*cd, cb*sd*cd, sa*sd*cd, cc*sd*cd, sa*cb*cd, sc*cb*cd, cc*cb*cd, sc*sa*cd, cc*sa*cd, sc**2*cd, cc*sc*cd, sb**3, ca*sb**2, sd*sb**2, cb*sb**2, sa*sb**2, sc*sb**2, cc*sb**2, ca**2*sb, sd*ca*sb, cb*ca*sb, sa*ca*sb, sc*ca*sb, cc*ca*sb, cb*sd*sb, sa*sd*sb, cc*sd*sb, sa*cb*sb, sc*cb*sb, cc*cb*sb, sc*sa*sb, cc*sa*sb, sc**2*sb, cc*sc*sb, ca**3, sd*ca**2, cb*ca**2, sa*ca**2, sc*ca**2, cc*ca**2, cb*sd*ca, sa*sd*ca, cc*sd*ca, sa*cb*ca, sc*cb*ca, cc*cb*ca, sc*sa*ca, cc*sa*ca, sc**2*ca, cc*sc*ca, sa*cb*sd, cc*cb*sd, cc*sa*sd, sc*sa*cb, cc*sa*cb, sc**2*cb, cc*sc*cb, sc**2*sa, cc*sc*sa, sc**3, cc*sc**2, cd**4, sb*cd**3, ca*cd**3, sd*cd**3, cb*cd**3, sa*cd**3, sc*cd**3, cc*cd**3, sb**2*cd**2, ca*sb*cd**2, sd*sb*cd**2, cb*sb*cd**2, sa*sb*cd**2, sc*sb*cd**2, cc*sb*cd**2, ca**2*cd**2;['cc', 'sc', 'sa', 'cb', 'sd', 'ca', 'sb', 'cd']
622;sb;sb_ca_sd_cb_cd_cc_sc_sa;705.7754110259702;6023;1460.69140625;cc**2, cd*cc, sd**2, ca**2, sb**2, sd*cc*sa, ca*cc*sa, sb*cc*sa, cd**2*sa, cb*cd*sa, sd*cd*sa, ca*cd*sa, sb*cd*sa, cb**2*sa, sd*cb*sa, ca*cb*sa, sb*cb*sa, ca*sd*sa, sb*sd*sa, sb*ca*sa, sc**3, cc*sc**2, cd*sc**2, cb*sc**2, sd*sc**2, ca*sc**2, sb*sc**2, cb*cc*sc, sd*cc*sc, ca*cc*sc, sb*cc*sc, cd**2*sc, cb*cd*sc, sd*cd*sc, ca*cd*sc, sb*cd*sc, cb**2*sc, sd*cb*sc, ca*cb*sc, sb*cb*sc, ca*sd*sc, sb*sd*sc, sb*ca*sc, cb**2*cc, sd*cb*cc, ca*cb*cc, sb*cb*cc, ca*sd*cc, sb*sd*cc, sb*ca*cc, cd**3, cb*cd**2, sd*cd**2, ca*cd**2, sb*cd**2, cb**2*cd, sd*cb*cd, ca*cb*cd, sb*cb*cd, ca*sd*cd, sb*sd*cd, sb*ca*cd, cb**3, sd*cb**2, ca*cb**2, sb*cb**2, ca*sd*cb, sb*sd*cb, sb*ca*cb, sb*ca*sd, sa**4, sc*sa**3, cc*sa**3, cd*sa**3, cb*sa**3, sd*sa**3, ca*sa**3, sb*sa**3, sc**2*sa**2, cc*sc*sa**2, cd*sc*sa**2, cb*sc*sa**2, sd*sc*sa**2, ca*sc*sa**2, sb*sc*sa**2, cb*cc*sa**2;['sb', 'ca', 'sd', 'cb', 'cd', 'cc', 'sc', 'sa']
623;ca;ca_cb_cc_sa_sd_sb_cd_sc;696.0763610339491;5227;1460.69140625;cc*cd, sd**2, cc**2, cb**2, ca**2, cd**2*sc, sd*cd*sc, cb*sb*sc, ca*sb*sc, sa*sd*sc, cc*sd*sc, cb*sd*sc, ca*sd*sc, sa**2*sc, cc*sa*sc, cb*sa*sc, ca*sa*sc, cb*cc*sc, ca*cc*sc, ca*cb*sc, cd**3, sb*cd**2, sd*cd**2, sa*cd**2, cb*cd**2, ca*cd**2, sb**2*cd, sd*sb*cd, sa*sb*cd, cb*sb*cd, ca*sb*cd, sa*sd*cd, cb*sd*cd, ca*sd*cd, sa**2*cd, cb*sa*cd, ca*sa*cd, ca*cb*cd, sb**3, sd*sb**2, sa*sb**2, cc*sb**2, cb*sb**2, ca*sb**2, sa*sd*sb, cc*sd*sb, cb*sd*sb, ca*sd*sb, sa**2*sb, cc*sa*sb, cb*sa*sb, ca*sa*sb, cb*cc*sb, ca*cc*sb, ca*cb*sb, sa**2*sd, cc*sa*sd, cb*sa*sd, ca*sa*sd, cb*cc*sd, ca*cc*sd, ca*cb*sd, sa**3, cc*sa**2, cb*sa**2, ca*sa**2, cb*cc*sa, ca*cc*sa, ca*cb*sa, ca*cb*cc, sc**4, cd*sc**3, sb*sc**3, sd*sc**3, sa*sc**3, cc*sc**3, cb*sc**3, ca*sc**3, sb*cd*sc**2, sa*cd*sc**2, cb*cd*sc**2, ca*cd*sc**2, sb**2*sc**2, sd*sb*sc**2, sa*sb*sc**2, cc*sb*sc**2;['ca', 'cb', 'cc', 'sa', 'sd', 'sb', 'cd', 'sc']
624;sc;sc_cb_sb_cd_ca_cc_sd_sa;703.8312088310486;6080;1460.69140625;cd*cc, ca**2, cd**2, cb**2, sc**2, ca*cc*sa, sb*cc*sa, cb*cc*sa, sc*cc*sa, cd*ca*sa, sb*ca*sa, cb*ca*sa, sc*ca*sa, sb*cd*sa, cb*cd*sa, sc*cd*sa, sb**2*sa, cb*sb*sa, sc*sb*sa, sc*cb*sa, sd**3, cc*sd**2, ca*sd**2, cd*sd**2, sb*sd**2, cb*sd**2, sc*sd**2, cc**2*sd, ca*cc*sd, sb*cc*sd, cb*cc*sd, sc*cc*sd, cd*ca*sd, sb*ca*sd, cb*ca*sd, sc*ca*sd, sb*cd*sd, cb*cd*sd, sc*cd*sd, sb**2*sd, cb*sb*sd, sc*sb*sd, sc*cb*sd, cc**3, ca*cc**2, sb*cc**2, cb*cc**2, sc*cc**2, sb*ca*cc, cb*ca*cc, sc*ca*cc, sb**2*cc, cb*sb*cc, sc*sb*cc, sc*cb*cc, sb*cd*ca, cb*cd*ca, sc*cd*ca, sb**2*ca, cb*sb*ca, sc*sb*ca, sc*cb*ca, sb**2*cd, cb*sb*cd, sc*sb*cd, sc*cb*cd, sb**3, cb*sb**2, sc*sb**2, sc*cb*sb, sa**4, sd*sa**3, cc*sa**3, ca*sa**3, cd*sa**3, sb*sa**3, cb*sa**3, sc*sa**3, sd**2*sa**2, cc*sd*sa**2, ca*sd*sa**2, cd*sd*sa**2, sb*sd*sa**2, cb*sd*sa**2, sc*sd*sa**2, cc**2*sa**2;['sc', 'cb', 'sb', 'cd', 'ca', 'cc', 'sd', 'sa']
625;sc;sc_sb_sd_cd_cc_cb_ca_sa;544.1043289250229;5048;1460.69140625;ca**2, sd**2, sc*sd, sb**2, sc**2, cd*cb*sa, sd*cb*sa, sb*cb*sa, sc*cb*sa, cc**2*sa, cd*cc*sa, sd*cc*sa, sb*cc*sa, sc*cc*sa, cd**2*sa, sd*cd*sa, sb*cd*sa, sc*cd*sa, sb*sd*sa, sc*sb*sa, cb**2*ca, cc*cb*ca, cd*cb*ca, sd*cb*ca, sb*cb*ca, sc*cb*ca, cc**2*ca, cd*cc*ca, sd*cc*ca, sb*cc*ca, sc*cc*ca, cd**2*ca, sd*cd*ca, sb*cd*ca, sc*cd*ca, sb*sd*ca, sc*sb*ca, cb**3, cc*cb**2, cd*cb**2, sd*cb**2, sb*cb**2, sc*cb**2, cc**2*cb, cd*cc*cb, sd*cc*cb, sb*cc*cb, sc*cc*cb, cd**2*cb, sd*cd*cb, sb*cd*cb, sc*cd*cb, sb*sd*cb, sc*sb*cb, cc**3, cd*cc**2, sd*cc**2, sb*cc**2, sc*cc**2, cd**2*cc, sd*cd*cc, sb*cd*cc, sc*cd*cc, sb*sd*cc, sc*sb*cc, cd**3, sd*cd**2, sb*cd**2, sc*cd**2, sb*sd*cd, sc*sb*cd, sa**4, ca*sa**3, cb*sa**3, cc*sa**3, cd*sa**3, sd*sa**3, sb*sa**3, sc*sa**3, cb*ca*sa**2, cc*ca*sa**2, cd*ca*sa**2, sd*ca*sa**2, sb*ca*sa**2, sc*ca*sa**2, cb**2*sa**2, cc*cb*sa**2;['sc', 'sb', 'sd', 'cd', 'cc', 'cb', 'ca', 'sa']
626;cd;cd_sa_sc_sb_sd_ca_cb_cc;860.1412379379617;6182;1460.69140625;sc*sd, sb**2, sc**2, sa**2, cd**2, sd*ca*cc, sb*ca*cc, sc*ca*cc, sa*ca*cc, cd*ca*cc, sd**2*cc, sb*sd*cc, sa*sd*cc, cd*sd*cc, sc*sb*cc, sa*sb*cc, cd*sb*cc, sa*sc*cc, cd*sc*cc, cd*sa*cc, cb**3, ca*cb**2, sd*cb**2, sb*cb**2, sc*cb**2, sa*cb**2, cd*cb**2, ca**2*cb, sd*ca*cb, sb*ca*cb, sc*ca*cb, sa*ca*cb, cd*ca*cb, sd**2*cb, sb*sd*cb, sa*sd*cb, cd*sd*cb, sc*sb*cb, sa*sb*cb, cd*sb*cb, sa*sc*cb, cd*sc*cb, cd*sa*cb, ca**3, sd*ca**2, sb*ca**2, sc*ca**2, sa*ca**2, cd*ca**2, sd**2*ca, sb*sd*ca, sa*sd*ca, cd*sd*ca, sc*sb*ca, sa*sb*ca, cd*sb*ca, sa*sc*ca, cd*sc*ca, cd*sa*ca, sd**3, sb*sd**2, sa*sd**2, cd*sd**2, sa*sb*sd, cd*sb*sd, cd*sa*sd, sa*sc*sb, cd*sc*sb, cd*sa*sb, cd*sa*sc, cc**4, cb*cc**3, ca*cc**3, sd*cc**3, sb*cc**3, sc*cc**3, sa*cc**3, cd*cc**3, cb**2*cc**2, ca*cb*cc**2, sd*cb*cc**2, sb*cb*cc**2, sc*cb*cc**2, sa*cb*cc**2, cd*cb*cc**2, ca**2*cc**2;['cd', 'sa', 'sc', 'sb', 'sd', 'ca', 'cb', 'cc']
627;cd;cd_sc_sa_cb_cc_ca_sd_sb;587.4977767299861;6332;1460.69140625;cd*cc, cb**2, sa**2, sc**2, cd**2, cc*ca*sb, cb*ca*sb, sa*ca*sb, sc*ca*sb, cd*ca*sb, cc**2*sb, cb*cc*sb, sa*cc*sb, sc*cc*sb, sa*cb*sb, sc*cb*sb, cd*cb*sb, sc*sa*sb, cd*sa*sb, cd*sc*sb, sd**3, ca*sd**2, cc*sd**2, cb*sd**2, sa*sd**2, sc*sd**2, cd*sd**2, ca**2*sd, cc*ca*sd, cb*ca*sd, sa*ca*sd, sc*ca*sd, cd*ca*sd, cc**2*sd, cb*cc*sd, sa*cc*sd, sc*cc*sd, sa*cb*sd, sc*cb*sd, cd*cb*sd, sc*sa*sd, cd*sa*sd, cd*sc*sd, ca**3, cc*ca**2, cb*ca**2, sa*ca**2, sc*ca**2, cd*ca**2, cc**2*ca, cb*cc*ca, sa*cc*ca, sc*cc*ca, sa*cb*ca, sc*cb*ca, cd*cb*ca, sc*sa*ca, cd*sa*ca, cd*sc*ca, cc**3, cb*cc**2, sa*cc**2, sc*cc**2, sa*cb*cc, sc*cb*cc, sc*sa*cc, sc*sa*cb, cd*sa*cb, cd*sc*cb, cd*sc*sa, sb**4, sd*sb**3, ca*sb**3, cc*sb**3, cb*sb**3, sa*sb**3, sc*sb**3, cd*sb**3, sd**2*sb**2, ca*sd*sb**2, cc*sd*sb**2, cb*sd*sb**2, sa*sd*sb**2, sc*sd*sb**2, cd*sd*sb**2, ca**2*sb**2;['cd', 'sc', 'sa', 'cb', 'cc', 'ca', 'sd', 'sb']
628;cb;cb_cd_cc_sb_sd_sc_ca_sa;386.47678070003167;5647;1460.69140625;ca**2, cc**2, cd*cc, cd**2, cb**2, sb*sc*sa, cc*sc*sa, cd*sc*sa, cb*sc*sa, sd**2*sa, sb*sd*sa, cc*sd*sa, cd*sd*sa, cb*sd*sa, sb**2*sa, cc*sb*sa, cd*sb*sa, cb*sb*sa, cb*cc*sa, cb*cd*sa, sc**2*ca, sd*sc*ca, sb*sc*ca, cc*sc*ca, cd*sc*ca, cb*sc*ca, sd**2*ca, sb*sd*ca, cc*sd*ca, cd*sd*ca, cb*sd*ca, sb**2*ca, cc*sb*ca, cd*sb*ca, cb*sb*ca, cb*cc*ca, cb*cd*ca, sc**3, sd*sc**2, sb*sc**2, cc*sc**2, cd*sc**2, cb*sc**2, sd**2*sc, sb*sd*sc, cc*sd*sc, cd*sd*sc, cb*sd*sc, sb**2*sc, cc*sb*sc, cd*sb*sc, cb*sb*sc, cb*cc*sc, cb*cd*sc, sd**3, sb*sd**2, cc*sd**2, cd*sd**2, cb*sd**2, sb**2*sd, cc*sb*sd, cd*sb*sd, cb*sb*sd, cb*cc*sd, cb*cd*sd, sb**3, cc*sb**2, cd*sb**2, cb*sb**2, cb*cc*sb, cb*cd*sb, sa**4, ca*sa**3, sc*sa**3, sd*sa**3, sb*sa**3, cc*sa**3, cd*sa**3, cb*sa**3, sc*ca*sa**2, sd*ca*sa**2, sb*ca*sa**2, cc*ca*sa**2, cd*ca*sa**2, cb*ca*sa**2, sc**2*sa**2, sd*sc*sa**2;['cb', 'cd', 'cc', 'sb', 'sd', 'sc', 'ca', 'sa']
629;sb;sb_sa_sc_sd_cc_cb_ca_cd;1242.9737831699895;7438;1460.69140625;sd**2, sc*sd, sc**2, sa**2, sb**2, cc*cb*cd, sd*cb*cd, sc*cb*cd, sa*cb*cd, sb*cb*cd, cc**2*cd, sd*cc*cd, sc*cc*cd, sa*cc*cd, sb*cc*cd, sa*sd*cd, sb*sd*cd, sa*sc*cd, sb*sc*cd, sb*sa*cd, ca**3, cb*ca**2, cc*ca**2, sd*ca**2, sc*ca**2, sa*ca**2, sb*ca**2, cb**2*ca, cc*cb*ca, sd*cb*ca, sc*cb*ca, sa*cb*ca, sb*cb*ca, cc**2*ca, sd*cc*ca, sc*cc*ca, sa*cc*ca, sb*cc*ca, sa*sd*ca, sb*sd*ca, sa*sc*ca, sb*sc*ca, sb*sa*ca, cb**3, cc*cb**2, sd*cb**2, sc*cb**2, sa*cb**2, sb*cb**2, cc**2*cb, sd*cc*cb, sc*cc*cb, sa*cc*cb, sb*cc*cb, sa*sd*cb, sb*sd*cb, sa*sc*cb, sb*sc*cb, sb*sa*cb, cc**3, sd*cc**2, sc*cc**2, sa*cc**2, sb*cc**2, sa*sd*cc, sb*sd*cc, sa*sc*cc, sb*sc*cc, sb*sa*cc, sb*sa*sd, sb*sa*sc, cd**4, ca*cd**3, cb*cd**3, cc*cd**3, sd*cd**3, sc*cd**3, sa*cd**3, sb*cd**3, ca**2*cd**2, cb*ca*cd**2, cc*ca*cd**2, sd*ca*cd**2, sc*ca*cd**2, sa*ca*cd**2, sb*ca*cd**2, cb**2*cd**2;['sb', 'sa', 'sc', 'sd', 'cc', 'cb', 'ca', 'cd']
630;sb;sb_cd_cb_sc_sd_cc_ca_sa;1716.1717352480628;6090;1460.69140625;ca**2, sc*sd, sc**2, cd**2, sb**2, sc*cc*sa, cb*cc*sa, cd*cc*sa, sb*cc*sa, sd**2*sa, cb*sd*sa, cd*sd*sa, sb*sd*sa, cb*sc*sa, cd*sc*sa, sb*sc*sa, cb**2*sa, cd*cb*sa, sb*cb*sa, sb*cd*sa, cc**2*ca, sd*cc*ca, sc*cc*ca, cb*cc*ca, cd*cc*ca, sb*cc*ca, sd**2*ca, cb*sd*ca, cd*sd*ca, sb*sd*ca, cb*sc*ca, cd*sc*ca, sb*sc*ca, cb**2*ca, cd*cb*ca, sb*cb*ca, sb*cd*ca, cc**3, sd*cc**2, sc*cc**2, cb*cc**2, cd*cc**2, sb*cc**2, sd**2*cc, cb*sd*cc, cd*sd*cc, sb*sd*cc, cb*sc*cc, cd*sc*cc, sb*sc*cc, cb**2*cc, cd*cb*cc, sb*cb*cc, sb*cd*cc, sd**3, cb*sd**2, cd*sd**2, sb*sd**2, cb**2*sd, cd*cb*sd, sb*cb*sd, sb*cd*sd, cb**2*sc, cd*cb*sc, sb*cb*sc, sb*cd*sc, cb**3, cd*cb**2, sb*cb**2, sb*cd*cb, sa**4, ca*sa**3, cc*sa**3, sd*sa**3, sc*sa**3, cb*sa**3, cd*sa**3, sb*sa**3, cc*ca*sa**2, sd*ca*sa**2, sc*ca*sa**2, cb*ca*sa**2, cd*ca*sa**2, sb*ca*sa**2, cc**2*sa**2, sd*cc*sa**2;['sb', 'cd', 'cb', 'sc', 'sd', 'cc', 'ca', 'sa']
631;sc;sc_ca_sd_sa_sb_cc_cb_cd;1536.4825391250197;6243;1460.69140625;sb**2, sd**2, sc*sd, ca**2, sc**2, cc**2*cd, sa*cc*cd, sd*cc*cd, ca*cc*cd, sc*cc*cd, sa*sb*cd, sd*sb*cd, ca*sb*cd, sc*sb*cd, sa**2*cd, sd*sa*cd, ca*sa*cd, sc*sa*cd, ca*sd*cd, sc*ca*cd, cb**3, cc*cb**2, sb*cb**2, sa*cb**2, sd*cb**2, ca*cb**2, sc*cb**2, cc**2*cb, sb*cc*cb, sa*cc*cb, sd*cc*cb, ca*cc*cb, sc*cc*cb, sa*sb*cb, sd*sb*cb, ca*sb*cb, sc*sb*cb, sa**2*cb, sd*sa*cb, ca*sa*cb, sc*sa*cb, ca*sd*cb, sc*ca*cb, cc**3, sb*cc**2, sa*cc**2, sd*cc**2, ca*cc**2, sc*cc**2, sa*sb*cc, sd*sb*cc, ca*sb*cc, sc*sb*cc, sa**2*cc, sd*sa*cc, ca*sa*cc, sc*sa*cc, ca*sd*cc, sc*ca*cc, sa**2*sb, sd*sa*sb, ca*sa*sb, sc*sa*sb, ca*sd*sb, sc*ca*sb, sa**3, sd*sa**2, ca*sa**2, sc*sa**2, ca*sd*sa, sc*ca*sa, cd**4, cb*cd**3, cc*cd**3, sb*cd**3, sa*cd**3, sd*cd**3, ca*cd**3, sc*cd**3, cb**2*cd**2, cc*cb*cd**2, sb*cb*cd**2, sa*cb*cd**2, sd*cb*cd**2, ca*cb*cd**2, sc*cb*cd**2, sb*cc*cd**2;['sc', 'ca', 'sd', 'sa', 'sb', 'cc', 'cb', 'cd']
632;sd;sd_sc_ca_cd_sa_sb_cb_cc;660.6447323840111;6037;1460.69140625;sb**2, ca**2, sc**2, sd*sc, sd**2, cd*sb*cc, ca*sb*cc, sc*sb*cc, sd*sb*cc, sa**2*cc, cd*sa*cc, ca*sa*cc, sc*sa*cc, sd*sa*cc, cd**2*cc, ca*cd*cc, sc*cd*cc, sd*cd*cc, sc*ca*cc, sd*ca*cc, cb**3, sb*cb**2, sa*cb**2, cd*cb**2, ca*cb**2, sc*cb**2, sd*cb**2, sa*sb*cb, cd*sb*cb, ca*sb*cb, sc*sb*cb, sd*sb*cb, sa**2*cb, cd*sa*cb, ca*sa*cb, sc*sa*cb, sd*sa*cb, cd**2*cb, ca*cd*cb, sc*cd*cb, sd*cd*cb, sc*ca*cb, sd*ca*cb, sa**2*sb, cd*sa*sb, ca*sa*sb, sc*sa*sb, sd*sa*sb, cd**2*sb, ca*cd*sb, sc*cd*sb, sd*cd*sb, sc*ca*sb, sd*ca*sb, sa**3, cd*sa**2, ca*sa**2, sc*sa**2, sd*sa**2, cd**2*sa, ca*cd*sa, sc*cd*sa, sd*cd*sa, sc*ca*sa, sd*ca*sa, cd**3, ca*cd**2, sc*cd**2, sd*cd**2, sc*ca*cd, sd*ca*cd, cc**4, cb*cc**3, sb*cc**3, sa*cc**3, cd*cc**3, ca*cc**3, sc*cc**3, sd*cc**3, cb**2*cc**2, sb*cb*cc**2, sa*cb*cc**2, cd*cb*cc**2, ca*cb*cc**2, sc*cb*cc**2, sd*cb*cc**2, sa*sb*cc**2;['sd', 'sc', 'ca', 'cd', 'sa', 'sb', 'cb', 'cc']
633;cc;cc_sa_sc_ca_cd_cb_sb_sd;556.077449925011;5777;1460.69140625;cb**2, cd**2, cc*cd, sa**2, cc**2, ca*cb*sd, sc*cb*sd, sa*cb*sd, cc*cb*sd, ca*cd*sd, sc*cd*sd, sa*cd*sd, ca**2*sd, sc*ca*sd, sa*ca*sd, cc*ca*sd, sc**2*sd, sa*sc*sd, cc*sc*sd, cc*sa*sd, sb**3, cb*sb**2, cd*sb**2, ca*sb**2, sc*sb**2, sa*sb**2, cc*sb**2, cd*cb*sb, ca*cb*sb, sc*cb*sb, sa*cb*sb, cc*cb*sb, ca*cd*sb, sc*cd*sb, sa*cd*sb, ca**2*sb, sc*ca*sb, sa*ca*sb, cc*ca*sb, sc**2*sb, sa*sc*sb, cc*sc*sb, cc*sa*sb, ca*cd*cb, sc*cd*cb, sa*cd*cb, ca**2*cb, sc*ca*cb, sa*ca*cb, cc*ca*cb, sc**2*cb, sa*sc*cb, cc*sc*cb, cc*sa*cb, ca**2*cd, sc*ca*cd, sa*ca*cd, sc**2*cd, sa*sc*cd, ca**3, sc*ca**2, sa*ca**2, cc*ca**2, sc**2*ca, sa*sc*ca, cc*sc*ca, cc*sa*ca, sc**3, sa*sc**2, cc*sc**2, cc*sa*sc, sd**4, sb*sd**3, cb*sd**3, cd*sd**3, ca*sd**3, sc*sd**3, sa*sd**3, cc*sd**3, sb**2*sd**2, cb*sb*sd**2, cd*sb*sd**2, ca*sb*sd**2, sc*sb*sd**2, sa*sb*sd**2, cc*sb*sd**2, cd*cb*sd**2;['cc', 'sa', 'sc', 'ca', 'cd', 'cb', 'sb', 'sd']
634;sb;sb_cc_cb_sc_cd_sa_ca_sd;5056.903001015075;6222;1460.69140625;sa**2, cd**2, cc*cd, cc**2, sb**2, sc*sa*sd, cb*sa*sd, cc*sa*sd, sb*sa*sd, sc*cd*sd, cb*cd*sd, sb*cd*sd, sc**2*sd, cb*sc*sd, cc*sc*sd, sb*sc*sd, cb**2*sd, cc*cb*sd, sb*cb*sd, sb*cc*sd, ca**3, sa*ca**2, cd*ca**2, sc*ca**2, cb*ca**2, cc*ca**2, sb*ca**2, cd*sa*ca, sc*sa*ca, cb*sa*ca, cc*sa*ca, sb*sa*ca, sc*cd*ca, cb*cd*ca, sb*cd*ca, sc**2*ca, cb*sc*ca, cc*sc*ca, sb*sc*ca, cb**2*ca, cc*cb*ca, sb*cb*ca, sb*cc*ca, sc*cd*sa, cb*cd*sa, sb*cd*sa, sc**2*sa, cb*sc*sa, cc*sc*sa, sb*sc*sa, cb**2*sa, cc*cb*sa, sb*cb*sa, sb*cc*sa, sc**2*cd, cb*sc*cd, sb*sc*cd, cb**2*cd, sb*cb*cd, sc**3, cb*sc**2, cc*sc**2, sb*sc**2, cb**2*sc, cc*cb*sc, sb*cb*sc, sb*cc*sc, cb**3, cc*cb**2, sb*cb**2, sb*cc*cb, sd**4, ca*sd**3, sa*sd**3, cd*sd**3, sc*sd**3, cb*sd**3, cc*sd**3, sb*sd**3, ca**2*sd**2, sa*ca*sd**2, cd*ca*sd**2, sc*ca*sd**2, cb*ca*sd**2, cc*ca*sd**2, sb*ca*sd**2, cd*sa*sd**2;['sb', 'cc', 'cb', 'sc', 'cd', 'sa', 'ca', 'sd']
635;cb;cb_sb_cc_sd_sc_sa_cd_ca;644.881461996003;6168;1460.69140625;sa**2, sd*sc, sd**2, cc**2, cb**2, sd*sa*ca, cc*sa*ca, sb*sa*ca, cb*sa*ca, sc**2*ca, cc*sc*ca, sb*sc*ca, cb*sc*ca, cc*sd*ca, sb*sd*ca, cb*sd*ca, sb*cc*ca, cb*cc*ca, sb**2*ca, cb*sb*ca, cd**3, sa*cd**2, sc*cd**2, sd*cd**2, cc*cd**2, sb*cd**2, cb*cd**2, sc*sa*cd, sd*sa*cd, cc*sa*cd, sb*sa*cd, cb*sa*cd, sc**2*cd, cc*sc*cd, sb*sc*cd, cb*sc*cd, cc*sd*cd, sb*sd*cd, cb*sd*cd, sb*cc*cd, cb*cc*cd, sb**2*cd, cb*sb*cd, sc**2*sa, cc*sc*sa, sb*sc*sa, cb*sc*sa, cc*sd*sa, sb*sd*sa, cb*sd*sa, sb*cc*sa, cb*cc*sa, sb**2*sa, cb*sb*sa, sc**3, cc*sc**2, sb*sc**2, cb*sc**2, sb*cc*sc, cb*cc*sc, sb**2*sc, cb*sb*sc, sb*cc*sd, cb*cc*sd, sb**2*sd, cb*sb*sd, sb**2*cc, cb*sb*cc, sb**3, cb*sb**2, ca**4, cd*ca**3, sa*ca**3, sc*ca**3, sd*ca**3, cc*ca**3, sb*ca**3, cb*ca**3, cd**2*ca**2, sa*cd*ca**2, sc*cd*ca**2, sd*cd*ca**2, cc*cd*ca**2, sb*cd*ca**2, cb*cd*ca**2, sc*sa*ca**2;['cb', 'sb', 'cc', 'sd', 'sc', 'sa', 'cd', 'ca']
636;cd;cd_sc_sa_sb_cb_cc_ca_sd;1028.7838273809757;6354;1460.69140625;cd*cc, sb**2, sa**2, sc**2, cd**2, cc**2*sd, sb*cc*sd, sa*cc*sd, sc*cc*sd, cb**2*sd, sb*cb*sd, sa*cb*sd, sc*cb*sd, cd*cb*sd, sa*sb*sd, sc*sb*sd, cd*sb*sd, sc*sa*sd, cd*sa*sd, cd*sc*sd, ca**3, cc*ca**2, cb*ca**2, sb*ca**2, sa*ca**2, sc*ca**2, cd*ca**2, cc**2*ca, cb*cc*ca, sb*cc*ca, sa*cc*ca, sc*cc*ca, cb**2*ca, sb*cb*ca, sa*cb*ca, sc*cb*ca, cd*cb*ca, sa*sb*ca, sc*sb*ca, cd*sb*ca, sc*sa*ca, cd*sa*ca, cd*sc*ca, cc**3, cb*cc**2, sb*cc**2, sa*cc**2, sc*cc**2, cb**2*cc, sb*cb*cc, sa*cb*cc, sc*cb*cc, sa*sb*cc, sc*sb*cc, sc*sa*cc, cb**3, sb*cb**2, sa*cb**2, sc*cb**2, cd*cb**2, sa*sb*cb, sc*sb*cb, cd*sb*cb, sc*sa*cb, cd*sa*cb, cd*sc*cb, sc*sa*sb, cd*sa*sb, cd*sc*sb, cd*sc*sa, sd**4, ca*sd**3, cc*sd**3, cb*sd**3, sb*sd**3, sa*sd**3, sc*sd**3, cd*sd**3, ca**2*sd**2, cc*ca*sd**2, cb*ca*sd**2, sb*ca*sd**2, sa*ca*sd**2, sc*ca*sd**2, cd*ca*sd**2, cb*cc*sd**2;['cd', 'sc', 'sa', 'sb', 'cb', 'cc', 'ca', 'sd']
637;ca;ca_cd_sa_sc_sb_cc_cb_sd;609.9884480929468;6270;1459.70703125;cd*cc, sb**2, sc**2, cd**2, ca**2, cc**2*sd, sc*cc*sd, sa*cc*sd, ca*cc*sd, sc*sb*sd, sa*sb*sd, cd*sb*sd, ca*sb*sd, sa*sc*sd, cd*sc*sd, ca*sc*sd, sa**2*sd, cd*sa*sd, ca*sa*sd, ca*cd*sd, cb**3, cc*cb**2, sb*cb**2, sc*cb**2, sa*cb**2, cd*cb**2, ca*cb**2, cc**2*cb, sb*cc*cb, sc*cc*cb, sa*cc*cb, ca*cc*cb, sc*sb*cb, sa*sb*cb, cd*sb*cb, ca*sb*cb, sa*sc*cb, cd*sc*cb, ca*sc*cb, sa**2*cb, cd*sa*cb, ca*sa*cb, ca*cd*cb, cc**3, sb*cc**2, sc*cc**2, sa*cc**2, ca*cc**2, sc*sb*cc, sa*sb*cc, ca*sb*cc, sa*sc*cc, ca*sc*cc, sa**2*cc, ca*sa*cc, sa*sc*sb, cd*sc*sb, ca*sc*sb, sa**2*sb, cd*sa*sb, ca*sa*sb, ca*cd*sb, sa**2*sc, cd*sa*sc, ca*sa*sc, ca*cd*sc, sa**3, cd*sa**2, ca*sa**2, ca*cd*sa, sd**4, cb*sd**3, cc*sd**3, sb*sd**3, sc*sd**3, sa*sd**3, cd*sd**3, ca*sd**3, cb**2*sd**2, cc*cb*sd**2, sb*cb*sd**2, sc*cb*sd**2, sa*cb*sd**2, cd*cb*sd**2, ca*cb*sd**2, sb*cc*sd**2;['ca', 'cd', 'sa', 'sc', 'sb', 'cc', 'cb', 'sd']
638;ca;ca_sa_cc_sd_sb_cb_cd_sc;367.4146502589574;5163;1459.70703125;cc*cd, sb**2, sd**2, cc**2, ca**2, cd**2*sc, sd*cd*sc, sa*cb*sc, ca*cb*sc, sd*sb*sc, cc*sb*sc, sa*sb*sc, ca*sb*sc, cc*sd*sc, sa*sd*sc, ca*sd*sc, sa*cc*sc, ca*cc*sc, sa**2*sc, ca*sa*sc, cd**3, cb*cd**2, sb*cd**2, sd*cd**2, sa*cd**2, ca*cd**2, cb**2*cd, sb*cb*cd, sd*cb*cd, sa*cb*cd, ca*cb*cd, sd*sb*cd, sa*sb*cd, ca*sb*cd, sa*sd*cd, ca*sd*cd, sa**2*cd, ca*sa*cd, cb**3, sb*cb**2, sd*cb**2, cc*cb**2, sa*cb**2, ca*cb**2, sd*sb*cb, cc*sb*cb, sa*sb*cb, ca*sb*cb, cc*sd*cb, sa*sd*cb, ca*sd*cb, sa*cc*cb, ca*cc*cb, sa**2*cb, ca*sa*cb, cc*sd*sb, sa*sd*sb, ca*sd*sb, sa*cc*sb, ca*cc*sb, sa**2*sb, ca*sa*sb, sa*cc*sd, ca*cc*sd, sa**2*sd, ca*sa*sd, sa**2*cc, ca*sa*cc, sa**3, ca*sa**2, sc**4, cd*sc**3, cb*sc**3, sb*sc**3, sd*sc**3, cc*sc**3, sa*sc**3, ca*sc**3, cb*cd*sc**2, sb*cd*sc**2, sa*cd*sc**2, ca*cd*sc**2, cb**2*sc**2, sb*cb*sc**2, sd*cb*sc**2, cc*cb*sc**2;['ca', 'sa', 'cc', 'sd', 'sb', 'cb', 'cd', 'sc']
639;sa;sa_sd_cb_cc_ca_cd_sb_sc;607.5374153519515;5600;1459.70703125;cc*cd, cc**2, cb**2, sd**2, sa**2, cd**2*sc, cb*cd*sc, sd*cd*sc, sa*cd*sc, ca**2*sc, cc*ca*sc, cb*ca*sc, sd*ca*sc, sa*ca*sc, cb*cc*sc, sd*cc*sc, sa*cc*sc, sd*cb*sc, sa*cb*sc, sa*sd*sc, sb**3, cd*sb**2, ca*sb**2, cc*sb**2, cb*sb**2, sd*sb**2, sa*sb**2, cd**2*sb, ca*cd*sb, cb*cd*sb, sd*cd*sb, sa*cd*sb, ca**2*sb, cc*ca*sb, cb*ca*sb, sd*ca*sb, sa*ca*sb, cb*cc*sb, sd*cc*sb, sa*cc*sb, sd*cb*sb, sa*cb*sb, sa*sd*sb, cd**3, ca*cd**2, cb*cd**2, sd*cd**2, sa*cd**2, ca**2*cd, cb*ca*cd, sd*ca*cd, sa*ca*cd, sd*cb*cd, sa*cb*cd, sa*sd*cd, ca**3, cc*ca**2, cb*ca**2, sd*ca**2, sa*ca**2, cb*cc*ca, sd*cc*ca, sa*cc*ca, sd*cb*ca, sa*cb*ca, sa*sd*ca, sd*cb*cc, sa*cb*cc, sa*sd*cc, sa*sd*cb, sc**4, sb*sc**3, cd*sc**3, ca*sc**3, cc*sc**3, cb*sc**3, sd*sc**3, sa*sc**3, sb**2*sc**2, cd*sb*sc**2, ca*sb*sc**2, cc*sb*sc**2, cb*sb*sc**2, sd*sb*sc**2, sa*sb*sc**2, ca*cd*sc**2;['sa', 'sd', 'cb', 'cc', 'ca', 'cd', 'sb', 'sc']
640;sa;sa_ca_sc_cd_cb_sb_sd_cc;949.5988197709667;5395;1459.70703125;sc*sd, cb**2, cd**2, sc**2, sa**2, sd**2*cc, cd*sd*cc, ca*sb*cc, sa*sb*cc, cd*cb*cc, sc*cb*cc, ca*cb*cc, sa*cb*cc, sc*cd*cc, ca*cd*cc, sa*cd*cc, ca*sc*cc, sa*sc*cc, ca**2*cc, sa*ca*cc, sd**3, sb*sd**2, cb*sd**2, cd*sd**2, ca*sd**2, sa*sd**2, sb**2*sd, cb*sb*sd, cd*sb*sd, ca*sb*sd, sa*sb*sd, cd*cb*sd, ca*cb*sd, sa*cb*sd, ca*cd*sd, sa*cd*sd, ca**2*sd, sa*ca*sd, sb**3, cb*sb**2, cd*sb**2, sc*sb**2, ca*sb**2, sa*sb**2, cd*cb*sb, sc*cb*sb, ca*cb*sb, sa*cb*sb, sc*cd*sb, ca*cd*sb, sa*cd*sb, ca*sc*sb, sa*sc*sb, ca**2*sb, sa*ca*sb, sc*cd*cb, ca*cd*cb, sa*cd*cb, ca*sc*cb, sa*sc*cb, ca**2*cb, sa*ca*cb, ca*sc*cd, sa*sc*cd, ca**2*cd, sa*ca*cd, ca**2*sc, sa*ca*sc, ca**3, sa*ca**2, cc**4, sd*cc**3, sb*cc**3, cb*cc**3, cd*cc**3, sc*cc**3, ca*cc**3, sa*cc**3, sb*sd*cc**2, cb*sd*cc**2, ca*sd*cc**2, sa*sd*cc**2, sb**2*cc**2, cb*sb*cc**2, cd*sb*cc**2, sc*sb*cc**2;['sa', 'ca', 'sc', 'cd', 'cb', 'sb', 'sd', 'cc']
641;cd;cd_ca_cc_sb_sc_sa_sd_cb;504.0345456409268;6171;1459.70703125;sb**2, cc**2, cd*cc, ca**2, cd**2, sc*sa*cb, sb*sa*cb, cc*sa*cb, ca*sa*cb, cd*sa*cb, sc**2*cb, sb*sc*cb, cc*sc*cb, ca*sc*cb, cd*sc*cb, cc*sb*cb, ca*sb*cb, cd*sb*cb, ca*cc*cb, cd*ca*cb, sd**3, sa*sd**2, sc*sd**2, sb*sd**2, cc*sd**2, ca*sd**2, cd*sd**2, sa**2*sd, sc*sa*sd, sb*sa*sd, cc*sa*sd, ca*sa*sd, cd*sa*sd, sc**2*sd, sb*sc*sd, cc*sc*sd, ca*sc*sd, cd*sc*sd, cc*sb*sd, ca*sb*sd, cd*sb*sd, ca*cc*sd, cd*ca*sd, sa**3, sc*sa**2, sb*sa**2, cc*sa**2, ca*sa**2, cd*sa**2, sc**2*sa, sb*sc*sa, cc*sc*sa, ca*sc*sa, cd*sc*sa, cc*sb*sa, ca*sb*sa, cd*sb*sa, ca*cc*sa, cd*ca*sa, sc**3, sb*sc**2, cc*sc**2, ca*sc**2, cd*sc**2, cc*sb*sc, ca*sb*sc, cd*sb*sc, ca*cc*sc, cd*ca*sc, ca*cc*sb, cd*ca*sb, cb**4, sd*cb**3, sa*cb**3, sc*cb**3, sb*cb**3, cc*cb**3, ca*cb**3, cd*cb**3, sd**2*cb**2, sa*sd*cb**2, sc*sd*cb**2, sb*sd*cb**2, cc*sd*cb**2, ca*sd*cb**2, cd*sd*cb**2, sa**2*cb**2;['cd', 'ca', 'cc', 'sb', 'sc', 'sa', 'sd', 'cb']
642;cd;cd_ca_cb_sd_sc_cc_sb_sa;465.732094986015;5470;1459.70703125;sc**2, sd*sc, cb**2, ca**2, cd**2, sc*cc*sa, sd*cc*sa, cb*cc*sa, ca*cc*sa, cd*cc*sa, cb*sc*sa, ca*sc*sa, cd*sc*sa, sd**2*sa, cb*sd*sa, ca*sd*sa, cd*sd*sa, ca*cb*sa, cd*cb*sa, cd*ca*sa, sb**3, cc*sb**2, sc*sb**2, sd*sb**2, cb*sb**2, ca*sb**2, cd*sb**2, cc**2*sb, sc*cc*sb, sd*cc*sb, cb*cc*sb, ca*cc*sb, cd*cc*sb, cb*sc*sb, ca*sc*sb, cd*sc*sb, sd**2*sb, cb*sd*sb, ca*sd*sb, cd*sd*sb, ca*cb*sb, cd*cb*sb, cd*ca*sb, cc**3, sc*cc**2, sd*cc**2, cb*cc**2, ca*cc**2, cd*cc**2, cb*sc*cc, ca*sc*cc, cd*sc*cc, sd**2*cc, cb*sd*cc, ca*sd*cc, cd*sd*cc, ca*cb*cc, cd*cb*cc, cd*ca*cc, ca*cb*sc, cd*cb*sc, cd*ca*sc, sd**3, cb*sd**2, ca*sd**2, cd*sd**2, ca*cb*sd, cd*cb*sd, cd*ca*sd, cd*ca*cb, sa**4, sb*sa**3, cc*sa**3, sc*sa**3, sd*sa**3, cb*sa**3, ca*sa**3, cd*sa**3, sb**2*sa**2, cc*sb*sa**2, sc*sb*sa**2, sd*sb*sa**2, cb*sb*sa**2, ca*sb*sa**2, cd*sb*sa**2, cc**2*sa**2;['cd', 'ca', 'cb', 'sd', 'sc', 'cc', 'sb', 'sa']
643;sb;sb_sa_cb_cc_cd_sd_sc_ca;894.9529421869665;6256;1459.70703125;cd**2, cc*cd, cc**2, sa**2, sb**2, cd*sd*ca, cc*sd*ca, cb*sd*ca, sa*sd*ca, sb*sd*ca, cb*cd*ca, sa*cd*ca, sb*cd*ca, cb*cc*ca, sa*cc*ca, sb*cc*ca, cb**2*ca, sa*cb*ca, sb*cb*ca, sb*sa*ca, sc**3, sd*sc**2, cd*sc**2, cc*sc**2, cb*sc**2, sa*sc**2, sb*sc**2, sd**2*sc, cd*sd*sc, cc*sd*sc, cb*sd*sc, sa*sd*sc, sb*sd*sc, cb*cd*sc, sa*cd*sc, sb*cd*sc, cb*cc*sc, sa*cc*sc, sb*cc*sc, cb**2*sc, sa*cb*sc, sb*cb*sc, sb*sa*sc, sd**3, cd*sd**2, cc*sd**2, cb*sd**2, sa*sd**2, sb*sd**2, cb*cd*sd, sa*cd*sd, sb*cd*sd, cb*cc*sd, sa*cc*sd, sb*cc*sd, cb**2*sd, sa*cb*sd, sb*cb*sd, sb*sa*sd, cb**2*cd, sa*cb*cd, sb*cb*cd, sb*sa*cd, cb**2*cc, sa*cb*cc, sb*cb*cc, sb*sa*cc, cb**3, sa*cb**2, sb*cb**2, sb*sa*cb, ca**4, sc*ca**3, sd*ca**3, cd*ca**3, cc*ca**3, cb*ca**3, sa*ca**3, sb*ca**3, sc**2*ca**2, sd*sc*ca**2, cd*sc*ca**2, cc*sc*ca**2, cb*sc*ca**2, sa*sc*ca**2, sb*sc*ca**2, sd**2*ca**2;['sb', 'sa', 'cb', 'cc', 'cd', 'sd', 'sc', 'ca']
644;cc;cc_sb_sa_ca_sd_sc_cb_cd;413.1734951600665;5839;1459.70703125;sd*sc, sd**2, sa**2, sb**2, cc**2, sc**2*cd, sa*sc*cd, sb*sc*cd, cc*sc*cd, ca*sd*cd, sa*sd*cd, sb*sd*cd, cc*sd*cd, ca**2*cd, sa*ca*cd, sb*ca*cd, cc*ca*cd, sb*sa*cd, cc*sa*cd, cc*sb*cd, cb**3, sc*cb**2, sd*cb**2, ca*cb**2, sa*cb**2, sb*cb**2, cc*cb**2, sc**2*cb, ca*sc*cb, sa*sc*cb, sb*sc*cb, cc*sc*cb, ca*sd*cb, sa*sd*cb, sb*sd*cb, cc*sd*cb, ca**2*cb, sa*ca*cb, sb*ca*cb, cc*ca*cb, sb*sa*cb, cc*sa*cb, cc*sb*cb, sc**3, ca*sc**2, sa*sc**2, sb*sc**2, cc*sc**2, ca**2*sc, sa*ca*sc, sb*ca*sc, cc*ca*sc, sb*sa*sc, cc*sa*sc, cc*sb*sc, ca**2*sd, sa*ca*sd, sb*ca*sd, cc*ca*sd, sb*sa*sd, cc*sa*sd, cc*sb*sd, ca**3, sa*ca**2, sb*ca**2, cc*ca**2, sb*sa*ca, cc*sa*ca, cc*sb*ca, cc*sb*sa, cd**4, cb*cd**3, sc*cd**3, sd*cd**3, ca*cd**3, sa*cd**3, sb*cd**3, cc*cd**3, cb**2*cd**2, sc*cb*cd**2, sd*cb*cd**2, ca*cb*cd**2, sa*cb*cd**2, sb*cb*cd**2, cc*cb*cd**2, ca*sc*cd**2;['cc', 'sb', 'sa', 'ca', 'sd', 'sc', 'cb', 'cd']
645;ca;ca_sd_cd_sb_sa_sc_cc_cb;860.6378441409906;6514;1459.70703125;sc**2, sd*sc, sb**2, sd**2, ca**2, sb*sc*cb, cd*sc*cb, ca*sc*cb, sa**2*cb, sb*sa*cb, cd*sa*cb, sd*sa*cb, ca*sa*cb, cd*sb*cb, sd*sb*cb, ca*sb*cb, cd**2*cb, sd*cd*cb, ca*cd*cb, ca*sd*cb, cc**3, sc*cc**2, sa*cc**2, sb*cc**2, cd*cc**2, sd*cc**2, ca*cc**2, sa*sc*cc, sb*sc*cc, cd*sc*cc, ca*sc*cc, sa**2*cc, sb*sa*cc, cd*sa*cc, sd*sa*cc, ca*sa*cc, cd*sb*cc, sd*sb*cc, ca*sb*cc, cd**2*cc, sd*cd*cc, ca*cd*cc, ca*sd*cc, sa**2*sc, sb*sa*sc, cd*sa*sc, ca*sa*sc, cd*sb*sc, ca*sb*sc, cd**2*sc, ca*cd*sc, sa**3, sb*sa**2, cd*sa**2, sd*sa**2, ca*sa**2, cd*sb*sa, sd*sb*sa, ca*sb*sa, cd**2*sa, sd*cd*sa, ca*cd*sa, ca*sd*sa, cd**2*sb, sd*cd*sb, ca*cd*sb, ca*sd*sb, cd**3, sd*cd**2, ca*cd**2, ca*sd*cd, cb**4, cc*cb**3, sc*cb**3, sa*cb**3, sb*cb**3, cd*cb**3, sd*cb**3, ca*cb**3, cc**2*cb**2, sc*cc*cb**2, sa*cc*cb**2, sb*cc*cb**2, cd*cc*cb**2, sd*cc*cb**2, ca*cc*cb**2, sa*sc*cb**2;['ca', 'sd', 'cd', 'sb', 'sa', 'sc', 'cc', 'cb']
646;cc;cc_ca_cb_sd_sa_sb_sc_cd;338.55393458600156;5243;1459.70703125;sd*sc, sd**2, cb**2, ca**2, cc**2, sc**2*cd, cc*sc*cd, ca*sb*cd, cc*sb*cd, sa**2*cd, sd*sa*cd, cb*sa*cd, ca*sa*cd, cc*sa*cd, cb*sd*cd, ca*sd*cd, cc*sd*cd, ca*cb*cd, cc*cb*cd, cc*ca*cd, sc**3, sb*sc**2, sa*sc**2, cb*sc**2, ca*sc**2, cc*sc**2, sb**2*sc, sa*sb*sc, cb*sb*sc, ca*sb*sc, cc*sb*sc, sa**2*sc, cb*sa*sc, ca*sa*sc, cc*sa*sc, ca*cb*sc, cc*cb*sc, cc*ca*sc, sb**3, sa*sb**2, sd*sb**2, cb*sb**2, ca*sb**2, cc*sb**2, sa**2*sb, sd*sa*sb, cb*sa*sb, ca*sa*sb, cc*sa*sb, cb*sd*sb, ca*sd*sb, cc*sd*sb, ca*cb*sb, cc*cb*sb, cc*ca*sb, sa**3, sd*sa**2, cb*sa**2, ca*sa**2, cc*sa**2, cb*sd*sa, ca*sd*sa, cc*sd*sa, ca*cb*sa, cc*cb*sa, cc*ca*sa, ca*cb*sd, cc*cb*sd, cc*ca*sd, cc*ca*cb, cd**4, sc*cd**3, sb*cd**3, sa*cd**3, sd*cd**3, cb*cd**3, ca*cd**3, cc*cd**3, sb*sc*cd**2, sa*sc*cd**2, cb*sc*cd**2, ca*sc*cd**2, sb**2*cd**2, sa*sb*cd**2, sd*sb*cd**2, cb*sb*cd**2;['cc', 'ca', 'cb', 'sd', 'sa', 'sb', 'sc', 'cd']
647;cd;cd_sa_cc_ca_sd_cb_sb_sc;544.2738186680945;6132;1459.70703125;cb**2, cc**2, cd*cc, sa**2, cd**2, ca*cb*sc, cc*cb*sc, sa*cb*sc, cd*cb*sc, sd**2*sc, ca*sd*sc, cc*sd*sc, sa*sd*sc, cd*sd*sc, ca**2*sc, cc*ca*sc, sa*ca*sc, cd*ca*sc, sa*cc*sc, cd*sa*sc, sb**3, cb*sb**2, sd*sb**2, ca*sb**2, cc*sb**2, sa*sb**2, cd*sb**2, sd*cb*sb, ca*cb*sb, cc*cb*sb, sa*cb*sb, cd*cb*sb, sd**2*sb, ca*sd*sb, cc*sd*sb, sa*sd*sb, cd*sd*sb, ca**2*sb, cc*ca*sb, sa*ca*sb, cd*ca*sb, sa*cc*sb, cd*sa*sb, sd**2*cb, ca*sd*cb, cc*sd*cb, sa*sd*cb, cd*sd*cb, ca**2*cb, cc*ca*cb, sa*ca*cb, cd*ca*cb, sa*cc*cb, cd*sa*cb, sd**3, ca*sd**2, cc*sd**2, sa*sd**2, cd*sd**2, ca**2*sd, cc*ca*sd, sa*ca*sd, cd*ca*sd, sa*cc*sd, cd*sa*sd, ca**3, cc*ca**2, sa*ca**2, cd*ca**2, sa*cc*ca, cd*sa*ca, sc**4, sb*sc**3, cb*sc**3, sd*sc**3, ca*sc**3, cc*sc**3, sa*sc**3, cd*sc**3, sb**2*sc**2, cb*sb*sc**2, sd*sb*sc**2, ca*sb*sc**2, cc*sb*sc**2, sa*sb*sc**2, cd*sb*sc**2, sd*cb*sc**2;['cd', 'sa', 'cc', 'ca', 'sd', 'cb', 'sb', 'sc']
648;cc;cc_sb_cb_ca_cd_sa_sd_sc;463.44013449398335;5745;1459.70703125;cd**2, cc*cd, ca**2, sb**2, cc**2, sd**2*sc, cd*sd*sc, cc*sd*sc, sb*sa*sc, cc*sa*sc, ca*cd*sc, cb*cd*sc, sb*cd*sc, cb*ca*sc, sb*ca*sc, cc*ca*sc, cb**2*sc, sb*cb*sc, cc*cb*sc, cc*sb*sc, sd**3, sa*sd**2, cd*sd**2, ca*sd**2, cb*sd**2, sb*sd**2, cc*sd**2, sa**2*sd, cd*sa*sd, ca*sa*sd, cb*sa*sd, sb*sa*sd, cc*sa*sd, ca*cd*sd, cb*cd*sd, sb*cd*sd, cb*ca*sd, sb*ca*sd, cc*ca*sd, cb**2*sd, sb*cb*sd, cc*cb*sd, cc*sb*sd, sa**3, cd*sa**2, ca*sa**2, cb*sa**2, sb*sa**2, cc*sa**2, ca*cd*sa, cb*cd*sa, sb*cd*sa, cb*ca*sa, sb*ca*sa, cc*ca*sa, cb**2*sa, sb*cb*sa, cc*cb*sa, cc*sb*sa, cb*ca*cd, sb*ca*cd, cb**2*cd, sb*cb*cd, cb**2*ca, sb*cb*ca, cc*cb*ca, cc*sb*ca, cb**3, sb*cb**2, cc*cb**2, cc*sb*cb, sc**4, sd*sc**3, sa*sc**3, cd*sc**3, ca*sc**3, cb*sc**3, sb*sc**3, cc*sc**3, sa*sd*sc**2, ca*sd*sc**2, cb*sd*sc**2, sb*sd*sc**2, sa**2*sc**2, cd*sa*sc**2, ca*sa*sc**2, cb*sa*sc**2;['cc', 'sb', 'cb', 'ca', 'cd', 'sa', 'sd', 'sc']
649;ca;ca_cd_sa_sd_cb_sb_cc_sc;809.965486422996;5026;1459.70703125;cc**2, cd*cc, cb**2, cd**2, ca**2, sd*cc*sc, cd*sb*sc, ca*sb*sc, sd*cb*sc, sa*cb*sc, cd*cb*sc, ca*cb*sc, sd**2*sc, sa*sd*sc, cd*sd*sc, ca*sd*sc, sa**2*sc, cd*sa*sc, ca*sa*sc, ca*cd*sc, sb**2*cc, cb*sb*cc, sd*sb*cc, sa*sb*cc, ca*sb*cc, sd*cb*cc, sa*cb*cc, ca*cb*cc, sd**2*cc, sa*sd*cc, ca*sd*cc, sa**2*cc, ca*sa*cc, sb**3, cb*sb**2, sd*sb**2, sa*sb**2, cd*sb**2, ca*sb**2, sd*cb*sb, sa*cb*sb, cd*cb*sb, ca*cb*sb, sd**2*sb, sa*sd*sb, cd*sd*sb, ca*sd*sb, sa**2*sb, cd*sa*sb, ca*sa*sb, ca*cd*sb, sd**2*cb, sa*sd*cb, cd*sd*cb, ca*sd*cb, sa**2*cb, cd*sa*cb, ca*sa*cb, ca*cd*cb, sd**3, sa*sd**2, cd*sd**2, ca*sd**2, sa**2*sd, cd*sa*sd, ca*sa*sd, ca*cd*sd, sa**3, cd*sa**2, ca*sa**2, ca*cd*sa, sc**4, cc*sc**3, sb*sc**3, cb*sc**3, sd*sc**3, sa*sc**3, cd*sc**3, ca*sc**3, sb*cc*sc**2, cb*cc*sc**2, sa*cc*sc**2, ca*cc*sc**2, sb**2*sc**2, cb*sb*sc**2, sd*sb*sc**2, sa*sb*sc**2;['ca', 'cd', 'sa', 'sd', 'cb', 'sb', 'cc', 'sc']
650;cc;cc_ca_cd_cb_sb_sd_sa_sc;887.778361392091;6377;1459.70703125;cb**2, cd**2, cc*cd, ca**2, cc**2, sd**2*sc, cb*sd*sc, cd*sd*sc, ca*sd*sc, cc*sd*sc, sb**2*sc, cb*sb*sc, cd*sb*sc, ca*sb*sc, cc*sb*sc, cd*cb*sc, ca*cb*sc, cc*cb*sc, ca*cd*sc, cc*ca*sc, sa**3, sd*sa**2, sb*sa**2, cb*sa**2, cd*sa**2, ca*sa**2, cc*sa**2, sd**2*sa, sb*sd*sa, cb*sd*sa, cd*sd*sa, ca*sd*sa, cc*sd*sa, sb**2*sa, cb*sb*sa, cd*sb*sa, ca*sb*sa, cc*sb*sa, cd*cb*sa, ca*cb*sa, cc*cb*sa, ca*cd*sa, cc*ca*sa, sd**3, sb*sd**2, cb*sd**2, cd*sd**2, ca*sd**2, cc*sd**2, sb**2*sd, cb*sb*sd, cd*sb*sd, ca*sb*sd, cc*sb*sd, cd*cb*sd, ca*cb*sd, cc*cb*sd, ca*cd*sd, cc*ca*sd, sb**3, cb*sb**2, cd*sb**2, ca*sb**2, cc*sb**2, cd*cb*sb, ca*cb*sb, cc*cb*sb, ca*cd*sb, cc*ca*sb, ca*cd*cb, cc*ca*cb, sc**4, sa*sc**3, sd*sc**3, sb*sc**3, cb*sc**3, cd*sc**3, ca*sc**3, cc*sc**3, sa**2*sc**2, sd*sa*sc**2, sb*sa*sc**2, cb*sa*sc**2, cd*sa*sc**2, ca*sa*sc**2, cc*sa*sc**2, sb*sd*sc**2;['cc', 'ca', 'cd', 'cb', 'sb', 'sd', 'sa', 'sc']
651;sa;sa_cd_ca_cc_sb_sd_cb_sc;1066.976145670982;6285;1459.70703125;sb**2, cc**2, cd*cc, cd**2, sa**2, sd**2*sc, cc*sd*sc, ca*sd*sc, cd*sd*sc, sa*sd*sc, cc*sb*sc, ca*sb*sc, cd*sb*sc, sa*sb*sc, ca*cc*sc, sa*cc*sc, ca**2*sc, cd*ca*sc, sa*ca*sc, sa*cd*sc, cb**3, sd*cb**2, sb*cb**2, cc*cb**2, ca*cb**2, cd*cb**2, sa*cb**2, sd**2*cb, sb*sd*cb, cc*sd*cb, ca*sd*cb, cd*sd*cb, sa*sd*cb, cc*sb*cb, ca*sb*cb, cd*sb*cb, sa*sb*cb, ca*cc*cb, sa*cc*cb, ca**2*cb, cd*ca*cb, sa*ca*cb, sa*cd*cb, sd**3, sb*sd**2, cc*sd**2, ca*sd**2, cd*sd**2, sa*sd**2, cc*sb*sd, ca*sb*sd, cd*sb*sd, sa*sb*sd, ca*cc*sd, sa*cc*sd, ca**2*sd, cd*ca*sd, sa*ca*sd, sa*cd*sd, ca*cc*sb, sa*cc*sb, ca**2*sb, cd*ca*sb, sa*ca*sb, sa*cd*sb, ca**2*cc, sa*ca*cc, ca**3, cd*ca**2, sa*ca**2, sa*cd*ca, sc**4, cb*sc**3, sd*sc**3, sb*sc**3, cc*sc**3, ca*sc**3, cd*sc**3, sa*sc**3, cb**2*sc**2, sd*cb*sc**2, sb*cb*sc**2, cc*cb*sc**2, ca*cb*sc**2, cd*cb*sc**2, sa*cb*sc**2, sb*sd*sc**2;['sa', 'cd', 'ca', 'cc', 'sb', 'sd', 'cb', 'sc']
652;cc;cc_sc_sd_sb_ca_sa_cb_cd;539.4830899330555;6003;1459.70703125;ca**2, sb**2, sd**2, sc*sd, cc**2, ca*sa*cd, sb*sa*cd, sd*sa*cd, sc*sa*cd, cc*sa*cd, sb*ca*cd, sd*ca*cd, sc*ca*cd, cc*ca*cd, sd*sb*cd, sc*sb*cd, cc*sb*cd, cc*sd*cd, sc**2*cd, cc*sc*cd, cb**3, sa*cb**2, ca*cb**2, sb*cb**2, sd*cb**2, sc*cb**2, cc*cb**2, sa**2*cb, ca*sa*cb, sb*sa*cb, sd*sa*cb, sc*sa*cb, cc*sa*cb, sb*ca*cb, sd*ca*cb, sc*ca*cb, cc*ca*cb, sd*sb*cb, sc*sb*cb, cc*sb*cb, cc*sd*cb, sc**2*cb, cc*sc*cb, sa**3, ca*sa**2, sb*sa**2, sd*sa**2, sc*sa**2, cc*sa**2, sb*ca*sa, sd*ca*sa, sc*ca*sa, cc*ca*sa, sd*sb*sa, sc*sb*sa, cc*sb*sa, cc*sd*sa, sc**2*sa, cc*sc*sa, sd*sb*ca, sc*sb*ca, cc*sb*ca, cc*sd*ca, sc**2*ca, cc*sc*ca, cc*sd*sb, sc**2*sb, cc*sc*sb, sc**3, cc*sc**2, cd**4, cb*cd**3, sa*cd**3, ca*cd**3, sb*cd**3, sd*cd**3, sc*cd**3, cc*cd**3, cb**2*cd**2, sa*cb*cd**2, ca*cb*cd**2, sb*cb*cd**2, sd*cb*cd**2, sc*cb*cd**2, cc*cb*cd**2, sa**2*cd**2;['cc', 'sc', 'sd', 'sb', 'ca', 'sa', 'cb', 'cd']
653;ca;ca_sc_cb_sb_cd_sd_sa_cc;3008.727050541085;6186;1459.70703125;sc*sd, cd**2, cb**2, sc**2, ca**2, sd**2*cc, cd*sd*cc, cb*sd*cc, ca*sd*cc, sb*cd*cc, cb*cd*cc, sc*cd*cc, ca*cd*cc, sb**2*cc, cb*sb*cc, sc*sb*cc, ca*sb*cc, sc*cb*cc, ca*cb*cc, ca*sc*cc, sa**3, sd*sa**2, cd*sa**2, sb*sa**2, cb*sa**2, sc*sa**2, ca*sa**2, sd**2*sa, cd*sd*sa, sb*sd*sa, cb*sd*sa, ca*sd*sa, sb*cd*sa, cb*cd*sa, sc*cd*sa, ca*cd*sa, sb**2*sa, cb*sb*sa, sc*sb*sa, ca*sb*sa, sc*cb*sa, ca*cb*sa, ca*sc*sa, sd**3, cd*sd**2, sb*sd**2, cb*sd**2, ca*sd**2, sb*cd*sd, cb*cd*sd, ca*cd*sd, sb**2*sd, cb*sb*sd, ca*sb*sd, ca*cb*sd, sb**2*cd, cb*sb*cd, sc*sb*cd, ca*sb*cd, sc*cb*cd, ca*cb*cd, ca*sc*cd, sb**3, cb*sb**2, sc*sb**2, ca*sb**2, sc*cb*sb, ca*cb*sb, ca*sc*sb, ca*sc*cb, cc**4, sa*cc**3, sd*cc**3, cd*cc**3, sb*cc**3, cb*cc**3, sc*cc**3, ca*cc**3, sa**2*cc**2, sd*sa*cc**2, cd*sa*cc**2, sb*sa*cc**2, cb*sa*cc**2, sc*sa*cc**2, ca*sa*cc**2, sb*sd*cc**2;['ca', 'sc', 'cb', 'sb', 'cd', 'sd', 'sa', 'cc']
654;sd;sd_sa_cb_cc_ca_sb_sc_cd;382.82824609498493;5320;1459.70703125;sd*sc, cc**2, cb**2, sa**2, sd**2, sc**2*cd, cc*sc*cd, sa*sb*cd, sd*sb*cd, ca**2*cd, cc*ca*cd, cb*ca*cd, sa*ca*cd, sd*ca*cd, cb*cc*cd, sa*cc*cd, sd*cc*cd, sa*cb*cd, sd*cb*cd, sd*sa*cd, sc**3, sb*sc**2, ca*sc**2, cc*sc**2, cb*sc**2, sa*sc**2, sb**2*sc, ca*sb*sc, cc*sb*sc, cb*sb*sc, sa*sb*sc, ca**2*sc, cc*ca*sc, cb*ca*sc, sa*ca*sc, cb*cc*sc, sa*cc*sc, sa*cb*sc, sb**3, ca*sb**2, cc*sb**2, cb*sb**2, sa*sb**2, sd*sb**2, ca**2*sb, cc*ca*sb, cb*ca*sb, sa*ca*sb, sd*ca*sb, cb*cc*sb, sa*cc*sb, sd*cc*sb, sa*cb*sb, sd*cb*sb, sd*sa*sb, ca**3, cc*ca**2, cb*ca**2, sa*ca**2, sd*ca**2, cb*cc*ca, sa*cc*ca, sd*cc*ca, sa*cb*ca, sd*cb*ca, sd*sa*ca, sa*cb*cc, sd*cb*cc, sd*sa*cc, sd*sa*cb, cd**4, sc*cd**3, sb*cd**3, ca*cd**3, cc*cd**3, cb*cd**3, sa*cd**3, sd*cd**3, sb*sc*cd**2, ca*sc*cd**2, cb*sc*cd**2, sa*sc*cd**2, sb**2*cd**2, ca*sb*cd**2, cc*sb*cd**2, cb*sb*cd**2;['sd', 'sa', 'cb', 'cc', 'ca', 'sb', 'sc', 'cd']
655;sa;sa_sc_cd_sb_cc_cb_sd_ca;548.2986227169167;6509;1459.70703125;cd*cc, sb**2, cd**2, sc**2, sa**2, cc*cb*ca, sb*cb*ca, cd*cb*ca, sc*cb*ca, sa*cb*ca, cc**2*ca, sb*cc*ca, sc*cc*ca, sa*cc*ca, cd*sb*ca, sc*sb*ca, sa*sb*ca, sc*cd*ca, sa*cd*ca, sa*sc*ca, sd**3, cb*sd**2, cc*sd**2, sb*sd**2, cd*sd**2, sc*sd**2, sa*sd**2, cb**2*sd, cc*cb*sd, sb*cb*sd, cd*cb*sd, sc*cb*sd, sa*cb*sd, cc**2*sd, sb*cc*sd, sc*cc*sd, sa*cc*sd, cd*sb*sd, sc*sb*sd, sa*sb*sd, sc*cd*sd, sa*cd*sd, sa*sc*sd, cb**3, cc*cb**2, sb*cb**2, cd*cb**2, sc*cb**2, sa*cb**2, cc**2*cb, sb*cc*cb, sc*cc*cb, sa*cc*cb, cd*sb*cb, sc*sb*cb, sa*sb*cb, sc*cd*cb, sa*cd*cb, sa*sc*cb, cc**3, sb*cc**2, sc*cc**2, sa*cc**2, sc*sb*cc, sa*sb*cc, sa*sc*cc, sc*cd*sb, sa*cd*sb, sa*sc*sb, sa*sc*cd, ca**4, sd*ca**3, cb*ca**3, cc*ca**3, sb*ca**3, cd*ca**3, sc*ca**3, sa*ca**3, sd**2*ca**2, cb*sd*ca**2, cc*sd*ca**2, sb*sd*ca**2, cd*sd*ca**2, sc*sd*ca**2, sa*sd*ca**2, cb**2*ca**2;['sa', 'sc', 'cd', 'sb', 'cc', 'cb', 'sd', 'ca']
656;cb;cb_sd_cd_cc_sc_sb_ca_sa;556.5762768620625;5341;1459.70703125;ca**2, cc**2, cd*cc, sd**2, cb**2, cc*sb*sa, cd*sb*sa, sd*sb*sa, cb*sb*sa, sc**2*sa, cc*sc*sa, cd*sc*sa, sd*sc*sa, cb*sc*sa, sd*cc*sa, cb*cc*sa, cd**2*sa, sd*cd*sa, cb*cd*sa, cb*sd*sa, sb**2*ca, sc*sb*ca, cc*sb*ca, cd*sb*ca, sd*sb*ca, cb*sb*ca, sc**2*ca, cc*sc*ca, cd*sc*ca, sd*sc*ca, cb*sc*ca, sd*cc*ca, cb*cc*ca, cd**2*ca, sd*cd*ca, cb*cd*ca, cb*sd*ca, sb**3, sc*sb**2, cc*sb**2, cd*sb**2, sd*sb**2, cb*sb**2, sc**2*sb, cc*sc*sb, cd*sc*sb, sd*sc*sb, cb*sc*sb, sd*cc*sb, cb*cc*sb, cd**2*sb, sd*cd*sb, cb*cd*sb, cb*sd*sb, sc**3, cc*sc**2, cd*sc**2, sd*sc**2, cb*sc**2, sd*cc*sc, cb*cc*sc, cd**2*sc, sd*cd*sc, cb*cd*sc, cb*sd*sc, cb*sd*cc, cd**3, sd*cd**2, cb*cd**2, cb*sd*cd, sa**4, ca*sa**3, sb*sa**3, sc*sa**3, cc*sa**3, cd*sa**3, sd*sa**3, cb*sa**3, sb*ca*sa**2, sc*ca*sa**2, cc*ca*sa**2, cd*ca*sa**2, sd*ca*sa**2, cb*ca*sa**2, sb**2*sa**2, sc*sb*sa**2;['cb', 'sd', 'cd', 'cc', 'sc', 'sb', 'ca', 'sa']
657;sc;sc_sd_cb_cc_sb_sa_cd_ca;1002.9572307539638;6345;1459.70703125;sa**2, cb**2, sd**2, sc*sd, sc**2, cc*sa*ca, cb*sa*ca, sd*sa*ca, sc*sa*ca, sb**2*ca, cc*sb*ca, cb*sb*ca, sd*sb*ca, sc*sb*ca, cc**2*ca, cb*cc*ca, sd*cc*ca, sc*cc*ca, sd*cb*ca, sc*cb*ca, cd**3, sa*cd**2, sb*cd**2, cc*cd**2, cb*cd**2, sd*cd**2, sc*cd**2, sb*sa*cd, cc*sa*cd, cb*sa*cd, sd*sa*cd, sc*sa*cd, sb**2*cd, cc*sb*cd, cb*sb*cd, sd*sb*cd, sc*sb*cd, cc**2*cd, cb*cc*cd, sd*cc*cd, sc*cc*cd, sd*cb*cd, sc*cb*cd, sb**2*sa, cc*sb*sa, cb*sb*sa, sd*sb*sa, sc*sb*sa, cc**2*sa, cb*cc*sa, sd*cc*sa, sc*cc*sa, sd*cb*sa, sc*cb*sa, sb**3, cc*sb**2, cb*sb**2, sd*sb**2, sc*sb**2, cc**2*sb, cb*cc*sb, sd*cc*sb, sc*cc*sb, sd*cb*sb, sc*cb*sb, cc**3, cb*cc**2, sd*cc**2, sc*cc**2, sd*cb*cc, sc*cb*cc, ca**4, cd*ca**3, sa*ca**3, sb*ca**3, cc*ca**3, cb*ca**3, sd*ca**3, sc*ca**3, cd**2*ca**2, sa*cd*ca**2, sb*cd*ca**2, cc*cd*ca**2, cb*cd*ca**2, sd*cd*ca**2, sc*cd*ca**2, sb*sa*ca**2;['sc', 'sd', 'cb', 'cc', 'sb', 'sa', 'cd', 'ca']
658;sd;sd_cc_sa_cb_sb_ca_sc_cd;448.84261853795033;5645;1459.70703125;sd*sc, cb**2, sa**2, cc**2, sd**2, sc**2*cd, cc*sc*cd, cc*ca*cd, sd*ca*cd, sb**2*cd, cb*sb*cd, sa*sb*cd, cc*sb*cd, sd*sb*cd, sa*cb*cd, cc*cb*cd, sd*cb*cd, cc*sa*cd, sd*sa*cd, sd*cc*cd, sc**3, ca*sc**2, sb*sc**2, cb*sc**2, sa*sc**2, cc*sc**2, ca**2*sc, sb*ca*sc, cb*ca*sc, sa*ca*sc, cc*ca*sc, sb**2*sc, cb*sb*sc, sa*sb*sc, cc*sb*sc, sa*cb*sc, cc*cb*sc, cc*sa*sc, ca**3, sb*ca**2, cb*ca**2, sa*ca**2, cc*ca**2, sd*ca**2, sb**2*ca, cb*sb*ca, sa*sb*ca, cc*sb*ca, sd*sb*ca, sa*cb*ca, cc*cb*ca, sd*cb*ca, cc*sa*ca, sd*sa*ca, sd*cc*ca, sb**3, cb*sb**2, sa*sb**2, cc*sb**2, sd*sb**2, sa*cb*sb, cc*cb*sb, sd*cb*sb, cc*sa*sb, sd*sa*sb, sd*cc*sb, cc*sa*cb, sd*sa*cb, sd*cc*cb, sd*cc*sa, cd**4, sc*cd**3, ca*cd**3, sb*cd**3, cb*cd**3, sa*cd**3, cc*cd**3, sd*cd**3, ca*sc*cd**2, sb*sc*cd**2, cb*sc*cd**2, sa*sc*cd**2, ca**2*cd**2, sb*ca*cd**2, cb*ca*cd**2, sa*ca*cd**2;['sd', 'cc', 'sa', 'cb', 'sb', 'ca', 'sc', 'cd']
659;cb;cb_sb_ca_sd_sc_cd_sa_cc;1764.9046301579801;6087;1459.70703125;sc**2, sd*sc, sd**2, ca**2, cb**2, cd**2*cc, sc*cd*cc, sd*cd*cc, sb*cd*cc, cb*cd*cc, ca*sc*cc, sb*sc*cc, cb*sc*cc, ca*sd*cc, sb*sd*cc, cb*sd*cc, sb*ca*cc, cb*ca*cc, sb**2*cc, cb*sb*cc, sa**3, cd*sa**2, sc*sa**2, sd*sa**2, ca*sa**2, sb*sa**2, cb*sa**2, cd**2*sa, sc*cd*sa, sd*cd*sa, ca*cd*sa, sb*cd*sa, cb*cd*sa, ca*sc*sa, sb*sc*sa, cb*sc*sa, ca*sd*sa, sb*sd*sa, cb*sd*sa, sb*ca*sa, cb*ca*sa, sb**2*sa, cb*sb*sa, cd**3, sc*cd**2, sd*cd**2, ca*cd**2, sb*cd**2, cb*cd**2, ca*sc*cd, sb*sc*cd, cb*sc*cd, ca*sd*cd, sb*sd*cd, cb*sd*cd, sb*ca*cd, cb*ca*cd, sb**2*cd, cb*sb*cd, sb*ca*sc, cb*ca*sc, sb**2*sc, cb*sb*sc, sb*ca*sd, cb*ca*sd, sb**2*sd, cb*sb*sd, sb**2*ca, cb*sb*ca, sb**3, cb*sb**2, cc**4, sa*cc**3, cd*cc**3, sc*cc**3, sd*cc**3, ca*cc**3, sb*cc**3, cb*cc**3, sa**2*cc**2, cd*sa*cc**2, sc*sa*cc**2, sd*sa*cc**2, ca*sa*cc**2, sb*sa*cc**2, cb*sa*cc**2, ca*cd*cc**2;['cb', 'sb', 'ca', 'sd', 'sc', 'cd', 'sa', 'cc']
660;cb;cb_ca_sd_cc_sb_cd_sc_sa;1123.3867093009176;6100;1459.70703125;cc*cd, cc**2, sd**2, ca**2, cb**2, sb*cd*sa, sd*cd*sa, ca*cd*sa, cb*cd*sa, sb**2*sa, cc*sb*sa, sd*sb*sa, ca*sb*sa, cb*sb*sa, sd*cc*sa, ca*cc*sa, cb*cc*sa, ca*sd*sa, cb*sd*sa, cb*ca*sa, sc**3, cd*sc**2, sb*sc**2, cc*sc**2, sd*sc**2, ca*sc**2, cb*sc**2, cd**2*sc, sb*cd*sc, sd*cd*sc, ca*cd*sc, cb*cd*sc, sb**2*sc, cc*sb*sc, sd*sb*sc, ca*sb*sc, cb*sb*sc, sd*cc*sc, ca*cc*sc, cb*cc*sc, ca*sd*sc, cb*sd*sc, cb*ca*sc, cd**3, sb*cd**2, sd*cd**2, ca*cd**2, cb*cd**2, sb**2*cd, sd*sb*cd, ca*sb*cd, cb*sb*cd, ca*sd*cd, cb*sd*cd, cb*ca*cd, sb**3, cc*sb**2, sd*sb**2, ca*sb**2, cb*sb**2, sd*cc*sb, ca*cc*sb, cb*cc*sb, ca*sd*sb, cb*sd*sb, cb*ca*sb, ca*sd*cc, cb*sd*cc, cb*ca*cc, cb*ca*sd, sa**4, sc*sa**3, cd*sa**3, sb*sa**3, cc*sa**3, sd*sa**3, ca*sa**3, cb*sa**3, sc**2*sa**2, cd*sc*sa**2, sb*sc*sa**2, cc*sc*sa**2, sd*sc*sa**2, ca*sc*sa**2, cb*sc*sa**2, cd**2*sa**2;['cb', 'ca', 'sd', 'cc', 'sb', 'cd', 'sc', 'sa']
661;sd;sd_sc_ca_cc_sa_cb_sb_cd;2206.982710444019;6156;1459.70703125;cb**2, ca**2, sc**2, sd*sc, sd**2, cc*cb*cd, ca*cb*cd, sc*cb*cd, sd*cb*cd, sa**2*cd, cc*sa*cd, ca*sa*cd, sc*sa*cd, sd*sa*cd, cc**2*cd, ca*cc*cd, sc*cc*cd, sd*cc*cd, sc*ca*cd, sd*ca*cd, sb**3, cb*sb**2, sa*sb**2, cc*sb**2, ca*sb**2, sc*sb**2, sd*sb**2, sa*cb*sb, cc*cb*sb, ca*cb*sb, sc*cb*sb, sd*cb*sb, sa**2*sb, cc*sa*sb, ca*sa*sb, sc*sa*sb, sd*sa*sb, cc**2*sb, ca*cc*sb, sc*cc*sb, sd*cc*sb, sc*ca*sb, sd*ca*sb, sa**2*cb, cc*sa*cb, ca*sa*cb, sc*sa*cb, sd*sa*cb, cc**2*cb, ca*cc*cb, sc*cc*cb, sd*cc*cb, sc*ca*cb, sd*ca*cb, sa**3, cc*sa**2, ca*sa**2, sc*sa**2, sd*sa**2, cc**2*sa, ca*cc*sa, sc*cc*sa, sd*cc*sa, sc*ca*sa, sd*ca*sa, cc**3, ca*cc**2, sc*cc**2, sd*cc**2, sc*ca*cc, sd*ca*cc, cd**4, sb*cd**3, cb*cd**3, sa*cd**3, cc*cd**3, ca*cd**3, sc*cd**3, sd*cd**3, sb**2*cd**2, cb*sb*cd**2, sa*sb*cd**2, cc*sb*cd**2, ca*sb*cd**2, sc*sb*cd**2, sd*sb*cd**2, sa*cb*cd**2;['sd', 'sc', 'ca', 'cc', 'sa', 'cb', 'sb', 'cd']
662;sd;sd_cb_sa_cd_sc_ca_cc_sb;735.3863370339386;6592;1458.72265625;sc**2, sd*sc, sa**2, cb**2, sd**2, sc*ca*sb, cd*ca*sb, sa*ca*sb, cb*ca*sb, sd*ca*sb, cd*sc*sb, sa*sc*sb, cb*sc*sb, cd**2*sb, sa*cd*sb, cb*cd*sb, sd*cd*sb, cb*sa*sb, sd*sa*sb, sd*cb*sb, cc**3, ca*cc**2, sc*cc**2, cd*cc**2, sa*cc**2, cb*cc**2, sd*cc**2, ca**2*cc, sc*ca*cc, cd*ca*cc, sa*ca*cc, cb*ca*cc, sd*ca*cc, cd*sc*cc, sa*sc*cc, cb*sc*cc, cd**2*cc, sa*cd*cc, cb*cd*cc, sd*cd*cc, cb*sa*cc, sd*sa*cc, sd*cb*cc, ca**3, sc*ca**2, cd*ca**2, sa*ca**2, cb*ca**2, sd*ca**2, cd*sc*ca, sa*sc*ca, cb*sc*ca, cd**2*ca, sa*cd*ca, cb*cd*ca, sd*cd*ca, cb*sa*ca, sd*sa*ca, sd*cb*ca, cd**2*sc, sa*cd*sc, cb*cd*sc, cb*sa*sc, cd**3, sa*cd**2, cb*cd**2, sd*cd**2, cb*sa*cd, sd*sa*cd, sd*cb*cd, sd*cb*sa, sb**4, cc*sb**3, ca*sb**3, sc*sb**3, cd*sb**3, sa*sb**3, cb*sb**3, sd*sb**3, cc**2*sb**2, ca*cc*sb**2, sc*cc*sb**2, cd*cc*sb**2, sa*cc*sb**2, cb*cc*sb**2, sd*cc*sb**2, ca**2*sb**2;['sd', 'cb', 'sa', 'cd', 'sc', 'ca', 'cc', 'sb']
663;sb;sb_sc_cb_cd_ca_sd_sa_cc;488.80920680903364;6355;1458.72265625;sc*sd, ca**2, cd**2, sc**2, sb**2, sd**2*cc, cd*sd*cc, cb*sd*cc, sb*sd*cc, cd*ca*cc, cb*ca*cc, sc*ca*cc, sb*ca*cc, cb*cd*cc, sc*cd*cc, sb*cd*cc, cb**2*cc, sc*cb*cc, sb*cb*cc, sb*sc*cc, sa**3, sd*sa**2, ca*sa**2, cd*sa**2, cb*sa**2, sc*sa**2, sb*sa**2, sd**2*sa, ca*sd*sa, cd*sd*sa, cb*sd*sa, sb*sd*sa, cd*ca*sa, cb*ca*sa, sc*ca*sa, sb*ca*sa, cb*cd*sa, sc*cd*sa, sb*cd*sa, cb**2*sa, sc*cb*sa, sb*cb*sa, sb*sc*sa, sd**3, ca*sd**2, cd*sd**2, cb*sd**2, sb*sd**2, cd*ca*sd, cb*ca*sd, sb*ca*sd, cb*cd*sd, sb*cd*sd, cb**2*sd, sb*cb*sd, cb*cd*ca, sc*cd*ca, sb*cd*ca, cb**2*ca, sc*cb*ca, sb*cb*ca, sb*sc*ca, cb**2*cd, sc*cb*cd, sb*cb*cd, sb*sc*cd, cb**3, sc*cb**2, sb*cb**2, sb*sc*cb, cc**4, sa*cc**3, sd*cc**3, ca*cc**3, cd*cc**3, cb*cc**3, sc*cc**3, sb*cc**3, sa**2*cc**2, sd*sa*cc**2, ca*sa*cc**2, cd*sa*cc**2, cb*sa*cc**2, sc*sa*cc**2, sb*sa*cc**2, ca*sd*cc**2;['sb', 'sc', 'cb', 'cd', 'ca', 'sd', 'sa', 'cc']
664;cb;cb_ca_sd_sc_sb_cc_cd_sa;897.384494218044;6278;1458.72265625;sc**2, sd*sc, sd**2, ca**2, cb**2, sb*cc*sa, sc*cc*sa, sd*cc*sa, ca*cc*sa, cb*cc*sa, sb**2*sa, sc*sb*sa, sd*sb*sa, ca*sb*sa, cb*sb*sa, ca*sc*sa, cb*sc*sa, ca*sd*sa, cb*sd*sa, cb*ca*sa, cd**3, cc*cd**2, sb*cd**2, sc*cd**2, sd*cd**2, ca*cd**2, cb*cd**2, cc**2*cd, sb*cc*cd, sc*cc*cd, sd*cc*cd, ca*cc*cd, cb*cc*cd, sb**2*cd, sc*sb*cd, sd*sb*cd, ca*sb*cd, cb*sb*cd, ca*sc*cd, cb*sc*cd, ca*sd*cd, cb*sd*cd, cb*ca*cd, cc**3, sb*cc**2, sc*cc**2, sd*cc**2, ca*cc**2, cb*cc**2, sb**2*cc, sc*sb*cc, sd*sb*cc, ca*sb*cc, cb*sb*cc, ca*sc*cc, cb*sc*cc, ca*sd*cc, cb*sd*cc, cb*ca*cc, sb**3, sc*sb**2, sd*sb**2, ca*sb**2, cb*sb**2, ca*sc*sb, cb*sc*sb, ca*sd*sb, cb*sd*sb, cb*ca*sb, cb*ca*sc, cb*ca*sd, sa**4, cd*sa**3, cc*sa**3, sb*sa**3, sc*sa**3, sd*sa**3, ca*sa**3, cb*sa**3, cd**2*sa**2, cc*cd*sa**2, sb*cd*sa**2, sc*cd*sa**2, sd*cd*sa**2, ca*cd*sa**2, cb*cd*sa**2, cc**2*sa**2;['cb', 'ca', 'sd', 'sc', 'sb', 'cc', 'cd', 'sa']
665;sc;sc_cc_cd_sb_ca_cb_sa_sd;411.8476647299249;5746;1458.72265625;ca**2, sb**2, cd**2, cc*cd, sc**2, ca*cb*sd, sb*cb*sd, cd*cb*sd, cc*cb*sd, sc*cb*sd, sb*ca*sd, cd*ca*sd, cc*ca*sd, sc*ca*sd, cd*sb*sd, cc*sb*sd, sc*sb*sd, sc*cd*sd, cc**2*sd, sc*cc*sd, sa**3, cb*sa**2, ca*sa**2, sb*sa**2, cd*sa**2, cc*sa**2, sc*sa**2, cb**2*sa, ca*cb*sa, sb*cb*sa, cd*cb*sa, cc*cb*sa, sc*cb*sa, sb*ca*sa, cd*ca*sa, cc*ca*sa, sc*ca*sa, cd*sb*sa, cc*sb*sa, sc*sb*sa, sc*cd*sa, cc**2*sa, sc*cc*sa, cb**3, ca*cb**2, sb*cb**2, cd*cb**2, cc*cb**2, sc*cb**2, sb*ca*cb, cd*ca*cb, cc*ca*cb, sc*ca*cb, cd*sb*cb, cc*sb*cb, sc*sb*cb, sc*cd*cb, cc**2*cb, sc*cc*cb, cd*sb*ca, cc*sb*ca, sc*sb*ca, sc*cd*ca, cc**2*ca, sc*cc*ca, sc*cd*sb, cc**2*sb, sc*cc*sb, cc**3, sc*cc**2, sd**4, sa*sd**3, cb*sd**3, ca*sd**3, sb*sd**3, cd*sd**3, cc*sd**3, sc*sd**3, sa**2*sd**2, cb*sa*sd**2, ca*sa*sd**2, sb*sa*sd**2, cd*sa*sd**2, cc*sa*sd**2, sc*sa*sd**2, cb**2*sd**2;['sc', 'cc', 'cd', 'sb', 'ca', 'cb', 'sa', 'sd']
666;cc;cc_cd_cb_sb_sa_ca_sc_sd;679.5829030459281;5596;1458.72265625;sa**2, cb**2, cd**2, cc*cd, cc**2, sc**2*sd, cd*sc*sd, cc*sc*sd, cd*ca*sd, cc*ca*sd, sb*sa*sd, cb*sa*sd, cd*sa*sd, cc*sa*sd, sb**2*sd, cb*sb*sd, cd*sb*sd, cc*sb*sd, cd*cb*sd, cc*cb*sd, sc**3, ca*sc**2, sa*sc**2, sb*sc**2, cb*sc**2, cd*sc**2, cc*sc**2, ca**2*sc, sa*ca*sc, sb*ca*sc, cb*ca*sc, cd*ca*sc, cc*ca*sc, sb*sa*sc, cb*sa*sc, cd*sa*sc, cc*sa*sc, sb**2*sc, cb*sb*sc, cd*sb*sc, cc*sb*sc, cd*cb*sc, cc*cb*sc, ca**3, sa*ca**2, sb*ca**2, cb*ca**2, cd*ca**2, cc*ca**2, sb*sa*ca, cb*sa*ca, cd*sa*ca, cc*sa*ca, sb**2*ca, cb*sb*ca, cd*sb*ca, cc*sb*ca, cd*cb*ca, cc*cb*ca, sb**2*sa, cb*sb*sa, cd*sb*sa, cc*sb*sa, cd*cb*sa, cc*cb*sa, sb**3, cb*sb**2, cd*sb**2, cc*sb**2, cd*cb*sb, cc*cb*sb, sd**4, sc*sd**3, ca*sd**3, sa*sd**3, sb*sd**3, cb*sd**3, cd*sd**3, cc*sd**3, ca*sc*sd**2, sa*sc*sd**2, sb*sc*sd**2, cb*sc*sd**2, ca**2*sd**2, sa*ca*sd**2, sb*ca*sd**2, cb*ca*sd**2;['cc', 'cd', 'cb', 'sb', 'sa', 'ca', 'sc', 'sd']
667;ca;ca_sb_cd_sc_sa_cb_cc_sd;446.74717778502963;5262;1458.72265625;cd*cc, sc**2, cd**2, sb**2, ca**2, cc**2*sd, sc*cc*sd, sb*cb*sd, ca*cb*sd, sa**2*sd, sc*sa*sd, cd*sa*sd, sb*sa*sd, ca*sa*sd, cd*sc*sd, sb*sc*sd, ca*sc*sd, sb*cd*sd, ca*cd*sd, ca*sb*sd, cc**3, cb*cc**2, sa*cc**2, sc*cc**2, sb*cc**2, ca*cc**2, cb**2*cc, sa*cb*cc, sc*cb*cc, sb*cb*cc, ca*cb*cc, sa**2*cc, sc*sa*cc, sb*sa*cc, ca*sa*cc, sb*sc*cc, ca*sc*cc, ca*sb*cc, cb**3, sa*cb**2, sc*cb**2, cd*cb**2, sb*cb**2, ca*cb**2, sa**2*cb, sc*sa*cb, cd*sa*cb, sb*sa*cb, ca*sa*cb, cd*sc*cb, sb*sc*cb, ca*sc*cb, sb*cd*cb, ca*cd*cb, ca*sb*cb, sa**3, sc*sa**2, cd*sa**2, sb*sa**2, ca*sa**2, cd*sc*sa, sb*sc*sa, ca*sc*sa, sb*cd*sa, ca*cd*sa, ca*sb*sa, sb*cd*sc, ca*cd*sc, ca*sb*sc, ca*sb*cd, sd**4, cc*sd**3, cb*sd**3, sa*sd**3, sc*sd**3, cd*sd**3, sb*sd**3, ca*sd**3, cb*cc*sd**2, sa*cc*sd**2, sb*cc*sd**2, ca*cc*sd**2, cb**2*sd**2, sa*cb*sd**2, sc*cb*sd**2, cd*cb*sd**2;['ca', 'sb', 'cd', 'sc', 'sa', 'cb', 'cc', 'sd']
668;sb;sb_ca_sa_cc_sd_sc_cb_cd;400.99827344098594;5381;1458.72265625;sd*sc, sd**2, cc**2, ca**2, sb**2, sc**2*cd, cc*sc*cd, ca*sc*cd, sb*sc*cd, cc*sd*cd, sa*sd*cd, ca*sd*cd, sb*sd*cd, sa*cc*cd, ca*cc*cd, sb*cc*cd, sa**2*cd, ca*sa*cd, sb*sa*cd, sb*ca*cd, cb**3, sc*cb**2, sd*cb**2, cc*cb**2, sa*cb**2, ca*cb**2, sb*cb**2, sc**2*cb, cc*sc*cb, sa*sc*cb, ca*sc*cb, sb*sc*cb, cc*sd*cb, sa*sd*cb, ca*sd*cb, sb*sd*cb, sa*cc*cb, ca*cc*cb, sb*cc*cb, sa**2*cb, ca*sa*cb, sb*sa*cb, sb*ca*cb, sc**3, cc*sc**2, sa*sc**2, ca*sc**2, sb*sc**2, sa*cc*sc, ca*cc*sc, sb*cc*sc, sa**2*sc, ca*sa*sc, sb*sa*sc, sb*ca*sc, sa*cc*sd, ca*cc*sd, sb*cc*sd, sa**2*sd, ca*sa*sd, sb*sa*sd, sb*ca*sd, sa**2*cc, ca*sa*cc, sb*sa*cc, sb*ca*cc, sa**3, ca*sa**2, sb*sa**2, sb*ca*sa, cd**4, cb*cd**3, sc*cd**3, sd*cd**3, cc*cd**3, sa*cd**3, ca*cd**3, sb*cd**3, cb**2*cd**2, sc*cb*cd**2, sd*cb*cd**2, cc*cb*cd**2, sa*cb*cd**2, ca*cb*cd**2, sb*cb*cd**2, sa*sc*cd**2;['sb', 'ca', 'sa', 'cc', 'sd', 'sc', 'cb', 'cd']
669;cd;cd_sc_ca_cb_sb_sd_sa_cc;464.5425913099898;6304;1458.72265625;sc*sd, cb**2, ca**2, sc**2, cd**2, sd**2*cc, cb*sd*cc, ca*sd*cc, cd*sd*cc, sb**2*cc, cb*sb*cc, ca*sb*cc, sc*sb*cc, cd*sb*cc, ca*cb*cc, sc*cb*cc, cd*cb*cc, sc*ca*cc, cd*ca*cc, cd*sc*cc, sa**3, sd*sa**2, sb*sa**2, cb*sa**2, ca*sa**2, sc*sa**2, cd*sa**2, sd**2*sa, sb*sd*sa, cb*sd*sa, ca*sd*sa, cd*sd*sa, sb**2*sa, cb*sb*sa, ca*sb*sa, sc*sb*sa, cd*sb*sa, ca*cb*sa, sc*cb*sa, cd*cb*sa, sc*ca*sa, cd*ca*sa, cd*sc*sa, sd**3, sb*sd**2, cb*sd**2, ca*sd**2, cd*sd**2, sb**2*sd, cb*sb*sd, ca*sb*sd, cd*sb*sd, ca*cb*sd, cd*cb*sd, cd*ca*sd, sb**3, cb*sb**2, ca*sb**2, sc*sb**2, cd*sb**2, ca*cb*sb, sc*cb*sb, cd*cb*sb, sc*ca*sb, cd*ca*sb, cd*sc*sb, sc*ca*cb, cd*ca*cb, cd*sc*cb, cd*sc*ca, cc**4, sa*cc**3, sd*cc**3, sb*cc**3, cb*cc**3, ca*cc**3, sc*cc**3, cd*cc**3, sa**2*cc**2, sd*sa*cc**2, sb*sa*cc**2, cb*sa*cc**2, ca*sa*cc**2, sc*sa*cc**2, cd*sa*cc**2, sb*sd*cc**2;['cd', 'sc', 'ca', 'cb', 'sb', 'sd', 'sa', 'cc']
670;sa;sa_cb_sb_sd_cc_cd_ca_sc;394.9796452469891;5719;1458.72265625;cc*cd, cc**2, sd**2, cb**2, sa**2, cd**2*sc, sd*cd*sc, cb*cd*sc, sa*cd*sc, sd*cc*sc, sb*cc*sc, cb*cc*sc, sa*cc*sc, sb*sd*sc, cb*sd*sc, sa*sd*sc, sb**2*sc, cb*sb*sc, sa*sb*sc, sa*cb*sc, ca**3, cd*ca**2, cc*ca**2, sd*ca**2, sb*ca**2, cb*ca**2, sa*ca**2, cd**2*ca, sd*cd*ca, sb*cd*ca, cb*cd*ca, sa*cd*ca, sd*cc*ca, sb*cc*ca, cb*cc*ca, sa*cc*ca, sb*sd*ca, cb*sd*ca, sa*sd*ca, sb**2*ca, cb*sb*ca, sa*sb*ca, sa*cb*ca, cd**3, sd*cd**2, sb*cd**2, cb*cd**2, sa*cd**2, sb*sd*cd, cb*sd*cd, sa*sd*cd, sb**2*cd, cb*sb*cd, sa*sb*cd, sa*cb*cd, sb*sd*cc, cb*sd*cc, sa*sd*cc, sb**2*cc, cb*sb*cc, sa*sb*cc, sa*cb*cc, sb**2*sd, cb*sb*sd, sa*sb*sd, sa*cb*sd, sb**3, cb*sb**2, sa*sb**2, sa*cb*sb, sc**4, ca*sc**3, cd*sc**3, cc*sc**3, sd*sc**3, sb*sc**3, cb*sc**3, sa*sc**3, ca**2*sc**2, cd*ca*sc**2, cc*ca*sc**2, sd*ca*sc**2, sb*ca*sc**2, cb*ca*sc**2, sa*ca*sc**2, sb*cd*sc**2;['sa', 'cb', 'sb', 'sd', 'cc', 'cd', 'ca', 'sc']
671;ca;ca_cb_sc_cd_cc_sa_sb_sd;488.94487977796234;5917;1458.72265625;cd*cc, cd**2, sc**2, cb**2, ca**2, cc*sa*sd, cd*sa*sd, sc*sa*sd, cb*sa*sd, ca*sa*sd, cc**2*sd, sc*cc*sd, cb*cc*sd, ca*cc*sd, sc*cd*sd, cb*cd*sd, ca*cd*sd, cb*sc*sd, ca*sc*sd, ca*cb*sd, sb**3, sa*sb**2, cc*sb**2, cd*sb**2, sc*sb**2, cb*sb**2, ca*sb**2, sa**2*sb, cc*sa*sb, cd*sa*sb, sc*sa*sb, cb*sa*sb, ca*sa*sb, cc**2*sb, sc*cc*sb, cb*cc*sb, ca*cc*sb, sc*cd*sb, cb*cd*sb, ca*cd*sb, cb*sc*sb, ca*sc*sb, ca*cb*sb, sa**3, cc*sa**2, cd*sa**2, sc*sa**2, cb*sa**2, ca*sa**2, cc**2*sa, sc*cc*sa, cb*cc*sa, ca*cc*sa, sc*cd*sa, cb*cd*sa, ca*cd*sa, cb*sc*sa, ca*sc*sa, ca*cb*sa, cc**3, sc*cc**2, cb*cc**2, ca*cc**2, cb*sc*cc, ca*sc*cc, ca*cb*cc, cb*sc*cd, ca*sc*cd, ca*cb*cd, ca*cb*sc, sd**4, sb*sd**3, sa*sd**3, cc*sd**3, cd*sd**3, sc*sd**3, cb*sd**3, ca*sd**3, sb**2*sd**2, sa*sb*sd**2, cc*sb*sd**2, cd*sb*sd**2, sc*sb*sd**2, cb*sb*sd**2, ca*sb*sd**2, sa**2*sd**2;['ca', 'cb', 'sc', 'cd', 'cc', 'sa', 'sb', 'sd']
672;sb;sb_sc_sd_cc_sa_cb_ca_cd;548.4816746009747;6486;1458.72265625;sa**2, sd**2, sc*sd, sc**2, sb**2, sa*cb*cd, cc*cb*cd, sd*cb*cd, sc*cb*cd, sb*cb*cd, cc*sa*cd, sd*sa*cd, sc*sa*cd, sb*sa*cd, cc**2*cd, sd*cc*cd, sc*cc*cd, sb*cc*cd, sb*sd*cd, sb*sc*cd, ca**3, cb*ca**2, sa*ca**2, cc*ca**2, sd*ca**2, sc*ca**2, sb*ca**2, cb**2*ca, sa*cb*ca, cc*cb*ca, sd*cb*ca, sc*cb*ca, sb*cb*ca, cc*sa*ca, sd*sa*ca, sc*sa*ca, sb*sa*ca, cc**2*ca, sd*cc*ca, sc*cc*ca, sb*cc*ca, sb*sd*ca, sb*sc*ca, cb**3, sa*cb**2, cc*cb**2, sd*cb**2, sc*cb**2, sb*cb**2, cc*sa*cb, sd*sa*cb, sc*sa*cb, sb*sa*cb, cc**2*cb, sd*cc*cb, sc*cc*cb, sb*cc*cb, sb*sd*cb, sb*sc*cb, cc**2*sa, sd*cc*sa, sc*cc*sa, sb*cc*sa, sb*sd*sa, sb*sc*sa, cc**3, sd*cc**2, sc*cc**2, sb*cc**2, sb*sd*cc, sb*sc*cc, cd**4, ca*cd**3, cb*cd**3, sa*cd**3, cc*cd**3, sd*cd**3, sc*cd**3, sb*cd**3, ca**2*cd**2, cb*ca*cd**2, sa*ca*cd**2, cc*ca*cd**2, sd*ca*cd**2, sc*ca*cd**2, sb*ca*cd**2, cb**2*cd**2;['sb', 'sc', 'sd', 'cc', 'sa', 'cb', 'ca', 'cd']
673;sb;sb_sd_sc_cb_ca_sa_cd_cc;810.1785383670358;5639;1458.72265625;ca**2, sc**2, sd*sc, sd**2, sb**2, cd**2*cc, sc*cd*cc, sd*cd*cc, sd*sa*cc, sb*sa*cc, cb*ca*cc, sc*ca*cc, sd*ca*cc, sb*ca*cc, cb**2*cc, sc*cb*cc, sd*cb*cc, sb*cb*cc, sb*sc*cc, sb*sd*cc, cd**3, sa*cd**2, ca*cd**2, cb*cd**2, sc*cd**2, sd*cd**2, sb*cd**2, sa**2*cd, ca*sa*cd, cb*sa*cd, sc*sa*cd, sd*sa*cd, sb*sa*cd, cb*ca*cd, sc*ca*cd, sd*ca*cd, sb*ca*cd, cb**2*cd, sc*cb*cd, sd*cb*cd, sb*cb*cd, sb*sc*cd, sb*sd*cd, sa**3, ca*sa**2, cb*sa**2, sc*sa**2, sd*sa**2, sb*sa**2, cb*ca*sa, sc*ca*sa, sd*ca*sa, sb*ca*sa, cb**2*sa, sc*cb*sa, sd*cb*sa, sb*cb*sa, sb*sc*sa, sb*sd*sa, cb**2*ca, sc*cb*ca, sd*cb*ca, sb*cb*ca, sb*sc*ca, sb*sd*ca, cb**3, sc*cb**2, sd*cb**2, sb*cb**2, sb*sc*cb, sb*sd*cb, cc**4, cd*cc**3, sa*cc**3, ca*cc**3, cb*cc**3, sc*cc**3, sd*cc**3, sb*cc**3, sa*cd*cc**2, ca*cd*cc**2, cb*cd*cc**2, sb*cd*cc**2, sa**2*cc**2, ca*sa*cc**2, cb*sa*cc**2, sc*sa*cc**2;['sb', 'sd', 'sc', 'cb', 'ca', 'sa', 'cd', 'cc']
674;sa;sa_sd_sb_sc_ca_cb_cd_cc;375.88602248497773;5115;1458.72265625;sc**2, sd*sc, sb**2, sd**2, sa**2, cd**2*cc, sc*cd*cc, sd*cd*cc, sd*cb*cc, sa*cb*cc, ca**2*cc, sc*ca*cc, sb*ca*cc, sd*ca*cc, sa*ca*cc, sb*sc*cc, sa*sc*cc, sd*sb*cc, sa*sb*cc, sa*sd*cc, cd**3, cb*cd**2, ca*cd**2, sc*cd**2, sb*cd**2, sd*cd**2, sa*cd**2, cb**2*cd, ca*cb*cd, sc*cb*cd, sb*cb*cd, sd*cb*cd, sa*cb*cd, ca**2*cd, sc*ca*cd, sb*ca*cd, sd*ca*cd, sa*ca*cd, sb*sc*cd, sa*sc*cd, sd*sb*cd, sa*sb*cd, sa*sd*cd, cb**3, ca*cb**2, sc*cb**2, sb*cb**2, sd*cb**2, sa*cb**2, ca**2*cb, sc*ca*cb, sb*ca*cb, sd*ca*cb, sa*ca*cb, sb*sc*cb, sa*sc*cb, sd*sb*cb, sa*sb*cb, sa*sd*cb, ca**3, sc*ca**2, sb*ca**2, sd*ca**2, sa*ca**2, sb*sc*ca, sa*sc*ca, sd*sb*ca, sa*sb*ca, sa*sd*ca, sa*sb*sc, sa*sd*sb, cc**4, cd*cc**3, cb*cc**3, ca*cc**3, sc*cc**3, sb*cc**3, sd*cc**3, sa*cc**3, cb*cd*cc**2, ca*cd*cc**2, sb*cd*cc**2, sa*cd*cc**2, cb**2*cc**2, ca*cb*cc**2, sc*cb*cc**2, sb*cb*cc**2;['sa', 'sd', 'sb', 'sc', 'ca', 'cb', 'cd', 'cc']
675;sd;sd_sc_sb_sa_cd_ca_cb_cc;590.7939951659646;6566;1458.72265625;sa**2, sb**2, sc**2, sd*sc, sd**2, cd*ca*cc, sa*ca*cc, sb*ca*cc, sc*ca*cc, sd*ca*cc, cd**2*cc, sa*cd*cc, sb*cd*cc, sc*cd*cc, sd*cd*cc, sb*sa*cc, sc*sa*cc, sd*sa*cc, sc*sb*cc, sd*sb*cc, cb**3, ca*cb**2, cd*cb**2, sa*cb**2, sb*cb**2, sc*cb**2, sd*cb**2, ca**2*cb, cd*ca*cb, sa*ca*cb, sb*ca*cb, sc*ca*cb, sd*ca*cb, cd**2*cb, sa*cd*cb, sb*cd*cb, sc*cd*cb, sd*cd*cb, sb*sa*cb, sc*sa*cb, sd*sa*cb, sc*sb*cb, sd*sb*cb, ca**3, cd*ca**2, sa*ca**2, sb*ca**2, sc*ca**2, sd*ca**2, cd**2*ca, sa*cd*ca, sb*cd*ca, sc*cd*ca, sd*cd*ca, sb*sa*ca, sc*sa*ca, sd*sa*ca, sc*sb*ca, sd*sb*ca, cd**3, sa*cd**2, sb*cd**2, sc*cd**2, sd*cd**2, sb*sa*cd, sc*sa*cd, sd*sa*cd, sc*sb*cd, sd*sb*cd, sc*sb*sa, sd*sb*sa, cc**4, cb*cc**3, ca*cc**3, cd*cc**3, sa*cc**3, sb*cc**3, sc*cc**3, sd*cc**3, cb**2*cc**2, ca*cb*cc**2, cd*cb*cc**2, sa*cb*cc**2, sb*cb*cc**2, sc*cb*cc**2, sd*cb*cc**2, ca**2*cc**2;['sd', 'sc', 'sb', 'sa', 'cd', 'ca', 'cb', 'cc']
676;sd;sd_cd_ca_cb_cc_sa_sc_sb;565.6810380489333;6163;1458.72265625;cc**2, cd*cc, cb**2, ca**2, sd**2, cc*sa*sb, cb*sa*sb, ca*sa*sb, cd*sa*sb, sd*sa*sb, cb*cc*sb, ca*cc*sb, sd*cc*sb, ca*cb*sb, cd*cb*sb, sd*cb*sb, cd*ca*sb, sd*ca*sb, cd**2*sb, sd*cd*sb, sc**3, sa*sc**2, cc*sc**2, cb*sc**2, ca*sc**2, cd*sc**2, sd*sc**2, sa**2*sc, cc*sa*sc, cb*sa*sc, ca*sa*sc, cd*sa*sc, sd*sa*sc, cb*cc*sc, ca*cc*sc, sd*cc*sc, ca*cb*sc, cd*cb*sc, sd*cb*sc, cd*ca*sc, sd*ca*sc, cd**2*sc, sd*cd*sc, sa**3, cc*sa**2, cb*sa**2, ca*sa**2, cd*sa**2, sd*sa**2, cb*cc*sa, ca*cc*sa, sd*cc*sa, ca*cb*sa, cd*cb*sa, sd*cb*sa, cd*ca*sa, sd*ca*sa, cd**2*sa, sd*cd*sa, ca*cb*cc, sd*cb*cc, sd*ca*cc, cd*ca*cb, sd*ca*cb, cd**2*cb, sd*cd*cb, cd**2*ca, sd*cd*ca, cd**3, sd*cd**2, sb**4, sc*sb**3, sa*sb**3, cc*sb**3, cb*sb**3, ca*sb**3, cd*sb**3, sd*sb**3, sc**2*sb**2, sa*sc*sb**2, cc*sc*sb**2, cb*sc*sb**2, ca*sc*sb**2, cd*sc*sb**2, sd*sc*sb**2, sa**2*sb**2;['sd', 'cd', 'ca', 'cb', 'cc', 'sa', 'sc', 'sb']
677;sc;sc_cc_cb_sa_sb_cd_sd_ca;976.4018654590473;6374;1458.72265625;cd**2, cc*cd, sa**2, cb**2, sc**2, sa*cd*ca, cb*cd*ca, sc*cd*ca, sb**2*ca, sa*sb*ca, cb*sb*ca, cc*sb*ca, sc*sb*ca, cb*sa*ca, cc*sa*ca, sc*sa*ca, cc*cb*ca, sc*cb*ca, cc**2*ca, sc*cc*ca, sd**3, cd*sd**2, sb*sd**2, sa*sd**2, cb*sd**2, cc*sd**2, sc*sd**2, sb*cd*sd, sa*cd*sd, cb*cd*sd, sc*cd*sd, sb**2*sd, sa*sb*sd, cb*sb*sd, cc*sb*sd, sc*sb*sd, cb*sa*sd, cc*sa*sd, sc*sa*sd, cc*cb*sd, sc*cb*sd, cc**2*sd, sc*cc*sd, sb**2*cd, sa*sb*cd, cb*sb*cd, sc*sb*cd, cb*sa*cd, sc*sa*cd, sc*cb*cd, sb**3, sa*sb**2, cb*sb**2, cc*sb**2, sc*sb**2, cb*sa*sb, cc*sa*sb, sc*sa*sb, cc*cb*sb, sc*cb*sb, cc**2*sb, sc*cc*sb, cc*cb*sa, sc*cb*sa, cc**2*sa, sc*cc*sa, cc**2*cb, sc*cc*cb, cc**3, sc*cc**2, ca**4, sd*ca**3, cd*ca**3, sb*ca**3, sa*ca**3, cb*ca**3, cc*ca**3, sc*ca**3, sd**2*ca**2, cd*sd*ca**2, sb*sd*ca**2, sa*sd*ca**2, cb*sd*ca**2, cc*sd*ca**2, sc*sd*ca**2, sb*cd*ca**2;['sc', 'cc', 'cb', 'sa', 'sb', 'cd', 'sd', 'ca']
678;cc;cc_sd_sa_sc_cb_sb_ca_cd;406.42444982693996;5714;1458.72265625;cb**2, sd*sc, sa**2, sd**2, cc**2, cb*sb*cd, sc*sb*cd, sa*sb*cd, sd*sb*cd, cc*sb*cd, sc*cb*cd, sa*cb*cd, sd*cb*cd, cc*cb*cd, sc**2*cd, sa*sc*cd, cc*sc*cd, sd*sa*cd, cc*sa*cd, cc*sd*cd, ca**3, sb*ca**2, cb*ca**2, sc*ca**2, sa*ca**2, sd*ca**2, cc*ca**2, sb**2*ca, cb*sb*ca, sc*sb*ca, sa*sb*ca, sd*sb*ca, cc*sb*ca, sc*cb*ca, sa*cb*ca, sd*cb*ca, cc*cb*ca, sc**2*ca, sa*sc*ca, cc*sc*ca, sd*sa*ca, cc*sa*ca, cc*sd*ca, sb**3, cb*sb**2, sc*sb**2, sa*sb**2, sd*sb**2, cc*sb**2, sc*cb*sb, sa*cb*sb, sd*cb*sb, cc*cb*sb, sc**2*sb, sa*sc*sb, cc*sc*sb, sd*sa*sb, cc*sa*sb, cc*sd*sb, sc**2*cb, sa*sc*cb, cc*sc*cb, sd*sa*cb, cc*sa*cb, cc*sd*cb, sc**3, sa*sc**2, cc*sc**2, cc*sa*sc, cc*sd*sa, cd**4, ca*cd**3, sb*cd**3, cb*cd**3, sc*cd**3, sa*cd**3, sd*cd**3, cc*cd**3, ca**2*cd**2, sb*ca*cd**2, cb*ca*cd**2, sc*ca*cd**2, sa*ca*cd**2, sd*ca*cd**2, cc*ca*cd**2, sb**2*cd**2;['cc', 'sd', 'sa', 'sc', 'cb', 'sb', 'ca', 'cd']
679;sa;sa_cd_sd_cc_cb_sc_sb_ca;420.2242162490729;5586;1458.72265625;cb**2, cc**2, cd*cc, cd**2, sa**2, cb*sc*ca, cc*sc*ca, sd*sc*ca, cd*sc*ca, sa*sc*ca, cc*cb*ca, sd*cb*ca, cd*cb*ca, sa*cb*ca, sd*cc*ca, sa*cc*ca, sd**2*ca, cd*sd*ca, sa*sd*ca, sa*cd*ca, sb**3, sc*sb**2, cb*sb**2, cc*sb**2, sd*sb**2, cd*sb**2, sa*sb**2, sc**2*sb, cb*sc*sb, cc*sc*sb, sd*sc*sb, cd*sc*sb, sa*sc*sb, cc*cb*sb, sd*cb*sb, cd*cb*sb, sa*cb*sb, sd*cc*sb, sa*cc*sb, sd**2*sb, cd*sd*sb, sa*sd*sb, sa*cd*sb, sc**3, cb*sc**2, cc*sc**2, sd*sc**2, cd*sc**2, sa*sc**2, cc*cb*sc, sd*cb*sc, cd*cb*sc, sa*cb*sc, sd*cc*sc, sa*cc*sc, sd**2*sc, cd*sd*sc, sa*sd*sc, sa*cd*sc, sd*cc*cb, sa*cc*cb, sd**2*cb, cd*sd*cb, sa*sd*cb, sa*cd*cb, sd**2*cc, sa*sd*cc, sd**3, cd*sd**2, sa*sd**2, sa*cd*sd, ca**4, sb*ca**3, sc*ca**3, cb*ca**3, cc*ca**3, sd*ca**3, cd*ca**3, sa*ca**3, sb**2*ca**2, sc*sb*ca**2, cb*sb*ca**2, cc*sb*ca**2, sd*sb*ca**2, cd*sb*ca**2, sa*sb*ca**2, sc**2*ca**2;['sa', 'cd', 'sd', 'cc', 'cb', 'sc', 'sb', 'ca']
680;cd;cd_sb_sa_sc_ca_cc_cb_sd;638.058799905004;6746;1458.72265625;cd*cc, sc**2, sa**2, sb**2, cd**2, cc**2*sd, sc*cc*sd, sa*cc*sd, sb*cc*sd, ca**2*sd, sc*ca*sd, sa*ca*sd, sb*ca*sd, cd*ca*sd, sa*sc*sd, sb*sc*sd, cd*sc*sd, sb*sa*sd, cd*sa*sd, cd*sb*sd, cb**3, cc*cb**2, ca*cb**2, sc*cb**2, sa*cb**2, sb*cb**2, cd*cb**2, cc**2*cb, ca*cc*cb, sc*cc*cb, sa*cc*cb, sb*cc*cb, ca**2*cb, sc*ca*cb, sa*ca*cb, sb*ca*cb, cd*ca*cb, sa*sc*cb, sb*sc*cb, cd*sc*cb, sb*sa*cb, cd*sa*cb, cd*sb*cb, cc**3, ca*cc**2, sc*cc**2, sa*cc**2, sb*cc**2, ca**2*cc, sc*ca*cc, sa*ca*cc, sb*ca*cc, sa*sc*cc, sb*sc*cc, sb*sa*cc, ca**3, sc*ca**2, sa*ca**2, sb*ca**2, cd*ca**2, sa*sc*ca, sb*sc*ca, cd*sc*ca, sb*sa*ca, cd*sa*ca, cd*sb*ca, sb*sa*sc, cd*sa*sc, cd*sb*sc, cd*sb*sa, sd**4, cb*sd**3, cc*sd**3, ca*sd**3, sc*sd**3, sa*sd**3, sb*sd**3, cd*sd**3, cb**2*sd**2, cc*cb*sd**2, ca*cb*sd**2, sc*cb*sd**2, sa*cb*sd**2, sb*cb*sd**2, cd*cb*sd**2, ca*cc*sd**2;['cd', 'sb', 'sa', 'sc', 'ca', 'cc', 'cb', 'sd']
681;cb;cb_sd_cc_ca_cd_sa_sc_sb;1346.4619354669703;6201;1458.72265625;cc*cd, ca**2, cc**2, sd**2, cb**2, cd*sa*sb, ca*sa*sb, cc*sa*sb, sd*sa*sb, cb*sa*sb, cd**2*sb, ca*cd*sb, sd*cd*sb, cb*cd*sb, cc*ca*sb, sd*ca*sb, cb*ca*sb, sd*cc*sb, cb*cc*sb, cb*sd*sb, sc**3, sa*sc**2, cd*sc**2, ca*sc**2, cc*sc**2, sd*sc**2, cb*sc**2, sa**2*sc, cd*sa*sc, ca*sa*sc, cc*sa*sc, sd*sa*sc, cb*sa*sc, cd**2*sc, ca*cd*sc, sd*cd*sc, cb*cd*sc, cc*ca*sc, sd*ca*sc, cb*ca*sc, sd*cc*sc, cb*cc*sc, cb*sd*sc, sa**3, cd*sa**2, ca*sa**2, cc*sa**2, sd*sa**2, cb*sa**2, cd**2*sa, ca*cd*sa, sd*cd*sa, cb*cd*sa, cc*ca*sa, sd*ca*sa, cb*ca*sa, sd*cc*sa, cb*cc*sa, cb*sd*sa, cd**3, ca*cd**2, sd*cd**2, cb*cd**2, sd*ca*cd, cb*ca*cd, cb*sd*cd, sd*cc*ca, cb*cc*ca, cb*sd*ca, cb*sd*cc, sb**4, sc*sb**3, sa*sb**3, cd*sb**3, ca*sb**3, cc*sb**3, sd*sb**3, cb*sb**3, sc**2*sb**2, sa*sc*sb**2, cd*sc*sb**2, ca*sc*sb**2, cc*sc*sb**2, sd*sc*sb**2, cb*sc*sb**2, sa**2*sb**2;['cb', 'sd', 'cc', 'ca', 'cd', 'sa', 'sc', 'sb']
682;sc;sc_cb_sb_sd_cd_sa_cc_ca;554.3032619419973;6185;1458.72265625;sa**2, sd**2, sc*sd, cb**2, sc**2, sd*sa*ca, sb*sa*ca, cb*sa*ca, sc*sa*ca, cd**2*ca, sd*cd*ca, sb*cd*ca, cb*cd*ca, sc*cd*ca, sb*sd*ca, cb*sd*ca, sb**2*ca, cb*sb*ca, sc*sb*ca, sc*cb*ca, cc**3, sa*cc**2, cd*cc**2, sd*cc**2, sb*cc**2, cb*cc**2, sc*cc**2, cd*sa*cc, sd*sa*cc, sb*sa*cc, cb*sa*cc, sc*sa*cc, cd**2*cc, sd*cd*cc, sb*cd*cc, cb*cd*cc, sc*cd*cc, sb*sd*cc, cb*sd*cc, sb**2*cc, cb*sb*cc, sc*sb*cc, sc*cb*cc, cd**2*sa, sd*cd*sa, sb*cd*sa, cb*cd*sa, sc*cd*sa, sb*sd*sa, cb*sd*sa, sb**2*sa, cb*sb*sa, sc*sb*sa, sc*cb*sa, cd**3, sd*cd**2, sb*cd**2, cb*cd**2, sc*cd**2, sb*sd*cd, cb*sd*cd, sb**2*cd, cb*sb*cd, sc*sb*cd, sc*cb*cd, sb**2*sd, cb*sb*sd, sb**3, cb*sb**2, sc*sb**2, sc*cb*sb, ca**4, cc*ca**3, sa*ca**3, cd*ca**3, sd*ca**3, sb*ca**3, cb*ca**3, sc*ca**3, cc**2*ca**2, sa*cc*ca**2, cd*cc*ca**2, sd*cc*ca**2, sb*cc*ca**2, cb*cc*ca**2, sc*cc*ca**2, cd*sa*ca**2;['sc', 'cb', 'sb', 'sd', 'cd', 'sa', 'cc', 'ca']
683;sa;sa_cd_sc_sd_cb_sb_ca_cc;370.5347213030327;5891;1458.72265625;cb**2, sc*sd, sc**2, cd**2, sa**2, cb*sb*cc, sd*sb*cc, sc*sb*cc, cd*sb*cc, sa*sb*cc, sd*cb*cc, sc*cb*cc, cd*cb*cc, sa*cb*cc, sd**2*cc, cd*sd*cc, sa*sd*cc, cd*sc*cc, sa*sc*cc, sa*cd*cc, ca**3, sb*ca**2, cb*ca**2, sd*ca**2, sc*ca**2, cd*ca**2, sa*ca**2, sb**2*ca, cb*sb*ca, sd*sb*ca, sc*sb*ca, cd*sb*ca, sa*sb*ca, sd*cb*ca, sc*cb*ca, cd*cb*ca, sa*cb*ca, sd**2*ca, cd*sd*ca, sa*sd*ca, cd*sc*ca, sa*sc*ca, sa*cd*ca, sb**3, cb*sb**2, sd*sb**2, sc*sb**2, cd*sb**2, sa*sb**2, sd*cb*sb, sc*cb*sb, cd*cb*sb, sa*cb*sb, sd**2*sb, cd*sd*sb, sa*sd*sb, cd*sc*sb, sa*sc*sb, sa*cd*sb, sd**2*cb, cd*sd*cb, sa*sd*cb, cd*sc*cb, sa*sc*cb, sa*cd*cb, sd**3, cd*sd**2, sa*sd**2, sa*cd*sd, sa*cd*sc, cc**4, ca*cc**3, sb*cc**3, cb*cc**3, sd*cc**3, sc*cc**3, cd*cc**3, sa*cc**3, ca**2*cc**2, sb*ca*cc**2, cb*ca*cc**2, sd*ca*cc**2, sc*ca*cc**2, cd*ca*cc**2, sa*ca*cc**2, sb**2*cc**2;['sa', 'cd', 'sc', 'sd', 'cb', 'sb', 'ca', 'cc']
684;sb;sb_sa_ca_cd_cc_sc_cb_sd;641.5172279960243;6257;1458.72265625;cc**2, cd*cc, cd**2, sa**2, sb**2, sc**2*sd, cc*sc*sd, cd*sc*sd, sa*sc*sd, sb*sc*sd, ca*cc*sd, sa*cc*sd, sb*cc*sd, ca*cd*sd, sa*cd*sd, sb*cd*sd, ca**2*sd, sa*ca*sd, sb*ca*sd, sb*sa*sd, cb**3, sc*cb**2, cc*cb**2, cd*cb**2, ca*cb**2, sa*cb**2, sb*cb**2, sc**2*cb, cc*sc*cb, cd*sc*cb, ca*sc*cb, sa*sc*cb, sb*sc*cb, ca*cc*cb, sa*cc*cb, sb*cc*cb, ca*cd*cb, sa*cd*cb, sb*cd*cb, ca**2*cb, sa*ca*cb, sb*ca*cb, sb*sa*cb, sc**3, cc*sc**2, cd*sc**2, ca*sc**2, sa*sc**2, sb*sc**2, ca*cc*sc, sa*cc*sc, sb*cc*sc, ca*cd*sc, sa*cd*sc, sb*cd*sc, ca**2*sc, sa*ca*sc, sb*ca*sc, sb*sa*sc, ca**2*cc, sa*ca*cc, sb*ca*cc, sb*sa*cc, ca**2*cd, sa*ca*cd, sb*ca*cd, sb*sa*cd, ca**3, sa*ca**2, sb*ca**2, sb*sa*ca, sd**4, cb*sd**3, sc*sd**3, cc*sd**3, cd*sd**3, ca*sd**3, sa*sd**3, sb*sd**3, cb**2*sd**2, sc*cb*sd**2, cc*cb*sd**2, cd*cb*sd**2, ca*cb*sd**2, sa*cb*sd**2, sb*cb*sd**2, ca*sc*sd**2;['sb', 'sa', 'ca', 'cd', 'cc', 'sc', 'cb', 'sd']
685;sb;sb_sa_sc_cc_sd_cb_ca_cd;1218.845815257053;7144;1458.72265625;sd**2, sc*sd, sc**2, sa**2, sb**2, sd*cb*cd, cc*cb*cd, sc*cb*cd, sa*cb*cd, sb*cb*cd, cc*sd*cd, sa*sd*cd, sb*sd*cd, cc**2*cd, sc*cc*cd, sa*cc*cd, sb*cc*cd, sa*sc*cd, sb*sc*cd, sb*sa*cd, ca**3, cb*ca**2, sd*ca**2, cc*ca**2, sc*ca**2, sa*ca**2, sb*ca**2, cb**2*ca, sd*cb*ca, cc*cb*ca, sc*cb*ca, sa*cb*ca, sb*cb*ca, cc*sd*ca, sa*sd*ca, sb*sd*ca, cc**2*ca, sc*cc*ca, sa*cc*ca, sb*cc*ca, sa*sc*ca, sb*sc*ca, sb*sa*ca, cb**3, sd*cb**2, cc*cb**2, sc*cb**2, sa*cb**2, sb*cb**2, cc*sd*cb, sa*sd*cb, sb*sd*cb, cc**2*cb, sc*cc*cb, sa*cc*cb, sb*cc*cb, sa*sc*cb, sb*sc*cb, sb*sa*cb, cc**2*sd, sa*cc*sd, sb*cc*sd, sb*sa*sd, cc**3, sc*cc**2, sa*cc**2, sb*cc**2, sa*sc*cc, sb*sc*cc, sb*sa*cc, sb*sa*sc, cd**4, ca*cd**3, cb*cd**3, sd*cd**3, cc*cd**3, sc*cd**3, sa*cd**3, sb*cd**3, ca**2*cd**2, cb*ca*cd**2, sd*ca*cd**2, cc*ca*cd**2, sc*ca*cd**2, sa*ca*cd**2, sb*ca*cd**2, cb**2*cd**2;['sb', 'sa', 'sc', 'cc', 'sd', 'cb', 'ca', 'cd']
686;cc;cc_sd_ca_cb_cd_sa_sc_sb;548.2092835770454;6095;1458.72265625;cc*cd, cb**2, ca**2, sd**2, cc**2, cd*sa*sb, cb*sa*sb, ca*sa*sb, sd*sa*sb, cc*sa*sb, cd**2*sb, cb*cd*sb, ca*cd*sb, sd*cd*sb, ca*cb*sb, sd*cb*sb, cc*cb*sb, sd*ca*sb, cc*ca*sb, cc*sd*sb, sc**3, sa*sc**2, cd*sc**2, cb*sc**2, ca*sc**2, sd*sc**2, cc*sc**2, sa**2*sc, cd*sa*sc, cb*sa*sc, ca*sa*sc, sd*sa*sc, cc*sa*sc, cd**2*sc, cb*cd*sc, ca*cd*sc, sd*cd*sc, ca*cb*sc, sd*cb*sc, cc*cb*sc, sd*ca*sc, cc*ca*sc, cc*sd*sc, sa**3, cd*sa**2, cb*sa**2, ca*sa**2, sd*sa**2, cc*sa**2, cd**2*sa, cb*cd*sa, ca*cd*sa, sd*cd*sa, ca*cb*sa, sd*cb*sa, cc*cb*sa, sd*ca*sa, cc*ca*sa, cc*sd*sa, cd**3, cb*cd**2, ca*cd**2, sd*cd**2, ca*cb*cd, sd*cb*cd, sd*ca*cd, sd*ca*cb, cc*ca*cb, cc*sd*cb, cc*sd*ca, sb**4, sc*sb**3, sa*sb**3, cd*sb**3, cb*sb**3, ca*sb**3, sd*sb**3, cc*sb**3, sc**2*sb**2, sa*sc*sb**2, cd*sc*sb**2, cb*sc*sb**2, ca*sc*sb**2, sd*sc*sb**2, cc*sc*sb**2, sa**2*sb**2;['cc', 'sd', 'ca', 'cb', 'cd', 'sa', 'sc', 'sb']
687;sd;sd_sa_ca_sb_cb_sc_cc_cd;419.6742439880036;5281;1458.72265625;sc**2, sd*sc, sb**2, sa**2, sd**2, cc**2*cd, sc*cc*cd, sd*cc*cd, cb**2*cd, sb*cb*cd, ca*cb*cd, sa*cb*cd, sd*cb*cd, ca*sb*cd, sa*sb*cd, sd*sb*cd, ca**2*cd, sa*ca*cd, sd*ca*cd, sd*sa*cd, cc**3, sc*cc**2, cb*cc**2, sb*cc**2, ca*cc**2, sa*cc**2, sd*cc**2, cb*sc*cc, sb*sc*cc, ca*sc*cc, sa*sc*cc, cb**2*cc, sb*cb*cc, ca*cb*cc, sa*cb*cc, sd*cb*cc, ca*sb*cc, sa*sb*cc, sd*sb*cc, ca**2*cc, sa*ca*cc, sd*ca*cc, sd*sa*cc, cb**2*sc, sb*cb*sc, ca*cb*sc, sa*cb*sc, ca*sb*sc, sa*sb*sc, ca**2*sc, sa*ca*sc, cb**3, sb*cb**2, ca*cb**2, sa*cb**2, sd*cb**2, ca*sb*cb, sa*sb*cb, sd*sb*cb, ca**2*cb, sa*ca*cb, sd*ca*cb, sd*sa*cb, ca**2*sb, sa*ca*sb, sd*ca*sb, sd*sa*sb, ca**3, sa*ca**2, sd*ca**2, sd*sa*ca, cd**4, cc*cd**3, sc*cd**3, cb*cd**3, sb*cd**3, ca*cd**3, sa*cd**3, sd*cd**3, cb*cc*cd**2, sb*cc*cd**2, ca*cc*cd**2, sa*cc*cd**2, cb*sc*cd**2, sb*sc*cd**2, ca*sc*cd**2, sa*sc*cd**2;['sd', 'sa', 'ca', 'sb', 'cb', 'sc', 'cc', 'cd']
688;ca;ca_cd_sb_sc_cb_cc_sa_sd;2845.433092040941;6447;1458.72265625;cd*cc, sc**2, sb**2, cd**2, ca**2, cc**2*sd, sc*cc*sd, sb*cc*sd, ca*cc*sd, cb**2*sd, sc*cb*sd, sb*cb*sd, cd*cb*sd, ca*cb*sd, sb*sc*sd, cd*sc*sd, ca*sc*sd, cd*sb*sd, ca*sb*sd, ca*cd*sd, sa**3, cc*sa**2, cb*sa**2, sc*sa**2, sb*sa**2, cd*sa**2, ca*sa**2, cc**2*sa, cb*cc*sa, sc*cc*sa, sb*cc*sa, ca*cc*sa, cb**2*sa, sc*cb*sa, sb*cb*sa, cd*cb*sa, ca*cb*sa, sb*sc*sa, cd*sc*sa, ca*sc*sa, cd*sb*sa, ca*sb*sa, ca*cd*sa, cc**3, cb*cc**2, sc*cc**2, sb*cc**2, ca*cc**2, cb**2*cc, sc*cb*cc, sb*cb*cc, ca*cb*cc, sb*sc*cc, ca*sc*cc, ca*sb*cc, cb**3, sc*cb**2, sb*cb**2, cd*cb**2, ca*cb**2, sb*sc*cb, cd*sc*cb, ca*sc*cb, cd*sb*cb, ca*sb*cb, ca*cd*cb, cd*sb*sc, ca*sb*sc, ca*cd*sc, ca*cd*sb, sd**4, sa*sd**3, cc*sd**3, cb*sd**3, sc*sd**3, sb*sd**3, cd*sd**3, ca*sd**3, sa**2*sd**2, cc*sa*sd**2, cb*sa*sd**2, sc*sa*sd**2, sb*sa*sd**2, cd*sa*sd**2, ca*sa*sd**2, cb*cc*sd**2;['ca', 'cd', 'sb', 'sc', 'cb', 'cc', 'sa', 'sd']
689;cc;cc_cb_sd_cd_sb_sc_sa_ca;1092.546688442002;6598;1458.72265625;sa**2, cc*cd, sd**2, cb**2, cc**2, cd*sc*ca, sd*sc*ca, cb*sc*ca, cc*sc*ca, sb**2*ca, cd*sb*ca, sd*sb*ca, cb*sb*ca, cc*sb*ca, cd**2*ca, sd*cd*ca, cb*cd*ca, cb*sd*ca, cc*sd*ca, cc*cb*ca, sc**2*sa, sb*sc*sa, cd*sc*sa, sd*sc*sa, cb*sc*sa, cc*sc*sa, sb**2*sa, cd*sb*sa, sd*sb*sa, cb*sb*sa, cc*sb*sa, cd**2*sa, sd*cd*sa, cb*cd*sa, cb*sd*sa, cc*sd*sa, cc*cb*sa, sc**3, sb*sc**2, cd*sc**2, sd*sc**2, cb*sc**2, cc*sc**2, sb**2*sc, cd*sb*sc, sd*sb*sc, cb*sb*sc, cc*sb*sc, cd**2*sc, sd*cd*sc, cb*cd*sc, cb*sd*sc, cc*sd*sc, cc*cb*sc, sb**3, cd*sb**2, sd*sb**2, cb*sb**2, cc*sb**2, cd**2*sb, sd*cd*sb, cb*cd*sb, cb*sd*sb, cc*sd*sb, cc*cb*sb, cd**3, sd*cd**2, cb*cd**2, cb*sd*cd, cc*cb*sd, ca**4, sa*ca**3, sc*ca**3, sb*ca**3, cd*ca**3, sd*ca**3, cb*ca**3, cc*ca**3, sc*sa*ca**2, sb*sa*ca**2, cd*sa*ca**2, sd*sa*ca**2, cb*sa*ca**2, cc*sa*ca**2, sc**2*ca**2, sb*sc*ca**2;['cc', 'cb', 'sd', 'cd', 'sb', 'sc', 'sa', 'ca']
690;sc;sc_cc_cb_ca_sa_cd_sb_sd;891.1664290090557;5664;1458.72265625;cd**2, cc*cd, ca**2, cb**2, sc**2, ca*cd*sd, cb*cd*sd, sc*cd*sd, sa**2*sd, ca*sa*sd, cb*sa*sd, cc*sa*sd, sc*sa*sd, cb*ca*sd, cc*ca*sd, sc*ca*sd, cc*cb*sd, sc*cb*sd, cc**2*sd, sc*cc*sd, sb**3, cd*sb**2, sa*sb**2, ca*sb**2, cb*sb**2, cc*sb**2, sc*sb**2, sa*cd*sb, ca*cd*sb, cb*cd*sb, sc*cd*sb, sa**2*sb, ca*sa*sb, cb*sa*sb, cc*sa*sb, sc*sa*sb, cb*ca*sb, cc*ca*sb, sc*ca*sb, cc*cb*sb, sc*cb*sb, cc**2*sb, sc*cc*sb, sa**2*cd, ca*sa*cd, cb*sa*cd, sc*sa*cd, cb*ca*cd, sc*ca*cd, sc*cb*cd, sa**3, ca*sa**2, cb*sa**2, cc*sa**2, sc*sa**2, cb*ca*sa, cc*ca*sa, sc*ca*sa, cc*cb*sa, sc*cb*sa, cc**2*sa, sc*cc*sa, cc*cb*ca, sc*cb*ca, cc**2*ca, sc*cc*ca, cc**2*cb, sc*cc*cb, cc**3, sc*cc**2, sd**4, sb*sd**3, cd*sd**3, sa*sd**3, ca*sd**3, cb*sd**3, cc*sd**3, sc*sd**3, sb**2*sd**2, cd*sb*sd**2, sa*sb*sd**2, ca*sb*sd**2, cb*sb*sd**2, cc*sb*sd**2, sc*sb*sd**2, sa*cd*sd**2;['sc', 'cc', 'cb', 'ca', 'sa', 'cd', 'sb', 'sd']
691;sa;sa_cc_ca_sb_cd_sc_cb_sd;712.8998923780164;6472;1458.72265625;cd**2, cc*cd, sb**2, cc**2, sa**2, sc**2*sd, cd*sc*sd, ca*sc*sd, cc*sc*sd, sa*sc*sd, sb*cd*sd, ca*cd*sd, sa*cd*sd, ca*sb*sd, cc*sb*sd, sa*sb*sd, ca**2*sd, cc*ca*sd, sa*ca*sd, sa*cc*sd, cb**3, sc*cb**2, cd*cb**2, sb*cb**2, ca*cb**2, cc*cb**2, sa*cb**2, sc**2*cb, cd*sc*cb, sb*sc*cb, ca*sc*cb, cc*sc*cb, sa*sc*cb, sb*cd*cb, ca*cd*cb, sa*cd*cb, ca*sb*cb, cc*sb*cb, sa*sb*cb, ca**2*cb, cc*ca*cb, sa*ca*cb, sa*cc*cb, sc**3, cd*sc**2, sb*sc**2, ca*sc**2, cc*sc**2, sa*sc**2, sb*cd*sc, ca*cd*sc, sa*cd*sc, ca*sb*sc, cc*sb*sc, sa*sb*sc, ca**2*sc, cc*ca*sc, sa*ca*sc, sa*cc*sc, ca*sb*cd, sa*sb*cd, ca**2*cd, sa*ca*cd, ca**2*sb, cc*ca*sb, sa*ca*sb, sa*cc*sb, ca**3, cc*ca**2, sa*ca**2, sa*cc*ca, sd**4, cb*sd**3, sc*sd**3, cd*sd**3, sb*sd**3, ca*sd**3, cc*sd**3, sa*sd**3, cb**2*sd**2, sc*cb*sd**2, cd*cb*sd**2, sb*cb*sd**2, ca*cb*sd**2, cc*cb*sd**2, sa*cb*sd**2, sb*sc*sd**2;['sa', 'cc', 'ca', 'sb', 'cd', 'sc', 'cb', 'sd']
692;sb;sb_sc_cc_sa_cd_sd_ca_cb;1674.9264659920009;6998;1458.72265625;cd**2, cc*cd, sa**2, sc**2, sb**2, cd*sd*cb, sa*sd*cb, cc*sd*cb, sc*sd*cb, sb*sd*cb, sa*cd*cb, sc*cd*cb, sb*cd*cb, cc*sa*cb, sc*sa*cb, sb*sa*cb, cc**2*cb, sc*cc*cb, sb*cc*cb, sb*sc*cb, ca**3, sd*ca**2, cd*ca**2, sa*ca**2, cc*ca**2, sc*ca**2, sb*ca**2, sd**2*ca, cd*sd*ca, sa*sd*ca, cc*sd*ca, sc*sd*ca, sb*sd*ca, sa*cd*ca, sc*cd*ca, sb*cd*ca, cc*sa*ca, sc*sa*ca, sb*sa*ca, cc**2*ca, sc*cc*ca, sb*cc*ca, sb*sc*ca, sd**3, cd*sd**2, sa*sd**2, cc*sd**2, sc*sd**2, sb*sd**2, sa*cd*sd, sc*cd*sd, sb*cd*sd, cc*sa*sd, sc*sa*sd, sb*sa*sd, cc**2*sd, sc*cc*sd, sb*cc*sd, sb*sc*sd, sc*sa*cd, sb*sa*cd, sb*sc*cd, cc**2*sa, sc*cc*sa, sb*cc*sa, sb*sc*sa, cc**3, sc*cc**2, sb*cc**2, sb*sc*cc, cb**4, ca*cb**3, sd*cb**3, cd*cb**3, sa*cb**3, cc*cb**3, sc*cb**3, sb*cb**3, ca**2*cb**2, sd*ca*cb**2, cd*ca*cb**2, sa*ca*cb**2, cc*ca*cb**2, sc*ca*cb**2, sb*ca*cb**2, sd**2*cb**2;['sb', 'sc', 'cc', 'sa', 'cd', 'sd', 'ca', 'cb']
693;sb;sb_sa_cb_cd_ca_cc_sc_sd;1923.0789974670624;5679;1458.72265625;cc**2, cd*cc, cd**2, sa**2, sb**2, sc**2*sd, cc*sc*sd, cd*sc*sd, ca**2*sd, cd*ca*sd, cb*ca*sd, sa*ca*sd, sb*ca*sd, cb*cd*sd, sa*cd*sd, sb*cd*sd, cb**2*sd, sa*cb*sd, sb*cb*sd, sb*sa*sd, sc**3, cc*sc**2, ca*sc**2, cd*sc**2, cb*sc**2, sa*sc**2, sb*sc**2, ca*cc*sc, cb*cc*sc, sa*cc*sc, sb*cc*sc, ca**2*sc, cd*ca*sc, cb*ca*sc, sa*ca*sc, sb*ca*sc, cb*cd*sc, sa*cd*sc, sb*cd*sc, cb**2*sc, sa*cb*sc, sb*cb*sc, sb*sa*sc, ca**2*cc, cb*ca*cc, sa*ca*cc, sb*ca*cc, cb**2*cc, sa*cb*cc, sb*cb*cc, sb*sa*cc, ca**3, cd*ca**2, cb*ca**2, sa*ca**2, sb*ca**2, cb*cd*ca, sa*cd*ca, sb*cd*ca, cb**2*ca, sa*cb*ca, sb*cb*ca, sb*sa*ca, cb**2*cd, sa*cb*cd, sb*cb*cd, sb*sa*cd, cb**3, sa*cb**2, sb*cb**2, sb*sa*cb, sd**4, sc*sd**3, cc*sd**3, ca*sd**3, cd*sd**3, cb*sd**3, sa*sd**3, sb*sd**3, ca*sc*sd**2, cb*sc*sd**2, sa*sc*sd**2, sb*sc*sd**2, ca*cc*sd**2, cb*cc*sd**2, sa*cc*sd**2, sb*cc*sd**2;['sb', 'sa', 'cb', 'cd', 'ca', 'cc', 'sc', 'sd']
694;ca;ca_cb_sb_cc_sd_sa_cd_sc;411.6323150539538;5560;1458.72265625;cc*cd, sd**2, cc**2, cb**2, ca**2, cd**2*sc, sd*cd*sc, cb*sa*sc, ca*sa*sc, cc*sd*sc, sb*sd*sc, cb*sd*sc, ca*sd*sc, sb*cc*sc, cb*cc*sc, ca*cc*sc, sb**2*sc, cb*sb*sc, ca*sb*sc, ca*cb*sc, cd**3, sa*cd**2, sd*cd**2, sb*cd**2, cb*cd**2, ca*cd**2, sa**2*cd, sd*sa*cd, sb*sa*cd, cb*sa*cd, ca*sa*cd, sb*sd*cd, cb*sd*cd, ca*sd*cd, sb**2*cd, cb*sb*cd, ca*sb*cd, ca*cb*cd, sa**3, sd*sa**2, cc*sa**2, sb*sa**2, cb*sa**2, ca*sa**2, cc*sd*sa, sb*sd*sa, cb*sd*sa, ca*sd*sa, sb*cc*sa, cb*cc*sa, ca*cc*sa, sb**2*sa, cb*sb*sa, ca*sb*sa, ca*cb*sa, sb*cc*sd, cb*cc*sd, ca*cc*sd, sb**2*sd, cb*sb*sd, ca*sb*sd, ca*cb*sd, sb**2*cc, cb*sb*cc, ca*sb*cc, ca*cb*cc, sb**3, cb*sb**2, ca*sb**2, ca*cb*sb, sc**4, cd*sc**3, sa*sc**3, sd*sc**3, cc*sc**3, sb*sc**3, cb*sc**3, ca*sc**3, sa*cd*sc**2, sb*cd*sc**2, cb*cd*sc**2, ca*cd*sc**2, sa**2*sc**2, sd*sa*sc**2, cc*sa*sc**2, sb*sa*sc**2;['ca', 'cb', 'sb', 'cc', 'sd', 'sa', 'cd', 'sc']
695;sc;sc_sd_cb_sa_cd_ca_cc_sb;775.3064359269338;6482;1458.72265625;sa**2, cb**2, sd**2, sc*sd, sc**2, cd*ca*sb, sa*ca*sb, cb*ca*sb, sd*ca*sb, sc*ca*sb, cd**2*sb, sa*cd*sb, cb*cd*sb, sd*cd*sb, sc*cd*sb, cb*sa*sb, sd*sa*sb, sc*sa*sb, sd*cb*sb, sc*cb*sb, cc**3, ca*cc**2, cd*cc**2, sa*cc**2, cb*cc**2, sd*cc**2, sc*cc**2, ca**2*cc, cd*ca*cc, sa*ca*cc, cb*ca*cc, sd*ca*cc, sc*ca*cc, cd**2*cc, sa*cd*cc, cb*cd*cc, sd*cd*cc, sc*cd*cc, cb*sa*cc, sd*sa*cc, sc*sa*cc, sd*cb*cc, sc*cb*cc, ca**3, cd*ca**2, sa*ca**2, cb*ca**2, sd*ca**2, sc*ca**2, cd**2*ca, sa*cd*ca, cb*cd*ca, sd*cd*ca, sc*cd*ca, cb*sa*ca, sd*sa*ca, sc*sa*ca, sd*cb*ca, sc*cb*ca, cd**3, sa*cd**2, cb*cd**2, sd*cd**2, sc*cd**2, cb*sa*cd, sd*sa*cd, sc*sa*cd, sd*cb*cd, sc*cb*cd, sd*cb*sa, sc*cb*sa, sb**4, cc*sb**3, ca*sb**3, cd*sb**3, sa*sb**3, cb*sb**3, sd*sb**3, sc*sb**3, cc**2*sb**2, ca*cc*sb**2, cd*cc*sb**2, sa*cc*sb**2, cb*cc*sb**2, sd*cc*sb**2, sc*cc*sb**2, ca**2*sb**2;['sc', 'sd', 'cb', 'sa', 'cd', 'ca', 'cc', 'sb']
696;sb;sb_cd_cb_sc_ca_sd_sa_cc;539.5648985180305;5964;1458.72265625;sc*sd, ca**2, sc**2, cd**2, sb**2, sd**2*cc, cb*sd*cc, cd*sd*cc, sb*sd*cc, sc*ca*cc, cb*ca*cc, cd*ca*cc, sb*ca*cc, cb*sc*cc, cd*sc*cc, sb*sc*cc, cb**2*cc, cd*cb*cc, sb*cb*cc, sb*cd*cc, sa**3, sd*sa**2, ca*sa**2, sc*sa**2, cb*sa**2, cd*sa**2, sb*sa**2, sd**2*sa, ca*sd*sa, cb*sd*sa, cd*sd*sa, sb*sd*sa, sc*ca*sa, cb*ca*sa, cd*ca*sa, sb*ca*sa, cb*sc*sa, cd*sc*sa, sb*sc*sa, cb**2*sa, cd*cb*sa, sb*cb*sa, sb*cd*sa, sd**3, ca*sd**2, cb*sd**2, cd*sd**2, sb*sd**2, cb*ca*sd, cd*ca*sd, sb*ca*sd, cb**2*sd, cd*cb*sd, sb*cb*sd, sb*cd*sd, cb*sc*ca, cd*sc*ca, sb*sc*ca, cb**2*ca, cd*cb*ca, sb*cb*ca, sb*cd*ca, cb**2*sc, cd*cb*sc, sb*cb*sc, sb*cd*sc, cb**3, cd*cb**2, sb*cb**2, sb*cd*cb, cc**4, sa*cc**3, sd*cc**3, ca*cc**3, sc*cc**3, cb*cc**3, cd*cc**3, sb*cc**3, sa**2*cc**2, sd*sa*cc**2, ca*sa*cc**2, sc*sa*cc**2, cb*sa*cc**2, cd*sa*cc**2, sb*sa*cc**2, ca*sd*cc**2;['sb', 'cd', 'cb', 'sc', 'ca', 'sd', 'sa', 'cc']
697;ca;ca_sd_cd_sc_cb_sa_sb_cc;472.7399779870175;6341;1458.72265625;cb**2, sc**2, sd*sc, sd**2, ca**2, cb*sa*cc, sc*sa*cc, cd*sa*cc, sd*sa*cc, ca*sa*cc, sc*cb*cc, cd*cb*cc, sd*cb*cc, ca*cb*cc, cd*sc*cc, ca*sc*cc, cd**2*cc, sd*cd*cc, ca*cd*cc, ca*sd*cc, sb**3, sa*sb**2, cb*sb**2, sc*sb**2, cd*sb**2, sd*sb**2, ca*sb**2, sa**2*sb, cb*sa*sb, sc*sa*sb, cd*sa*sb, sd*sa*sb, ca*sa*sb, sc*cb*sb, cd*cb*sb, sd*cb*sb, ca*cb*sb, cd*sc*sb, ca*sc*sb, cd**2*sb, sd*cd*sb, ca*cd*sb, ca*sd*sb, sa**3, cb*sa**2, sc*sa**2, cd*sa**2, sd*sa**2, ca*sa**2, sc*cb*sa, cd*cb*sa, sd*cb*sa, ca*cb*sa, cd*sc*sa, ca*sc*sa, cd**2*sa, sd*cd*sa, ca*cd*sa, ca*sd*sa, cd*sc*cb, ca*sc*cb, cd**2*cb, sd*cd*cb, ca*cd*cb, ca*sd*cb, cd**2*sc, ca*cd*sc, cd**3, sd*cd**2, ca*cd**2, ca*sd*cd, cc**4, sb*cc**3, sa*cc**3, cb*cc**3, sc*cc**3, cd*cc**3, sd*cc**3, ca*cc**3, sb**2*cc**2, sa*sb*cc**2, cb*sb*cc**2, sc*sb*cc**2, cd*sb*cc**2, sd*sb*cc**2, ca*sb*cc**2, sa**2*cc**2;['ca', 'sd', 'cd', 'sc', 'cb', 'sa', 'sb', 'cc']
698;ca;ca_sd_cd_sa_cc_sc_sb_cb;918.6593285689596;6137;1458.72265625;sb**2, cc**2, cd*cc, sd**2, ca**2, sa*sc*cb, cd*sc*cb, sd*sc*cb, ca*sc*cb, sa*cc*cb, sd*cc*cb, ca*cc*cb, sa**2*cb, cd*sa*cb, sd*sa*cb, ca*sa*cb, cd**2*cb, sd*cd*cb, ca*cd*cb, ca*sd*cb, sc**2*sb, cc*sc*sb, sa*sc*sb, cd*sc*sb, sd*sc*sb, ca*sc*sb, sa*cc*sb, sd*cc*sb, ca*cc*sb, sa**2*sb, cd*sa*sb, sd*sa*sb, ca*sa*sb, cd**2*sb, sd*cd*sb, ca*cd*sb, ca*sd*sb, sc**3, cc*sc**2, sa*sc**2, cd*sc**2, sd*sc**2, ca*sc**2, sa*cc*sc, sd*cc*sc, ca*cc*sc, sa**2*sc, cd*sa*sc, sd*sa*sc, ca*sa*sc, cd**2*sc, sd*cd*sc, ca*cd*sc, ca*sd*sc, sa**2*cc, sd*sa*cc, ca*sa*cc, ca*sd*cc, sa**3, cd*sa**2, sd*sa**2, ca*sa**2, cd**2*sa, sd*cd*sa, ca*cd*sa, ca*sd*sa, cd**3, sd*cd**2, ca*cd**2, ca*sd*cd, cb**4, sb*cb**3, sc*cb**3, cc*cb**3, sa*cb**3, cd*cb**3, sd*cb**3, ca*cb**3, sc*sb*cb**2, cc*sb*cb**2, sa*sb*cb**2, cd*sb*cb**2, sd*sb*cb**2, ca*sb*cb**2, sc**2*cb**2, cc*sc*cb**2;['ca', 'sd', 'cd', 'sa', 'cc', 'sc', 'sb', 'cb']
699;ca;ca_cc_sd_sa_sb_cd_sc_cb;1314.3188991029747;5910;1458.72265625;cc*cd, sb**2, sd**2, cc**2, ca**2, sb*cd*cb, sa*cd*cb, sd*cd*cb, ca*cd*cb, sa*sb*cb, sd*sb*cb, cc*sb*cb, ca*sb*cb, sa**2*cb, sd*sa*cb, cc*sa*cb, ca*sa*cb, cc*sd*cb, ca*sd*cb, ca*cc*cb, sc**3, cd*sc**2, sb*sc**2, sa*sc**2, sd*sc**2, cc*sc**2, ca*sc**2, cd**2*sc, sb*cd*sc, sa*cd*sc, sd*cd*sc, ca*cd*sc, sa*sb*sc, sd*sb*sc, cc*sb*sc, ca*sb*sc, sa**2*sc, sd*sa*sc, cc*sa*sc, ca*sa*sc, cc*sd*sc, ca*sd*sc, ca*cc*sc, cd**3, sb*cd**2, sa*cd**2, sd*cd**2, ca*cd**2, sa*sb*cd, sd*sb*cd, ca*sb*cd, sa**2*cd, sd*sa*cd, ca*sa*cd, ca*sd*cd, sa**2*sb, sd*sa*sb, cc*sa*sb, ca*sa*sb, cc*sd*sb, ca*sd*sb, ca*cc*sb, sa**3, sd*sa**2, cc*sa**2, ca*sa**2, cc*sd*sa, ca*sd*sa, ca*cc*sa, ca*cc*sd, cb**4, sc*cb**3, cd*cb**3, sb*cb**3, sa*cb**3, sd*cb**3, cc*cb**3, ca*cb**3, sc**2*cb**2, cd*sc*cb**2, sb*sc*cb**2, sa*sc*cb**2, sd*sc*cb**2, cc*sc*cb**2, ca*sc*cb**2, cd**2*cb**2;['ca', 'cc', 'sd', 'sa', 'sb', 'cd', 'sc', 'cb']
700;sc;sc_cd_sd_sb_sa_ca_cb_cc;589.4619474450592;7135;1458.72265625;sa**2, sb**2, sc*sd, cd**2, sc**2, sa*ca*cc, sb*ca*cc, sd*ca*cc, cd*ca*cc, sc*ca*cc, sb*sa*cc, sd*sa*cc, cd*sa*cc, sc*sa*cc, sd*sb*cc, cd*sb*cc, sc*sb*cc, sd**2*cc, cd*sd*cc, sc*cd*cc, cb**3, ca*cb**2, sa*cb**2, sb*cb**2, sd*cb**2, cd*cb**2, sc*cb**2, ca**2*cb, sa*ca*cb, sb*ca*cb, sd*ca*cb, cd*ca*cb, sc*ca*cb, sb*sa*cb, sd*sa*cb, cd*sa*cb, sc*sa*cb, sd*sb*cb, cd*sb*cb, sc*sb*cb, sd**2*cb, cd*sd*cb, sc*cd*cb, ca**3, sa*ca**2, sb*ca**2, sd*ca**2, cd*ca**2, sc*ca**2, sb*sa*ca, sd*sa*ca, cd*sa*ca, sc*sa*ca, sd*sb*ca, cd*sb*ca, sc*sb*ca, sd**2*ca, cd*sd*ca, sc*cd*ca, sd*sb*sa, cd*sb*sa, sc*sb*sa, sd**2*sa, cd*sd*sa, sc*cd*sa, sd**2*sb, cd*sd*sb, sc*cd*sb, sd**3, cd*sd**2, cc**4, cb*cc**3, ca*cc**3, sa*cc**3, sb*cc**3, sd*cc**3, cd*cc**3, sc*cc**3, cb**2*cc**2, ca*cb*cc**2, sa*cb*cc**2, sb*cb*cc**2, sd*cb*cc**2, cd*cb*cc**2, sc*cb*cc**2, ca**2*cc**2;['sc', 'cd', 'sd', 'sb', 'sa', 'ca', 'cb', 'cc']
701;cc;cc_cb_sc_ca_sd_sa_sb_cd;410.8868846540572;5769;1458.72265625;sd**2, sc*sd, ca**2, cb**2, cc**2, sd*sa*cd, ca*sa*cd, sc*sa*cd, cb*sa*cd, cc*sa*cd, ca*sd*cd, cb*sd*cd, cc*sd*cd, sc*ca*cd, cb*ca*cd, cc*ca*cd, sc**2*cd, cb*sc*cd, cc*sc*cd, cc*cb*cd, sb**3, sa*sb**2, sd*sb**2, ca*sb**2, sc*sb**2, cb*sb**2, cc*sb**2, sa**2*sb, sd*sa*sb, ca*sa*sb, sc*sa*sb, cb*sa*sb, cc*sa*sb, ca*sd*sb, cb*sd*sb, cc*sd*sb, sc*ca*sb, cb*ca*sb, cc*ca*sb, sc**2*sb, cb*sc*sb, cc*sc*sb, cc*cb*sb, sa**3, sd*sa**2, ca*sa**2, sc*sa**2, cb*sa**2, cc*sa**2, ca*sd*sa, cb*sd*sa, cc*sd*sa, sc*ca*sa, cb*ca*sa, cc*ca*sa, sc**2*sa, cb*sc*sa, cc*sc*sa, cc*cb*sa, cb*ca*sd, cc*ca*sd, cc*cb*sd, sc**2*ca, cb*sc*ca, cc*sc*ca, cc*cb*ca, sc**3, cb*sc**2, cc*sc**2, cc*cb*sc, cd**4, sb*cd**3, sa*cd**3, sd*cd**3, ca*cd**3, sc*cd**3, cb*cd**3, cc*cd**3, sb**2*cd**2, sa*sb*cd**2, sd*sb*cd**2, ca*sb*cd**2, sc*sb*cd**2, cb*sb*cd**2, cc*sb*cd**2, sa**2*cd**2;['cc', 'cb', 'sc', 'ca', 'sd', 'sa', 'sb', 'cd']
702;cc;cc_sd_cd_sb_cb_ca_sa_sc;812.7622148939408;6978;1460.68359375;ca**2, sb**2, cc*cd, sd**2, cc**2, sb*ca*sc, cd*ca*sc, sd*ca*sc, cc*ca*sc, cb**2*sc, sb*cb*sc, cd*cb*sc, sd*cb*sc, cc*cb*sc, cd*sb*sc, sd*sb*sc, cc*sb*sc, cd**2*sc, sd*cd*sc, cc*sd*sc, sa**3, ca*sa**2, cb*sa**2, sb*sa**2, cd*sa**2, sd*sa**2, cc*sa**2, cb*ca*sa, sb*ca*sa, cd*ca*sa, sd*ca*sa, cc*ca*sa, cb**2*sa, sb*cb*sa, cd*cb*sa, sd*cb*sa, cc*cb*sa, cd*sb*sa, sd*sb*sa, cc*sb*sa, cd**2*sa, sd*cd*sa, cc*sd*sa, cb**2*ca, sb*cb*ca, cd*cb*ca, sd*cb*ca, cc*cb*ca, cd*sb*ca, sd*sb*ca, cc*sb*ca, cd**2*ca, sd*cd*ca, cc*sd*ca, cb**3, sb*cb**2, cd*cb**2, sd*cb**2, cc*cb**2, cd*sb*cb, sd*sb*cb, cc*sb*cb, cd**2*cb, sd*cd*cb, cc*sd*cb, cd**2*sb, sd*cd*sb, cc*sd*sb, cd**3, sd*cd**2, sc**4, sa*sc**3, ca*sc**3, cb*sc**3, sb*sc**3, cd*sc**3, sd*sc**3, cc*sc**3, sa**2*sc**2, ca*sa*sc**2, cb*sa*sc**2, sb*sa*sc**2, cd*sa*sc**2, sd*sa*sc**2, cc*sa*sc**2, cb*ca*sc**2;['cc', 'sd', 'cd', 'sb', 'cb', 'ca', 'sa', 'sc']
703;sb;sb_ca_sd_cb_cc_cd_sc_sa;902.4681479349965;6006;1460.68359375;cc*cd, cc**2, sd**2, ca**2, sb**2, cb*cd*sa, sd*cd*sa, ca*cd*sa, sb*cd*sa, cb*cc*sa, sd*cc*sa, ca*cc*sa, sb*cc*sa, cb**2*sa, sd*cb*sa, ca*cb*sa, sb*cb*sa, ca*sd*sa, sb*sd*sa, sb*ca*sa, sc**3, cd*sc**2, cc*sc**2, cb*sc**2, sd*sc**2, ca*sc**2, sb*sc**2, cd**2*sc, cb*cd*sc, sd*cd*sc, ca*cd*sc, sb*cd*sc, cb*cc*sc, sd*cc*sc, ca*cc*sc, sb*cc*sc, cb**2*sc, sd*cb*sc, ca*cb*sc, sb*cb*sc, ca*sd*sc, sb*sd*sc, sb*ca*sc, cd**3, cb*cd**2, sd*cd**2, ca*cd**2, sb*cd**2, cb**2*cd, sd*cb*cd, ca*cb*cd, sb*cb*cd, ca*sd*cd, sb*sd*cd, sb*ca*cd, cb**2*cc, sd*cb*cc, ca*cb*cc, sb*cb*cc, ca*sd*cc, sb*sd*cc, sb*ca*cc, cb**3, sd*cb**2, ca*cb**2, sb*cb**2, ca*sd*cb, sb*sd*cb, sb*ca*cb, sb*ca*sd, sa**4, sc*sa**3, cd*sa**3, cc*sa**3, cb*sa**3, sd*sa**3, ca*sa**3, sb*sa**3, sc**2*sa**2, cd*sc*sa**2, cc*sc*sa**2, cb*sc*sa**2, sd*sc*sa**2, ca*sc*sa**2, sb*sc*sa**2, cd**2*sa**2;['sb', 'ca', 'sd', 'cb', 'cc', 'cd', 'sc', 'sa']
704;cb;cb_cc_sd_ca_cd_sa_sb_sc;1902.667858324945;7091;1460.72265625;cc*cd, ca**2, sd**2, cc**2, cb**2, cd*sa*sc, ca*sa*sc, sd*sa*sc, cc*sa*sc, cb*sa*sc, cd**2*sc, ca*cd*sc, sd*cd*sc, cb*cd*sc, sd*ca*sc, cc*ca*sc, cb*ca*sc, cc*sd*sc, cb*sd*sc, cb*cc*sc, sb**3, sa*sb**2, cd*sb**2, ca*sb**2, sd*sb**2, cc*sb**2, cb*sb**2, sa**2*sb, cd*sa*sb, ca*sa*sb, sd*sa*sb, cc*sa*sb, cb*sa*sb, cd**2*sb, ca*cd*sb, sd*cd*sb, cb*cd*sb, sd*ca*sb, cc*ca*sb, cb*ca*sb, cc*sd*sb, cb*sd*sb, cb*cc*sb, sa**3, cd*sa**2, ca*sa**2, sd*sa**2, cc*sa**2, cb*sa**2, cd**2*sa, ca*cd*sa, sd*cd*sa, cb*cd*sa, sd*ca*sa, cc*ca*sa, cb*ca*sa, cc*sd*sa, cb*sd*sa, cb*cc*sa, cd**3, ca*cd**2, sd*cd**2, cb*cd**2, sd*ca*cd, cb*ca*cd, cb*sd*cd, cc*sd*ca, cb*sd*ca, cb*cc*ca, cb*cc*sd, sc**4, sb*sc**3, sa*sc**3, cd*sc**3, ca*sc**3, sd*sc**3, cc*sc**3, cb*sc**3, sb**2*sc**2, sa*sb*sc**2, cd*sb*sc**2, ca*sb*sc**2, sd*sb*sc**2, cc*sb*sc**2, cb*sb*sc**2, sa**2*sc**2;['cb', 'cc', 'sd', 'ca', 'cd', 'sa', 'sb', 'sc']
705;cc;cc_sd_ca_sb_sc_cb_sa_cd;430.5643250019057;5975;1460.72265625;sd*sc, sb**2, ca**2, sd**2, cc**2, sc*cb*cd, sb*cb*cd, ca*cb*cd, sd*cb*cd, cc*cb*cd, sc**2*cd, sb*sc*cd, ca*sc*cd, cc*sc*cd, ca*sb*cd, sd*sb*cd, cc*sb*cd, sd*ca*cd, cc*ca*cd, cc*sd*cd, sa**3, cb*sa**2, sc*sa**2, sb*sa**2, ca*sa**2, sd*sa**2, cc*sa**2, cb**2*sa, sc*cb*sa, sb*cb*sa, ca*cb*sa, sd*cb*sa, cc*cb*sa, sc**2*sa, sb*sc*sa, ca*sc*sa, cc*sc*sa, ca*sb*sa, sd*sb*sa, cc*sb*sa, sd*ca*sa, cc*ca*sa, cc*sd*sa, cb**3, sc*cb**2, sb*cb**2, ca*cb**2, sd*cb**2, cc*cb**2, sc**2*cb, sb*sc*cb, ca*sc*cb, cc*sc*cb, ca*sb*cb, sd*sb*cb, cc*sb*cb, sd*ca*cb, cc*ca*cb, cc*sd*cb, sc**3, sb*sc**2, ca*sc**2, cc*sc**2, ca*sb*sc, cc*sb*sc, cc*ca*sc, sd*ca*sb, cc*ca*sb, cc*sd*sb, cc*sd*ca, cd**4, sa*cd**3, cb*cd**3, sc*cd**3, sb*cd**3, ca*cd**3, sd*cd**3, cc*cd**3, sa**2*cd**2, cb*sa*cd**2, sc*sa*cd**2, sb*sa*cd**2, ca*sa*cd**2, sd*sa*cd**2, cc*sa*cd**2, cb**2*cd**2;['cc', 'sd', 'ca', 'sb', 'sc', 'cb', 'sa', 'cd']
706;ca;ca_cb_sb_cd_cc_sc_sd_sa;771.1523770060157;6360;1460.72265625;cc**2, cd*cc, cd**2, cb**2, ca**2, cc*sc*sa, cd*sc*sa, sb*sc*sa, cb*sc*sa, ca*sc*sa, sb*cc*sa, cb*cc*sa, ca*cc*sa, sb*cd*sa, cb*cd*sa, ca*cd*sa, sb**2*sa, cb*sb*sa, ca*sb*sa, ca*cb*sa, sd**3, sc*sd**2, cc*sd**2, cd*sd**2, sb*sd**2, cb*sd**2, ca*sd**2, sc**2*sd, cc*sc*sd, cd*sc*sd, sb*sc*sd, cb*sc*sd, ca*sc*sd, sb*cc*sd, cb*cc*sd, ca*cc*sd, sb*cd*sd, cb*cd*sd, ca*cd*sd, sb**2*sd, cb*sb*sd, ca*sb*sd, ca*cb*sd, sc**3, cc*sc**2, cd*sc**2, sb*sc**2, cb*sc**2, ca*sc**2, sb*cc*sc, cb*cc*sc, ca*cc*sc, sb*cd*sc, cb*cd*sc, ca*cd*sc, sb**2*sc, cb*sb*sc, ca*sb*sc, ca*cb*sc, sb**2*cc, cb*sb*cc, ca*sb*cc, ca*cb*cc, sb**2*cd, cb*sb*cd, ca*sb*cd, ca*cb*cd, sb**3, cb*sb**2, ca*sb**2, ca*cb*sb, sa**4, sd*sa**3, sc*sa**3, cc*sa**3, cd*sa**3, sb*sa**3, cb*sa**3, ca*sa**3, sd**2*sa**2, sc*sd*sa**2, cc*sd*sa**2, cd*sd*sa**2, sb*sd*sa**2, cb*sd*sa**2, ca*sd*sa**2, sc**2*sa**2;['ca', 'cb', 'sb', 'cd', 'cc', 'sc', 'sd', 'sa']
707;sc;sc_sa_ca_cd_sb_cc_cb_sd;466.6581940250471;5709;1460.72265625;cd*cc, sb**2, cd**2, sa**2, sc**2, cc**2*sd, ca*cc*sd, sa*cc*sd, sc*cc*sd, cd*sb*sd, ca*sb*sd, sa*sb*sd, sc*sb*sd, ca*cd*sd, sa*cd*sd, sc*cd*sd, ca**2*sd, sa*ca*sd, sc*ca*sd, sc*sa*sd, cb**3, cc*cb**2, sb*cb**2, cd*cb**2, ca*cb**2, sa*cb**2, sc*cb**2, cc**2*cb, sb*cc*cb, ca*cc*cb, sa*cc*cb, sc*cc*cb, cd*sb*cb, ca*sb*cb, sa*sb*cb, sc*sb*cb, ca*cd*cb, sa*cd*cb, sc*cd*cb, ca**2*cb, sa*ca*cb, sc*ca*cb, sc*sa*cb, cc**3, sb*cc**2, ca*cc**2, sa*cc**2, sc*cc**2, ca*sb*cc, sa*sb*cc, sc*sb*cc, ca**2*cc, sa*ca*cc, sc*ca*cc, sc*sa*cc, ca*cd*sb, sa*cd*sb, sc*cd*sb, ca**2*sb, sa*ca*sb, sc*ca*sb, sc*sa*sb, ca**2*cd, sa*ca*cd, sc*ca*cd, sc*sa*cd, ca**3, sa*ca**2, sc*ca**2, sc*sa*ca, sd**4, cb*sd**3, cc*sd**3, sb*sd**3, cd*sd**3, ca*sd**3, sa*sd**3, sc*sd**3, cb**2*sd**2, cc*cb*sd**2, sb*cb*sd**2, cd*cb*sd**2, ca*cb*sd**2, sa*cb*sd**2, sc*cb*sd**2, sb*cc*sd**2;['sc', 'sa', 'ca', 'cd', 'sb', 'cc', 'cb', 'sd']
708;sd;sd_cd_cb_cc_sc_ca_sb_sa;599.8674814470578;5492;1460.72265625;ca**2, cc**2, cd*cc, cb**2, sd**2, cc*ca*sa, cb*ca*sa, cd*ca*sa, sd*ca*sa, sc**2*sa, cc*sc*sa, cb*sc*sa, cd*sc*sa, sd*sc*sa, cb*cc*sa, sd*cc*sa, cd*cb*sa, sd*cb*sa, cd**2*sa, sd*cd*sa, sb**3, ca*sb**2, sc*sb**2, cc*sb**2, cb*sb**2, cd*sb**2, sd*sb**2, sc*ca*sb, cc*ca*sb, cb*ca*sb, cd*ca*sb, sd*ca*sb, sc**2*sb, cc*sc*sb, cb*sc*sb, cd*sc*sb, sd*sc*sb, cb*cc*sb, sd*cc*sb, cd*cb*sb, sd*cb*sb, cd**2*sb, sd*cd*sb, sc**2*ca, cc*sc*ca, cb*sc*ca, cd*sc*ca, sd*sc*ca, cb*cc*ca, sd*cc*ca, cd*cb*ca, sd*cb*ca, cd**2*ca, sd*cd*ca, sc**3, cc*sc**2, cb*sc**2, cd*sc**2, sd*sc**2, cb*cc*sc, sd*cc*sc, cd*cb*sc, sd*cb*sc, cd**2*sc, sd*cd*sc, sd*cb*cc, cd**2*cb, sd*cd*cb, cd**3, sd*cd**2, sa**4, sb*sa**3, ca*sa**3, sc*sa**3, cc*sa**3, cb*sa**3, cd*sa**3, sd*sa**3, sb**2*sa**2, ca*sb*sa**2, sc*sb*sa**2, cc*sb*sa**2, cb*sb*sa**2, cd*sb*sa**2, sd*sb*sa**2, sc*ca*sa**2;['sd', 'cd', 'cb', 'cc', 'sc', 'ca', 'sb', 'sa']
709;cb;cb_sa_sb_cc_sc_cd_sd_ca;1121.9734114098828;6352;1460.72265625;cd**2, cc*cd, cc**2, sa**2, cb**2, sb*cd*ca, sa*cd*ca, cb*cd*ca, sc**2*ca, cc*sc*ca, sb*sc*ca, sa*sc*ca, cb*sc*ca, sb*cc*ca, sa*cc*ca, cb*cc*ca, sb**2*ca, sa*sb*ca, cb*sb*ca, cb*sa*ca, sd**3, cd*sd**2, sc*sd**2, cc*sd**2, sb*sd**2, sa*sd**2, cb*sd**2, sc*cd*sd, sb*cd*sd, sa*cd*sd, cb*cd*sd, sc**2*sd, cc*sc*sd, sb*sc*sd, sa*sc*sd, cb*sc*sd, sb*cc*sd, sa*cc*sd, cb*cc*sd, sb**2*sd, sa*sb*sd, cb*sb*sd, cb*sa*sd, sc**2*cd, sb*sc*cd, sa*sc*cd, cb*sc*cd, sb**2*cd, sa*sb*cd, cb*sb*cd, cb*sa*cd, sc**3, cc*sc**2, sb*sc**2, sa*sc**2, cb*sc**2, sb*cc*sc, sa*cc*sc, cb*cc*sc, sb**2*sc, sa*sb*sc, cb*sb*sc, cb*sa*sc, sb**2*cc, sa*sb*cc, cb*sb*cc, cb*sa*cc, sb**3, sa*sb**2, cb*sb**2, cb*sa*sb, ca**4, sd*ca**3, cd*ca**3, sc*ca**3, cc*ca**3, sb*ca**3, sa*ca**3, cb*ca**3, sd**2*ca**2, cd*sd*ca**2, sc*sd*ca**2, cc*sd*ca**2, sb*sd*ca**2, sa*sd*ca**2, cb*sd*ca**2, sc*cd*ca**2;['cb', 'sa', 'sb', 'cc', 'sc', 'cd', 'sd', 'ca']
710;cb;cb_sc_sb_sa_ca_cc_cd_sd;386.81489144894294;4826;1459.73828125;cd**2, cc*cd, sa**2, sc**2, cb**2, sc*cd*sd, cc**2*sd, sc*cc*sd, ca**2*sd, sa*ca*sd, sb*ca*sd, sc*ca*sd, cb*ca*sd, sb*sa*sd, sc*sa*sd, cb*sa*sd, sb**2*sd, sc*sb*sd, cb*sb*sd, cb*sc*sd, ca**2*cd, sa*ca*cd, sb*ca*cd, sc*ca*cd, cb*ca*cd, sb*sa*cd, sc*sa*cd, cb*sa*cd, sb**2*cd, sc*sb*cd, cb*sb*cd, cb*sc*cd, cc**3, ca*cc**2, sa*cc**2, sb*cc**2, sc*cc**2, cb*cc**2, ca**2*cc, sa*ca*cc, sb*ca*cc, sc*ca*cc, cb*ca*cc, sb*sa*cc, sc*sa*cc, cb*sa*cc, sb**2*cc, sc*sb*cc, cb*sb*cc, cb*sc*cc, ca**3, sa*ca**2, sb*ca**2, sc*ca**2, cb*ca**2, sb*sa*ca, sc*sa*ca, cb*sa*ca, sb**2*ca, sc*sb*ca, cb*sb*ca, cb*sc*ca, sb**2*sa, sc*sb*sa, cb*sb*sa, cb*sc*sa, sb**3, sc*sb**2, cb*sb**2, cb*sc*sb, sd**4, cd*sd**3, cc*sd**3, ca*sd**3, sa*sd**3, sb*sd**3, sc*sd**3, cb*sd**3, ca*cd*sd**2, sa*cd*sd**2, sb*cd*sd**2, cb*cd*sd**2, ca*cc*sd**2, sa*cc*sd**2, sb*cc*sd**2, cb*cc*sd**2;['cb', 'sc', 'sb', 'sa', 'ca', 'cc', 'cd', 'sd']
711;sb;sb_sc_cb_sd_cc_ca_sa_cd;430.6123564520385;6165;1458.75390625;ca**2, sd**2, sc*sd, sc**2, sb**2, sd*ca*cd, cb*ca*cd, sc*ca*cd, sb*ca*cd, cc**2*cd, sd*cc*cd, cb*cc*cd, sc*cc*cd, sb*cc*cd, cb*sd*cd, sb*sd*cd, cb**2*cd, sc*cb*cd, sb*cb*cd, sb*sc*cd, sa**3, ca*sa**2, cc*sa**2, sd*sa**2, cb*sa**2, sc*sa**2, sb*sa**2, cc*ca*sa, sd*ca*sa, cb*ca*sa, sc*ca*sa, sb*ca*sa, cc**2*sa, sd*cc*sa, cb*cc*sa, sc*cc*sa, sb*cc*sa, cb*sd*sa, sb*sd*sa, cb**2*sa, sc*cb*sa, sb*cb*sa, sb*sc*sa, cc**2*ca, sd*cc*ca, cb*cc*ca, sc*cc*ca, sb*cc*ca, cb*sd*ca, sb*sd*ca, cb**2*ca, sc*cb*ca, sb*cb*ca, sb*sc*ca, cc**3, sd*cc**2, cb*cc**2, sc*cc**2, sb*cc**2, cb*sd*cc, sb*sd*cc, cb**2*cc, sc*cb*cc, sb*cb*cc, sb*sc*cc, cb**2*sd, sb*cb*sd, cb**3, sc*cb**2, sb*cb**2, sb*sc*cb, cd**4, sa*cd**3, ca*cd**3, cc*cd**3, sd*cd**3, cb*cd**3, sc*cd**3, sb*cd**3, sa**2*cd**2, ca*sa*cd**2, cc*sa*cd**2, sd*sa*cd**2, cb*sa*cd**2, sc*sa*cd**2, sb*sa*cd**2, cc*ca*cd**2;['sb', 'sc', 'cb', 'sd', 'cc', 'ca', 'sa', 'cd']
712;sd;sd_cd_ca_cc_sb_sc_cb_sa;363.0841567160096;5114;1458.75390625;sb**2, cc**2, cd*cc, ca**2, sd**2, sb*sc*sa, cc*sc*sa, ca*sc*sa, cd*sc*sa, sd*sc*sa, cc*sb*sa, ca*sb*sa, cd*sb*sa, sd*sb*sa, ca*cc*sa, sd*cc*sa, cd*ca*sa, sd*ca*sa, cd**2*sa, sd*cd*sa, cb**3, sc*cb**2, sb*cb**2, cc*cb**2, ca*cb**2, cd*cb**2, sd*cb**2, sc**2*cb, sb*sc*cb, cc*sc*cb, ca*sc*cb, cd*sc*cb, sd*sc*cb, cc*sb*cb, ca*sb*cb, cd*sb*cb, sd*sb*cb, ca*cc*cb, sd*cc*cb, cd*ca*cb, sd*ca*cb, cd**2*cb, sd*cd*cb, sc**3, sb*sc**2, cc*sc**2, ca*sc**2, cd*sc**2, sd*sc**2, cc*sb*sc, ca*sb*sc, cd*sb*sc, sd*sb*sc, ca*cc*sc, sd*cc*sc, cd*ca*sc, sd*ca*sc, cd**2*sc, sd*cd*sc, ca*cc*sb, sd*cc*sb, cd*ca*sb, sd*ca*sb, cd**2*sb, sd*cd*sb, sd*ca*cc, cd**2*ca, sd*cd*ca, cd**3, sd*cd**2, sa**4, cb*sa**3, sc*sa**3, sb*sa**3, cc*sa**3, ca*sa**3, cd*sa**3, sd*sa**3, cb**2*sa**2, sc*cb*sa**2, sb*cb*sa**2, cc*cb*sa**2, ca*cb*sa**2, cd*cb*sa**2, sd*cb*sa**2, sc**2*sa**2;['sd', 'cd', 'ca', 'cc', 'sb', 'sc', 'cb', 'sa']
713;sd;sd_cb_sa_sb_sc_cc_cd_ca;1767.0836930959485;6655;1458.75390625;sc**2, sd*sc, sa**2, cb**2, sd**2, sc*cc*ca, sb*cc*ca, sa*cc*ca, cb*cc*ca, sd*cc*ca, sb*sc*ca, sa*sc*ca, cb*sc*ca, sb**2*ca, sa*sb*ca, cb*sb*ca, sd*sb*ca, cb*sa*ca, sd*sa*ca, sd*cb*ca, cd**3, cc*cd**2, sc*cd**2, sb*cd**2, sa*cd**2, cb*cd**2, sd*cd**2, cc**2*cd, sc*cc*cd, sb*cc*cd, sa*cc*cd, cb*cc*cd, sd*cc*cd, sb*sc*cd, sa*sc*cd, cb*sc*cd, sb**2*cd, sa*sb*cd, cb*sb*cd, sd*sb*cd, cb*sa*cd, sd*sa*cd, sd*cb*cd, cc**3, sc*cc**2, sb*cc**2, sa*cc**2, cb*cc**2, sd*cc**2, sb*sc*cc, sa*sc*cc, cb*sc*cc, sb**2*cc, sa*sb*cc, cb*sb*cc, sd*sb*cc, cb*sa*cc, sd*sa*cc, sd*cb*cc, sb**2*sc, sa*sb*sc, cb*sb*sc, cb*sa*sc, sb**3, sa*sb**2, cb*sb**2, sd*sb**2, cb*sa*sb, sd*sa*sb, sd*cb*sb, sd*cb*sa, ca**4, cd*ca**3, cc*ca**3, sc*ca**3, sb*ca**3, sa*ca**3, cb*ca**3, sd*ca**3, cd**2*ca**2, cc*cd*ca**2, sc*cd*ca**2, sb*cd*ca**2, sa*cd*ca**2, cb*cd*ca**2, sd*cd*ca**2, cc**2*ca**2;['sd', 'cb', 'sa', 'sb', 'sc', 'cc', 'cd', 'ca']
714;cd;cd_ca_sa_cc_sd_sb_cb_sc;452.4644495220855;5833;1458.75390625;sb**2, cc**2, cd*cc, ca**2, cd**2, cc*sb*sc, sa*sb*sc, ca*sb*sc, cd*sb*sc, sd**2*sc, cc*sd*sc, sa*sd*sc, ca*sd*sc, cd*sd*sc, sa*cc*sc, ca*cc*sc, sa**2*sc, ca*sa*sc, cd*sa*sc, cd*ca*sc, cb**3, sb*cb**2, sd*cb**2, cc*cb**2, sa*cb**2, ca*cb**2, cd*cb**2, sd*sb*cb, cc*sb*cb, sa*sb*cb, ca*sb*cb, cd*sb*cb, sd**2*cb, cc*sd*cb, sa*sd*cb, ca*sd*cb, cd*sd*cb, sa*cc*cb, ca*cc*cb, sa**2*cb, ca*sa*cb, cd*sa*cb, cd*ca*cb, sd**2*sb, cc*sd*sb, sa*sd*sb, ca*sd*sb, cd*sd*sb, sa*cc*sb, ca*cc*sb, sa**2*sb, ca*sa*sb, cd*sa*sb, cd*ca*sb, sd**3, cc*sd**2, sa*sd**2, ca*sd**2, cd*sd**2, sa*cc*sd, ca*cc*sd, sa**2*sd, ca*sa*sd, cd*sa*sd, cd*ca*sd, sa**2*cc, ca*sa*cc, sa**3, ca*sa**2, cd*sa**2, cd*ca*sa, sc**4, cb*sc**3, sb*sc**3, sd*sc**3, cc*sc**3, sa*sc**3, ca*sc**3, cd*sc**3, cb**2*sc**2, sb*cb*sc**2, sd*cb*sc**2, cc*cb*sc**2, sa*cb*sc**2, ca*cb*sc**2, cd*cb*sc**2, sd*sb*sc**2;['cd', 'ca', 'sa', 'cc', 'sd', 'sb', 'cb', 'sc']
715;sa;sa_cc_ca_cb_cd_sb_sc_sd;440.1280409810133;5318;1458.75390625;cd**2, cc*cd, cb**2, cc**2, sa**2, sc**2*sd, cd*sc*sd, cc*sc*sd, cc*sb*sd, sa*sb*sd, cb*cd*sd, ca*cd*sd, sa*cd*sd, ca*cb*sd, cc*cb*sd, sa*cb*sd, ca**2*sd, cc*ca*sd, sa*ca*sd, sa*cc*sd, sc**3, sb*sc**2, cd*sc**2, cb*sc**2, ca*sc**2, cc*sc**2, sa*sc**2, sb**2*sc, cd*sb*sc, cb*sb*sc, ca*sb*sc, cc*sb*sc, sa*sb*sc, cb*cd*sc, ca*cd*sc, sa*cd*sc, ca*cb*sc, cc*cb*sc, sa*cb*sc, ca**2*sc, cc*ca*sc, sa*ca*sc, sa*cc*sc, sb**3, cd*sb**2, cb*sb**2, ca*sb**2, cc*sb**2, sa*sb**2, cb*cd*sb, ca*cd*sb, sa*cd*sb, ca*cb*sb, cc*cb*sb, sa*cb*sb, ca**2*sb, cc*ca*sb, sa*ca*sb, sa*cc*sb, ca*cb*cd, sa*cb*cd, ca**2*cd, sa*ca*cd, ca**2*cb, cc*ca*cb, sa*ca*cb, sa*cc*cb, ca**3, cc*ca**2, sa*ca**2, sa*cc*ca, sd**4, sc*sd**3, sb*sd**3, cd*sd**3, cb*sd**3, ca*sd**3, cc*sd**3, sa*sd**3, sb*sc*sd**2, cb*sc*sd**2, ca*sc*sd**2, sa*sc*sd**2, sb**2*sd**2, cd*sb*sd**2, cb*sb*sd**2, ca*sb*sd**2;['sa', 'cc', 'ca', 'cb', 'cd', 'sb', 'sc', 'sd']
716;sa;sa_cd_sc_cc_cb_sb_ca_sd;1103.505275110947;7246;1458.75390625;cb**2, cd*cc, sc**2, cd**2, sa**2, cb*sb*sd, cc*sb*sd, sc*sb*sd, cd*sb*sd, sa*sb*sd, cc*cb*sd, sc*cb*sd, cd*cb*sd, sa*cb*sd, cc**2*sd, sc*cc*sd, sa*cc*sd, cd*sc*sd, sa*sc*sd, sa*cd*sd, ca**3, sb*ca**2, cb*ca**2, cc*ca**2, sc*ca**2, cd*ca**2, sa*ca**2, sb**2*ca, cb*sb*ca, cc*sb*ca, sc*sb*ca, cd*sb*ca, sa*sb*ca, cc*cb*ca, sc*cb*ca, cd*cb*ca, sa*cb*ca, cc**2*ca, sc*cc*ca, sa*cc*ca, cd*sc*ca, sa*sc*ca, sa*cd*ca, sb**3, cb*sb**2, cc*sb**2, sc*sb**2, cd*sb**2, sa*sb**2, cc*cb*sb, sc*cb*sb, cd*cb*sb, sa*cb*sb, cc**2*sb, sc*cc*sb, sa*cc*sb, cd*sc*sb, sa*sc*sb, sa*cd*sb, cc**2*cb, sc*cc*cb, sa*cc*cb, cd*sc*cb, sa*sc*cb, sa*cd*cb, cc**3, sc*cc**2, sa*cc**2, sa*sc*cc, sa*cd*sc, sd**4, ca*sd**3, sb*sd**3, cb*sd**3, cc*sd**3, sc*sd**3, cd*sd**3, sa*sd**3, ca**2*sd**2, sb*ca*sd**2, cb*ca*sd**2, cc*ca*sd**2, sc*ca*sd**2, cd*ca*sd**2, sa*ca*sd**2, sb**2*sd**2;['sa', 'cd', 'sc', 'cc', 'cb', 'sb', 'ca', 'sd']
717;sa;sa_sd_ca_cb_cc_cd_sc_sb;673.3987926358823;5957;1458.75390625;cc*cd, cc**2, cb**2, sd**2, sa**2, cb*cd*sb, ca*cd*sb, sd*cd*sb, sa*cd*sb, cb*cc*sb, ca*cc*sb, sd*cc*sb, sa*cc*sb, ca*cb*sb, sd*cb*sb, sa*cb*sb, ca**2*sb, sd*ca*sb, sa*ca*sb, sa*sd*sb, sc**3, cd*sc**2, cc*sc**2, cb*sc**2, ca*sc**2, sd*sc**2, sa*sc**2, cd**2*sc, cb*cd*sc, ca*cd*sc, sd*cd*sc, sa*cd*sc, cb*cc*sc, ca*cc*sc, sd*cc*sc, sa*cc*sc, ca*cb*sc, sd*cb*sc, sa*cb*sc, ca**2*sc, sd*ca*sc, sa*ca*sc, sa*sd*sc, cd**3, cb*cd**2, ca*cd**2, sd*cd**2, sa*cd**2, ca*cb*cd, sd*cb*cd, sa*cb*cd, ca**2*cd, sd*ca*cd, sa*ca*cd, sa*sd*cd, ca*cb*cc, sd*cb*cc, sa*cb*cc, ca**2*cc, sd*ca*cc, sa*ca*cc, sa*sd*cc, ca**2*cb, sd*ca*cb, sa*ca*cb, sa*sd*cb, ca**3, sd*ca**2, sa*ca**2, sa*sd*ca, sb**4, sc*sb**3, cd*sb**3, cc*sb**3, cb*sb**3, ca*sb**3, sd*sb**3, sa*sb**3, sc**2*sb**2, cd*sc*sb**2, cc*sc*sb**2, cb*sc*sb**2, ca*sc*sb**2, sd*sc*sb**2, sa*sc*sb**2, cd**2*sb**2;['sa', 'sd', 'ca', 'cb', 'cc', 'cd', 'sc', 'sb']
718;cd;cd_cc_ca_sb_cb_sc_sd_sa;843.1759565209504;6280;1458.75390625;sb**2, ca**2, cc**2, cd*cc, cd**2, cb*sc*sa, sb*sc*sa, ca*sc*sa, cc*sc*sa, cd*sc*sa, cb**2*sa, sb*cb*sa, ca*cb*sa, cc*cb*sa, cd*cb*sa, ca*sb*sa, cc*sb*sa, cd*sb*sa, cc*ca*sa, cd*ca*sa, sd**3, sc*sd**2, cb*sd**2, sb*sd**2, ca*sd**2, cc*sd**2, cd*sd**2, sc**2*sd, cb*sc*sd, sb*sc*sd, ca*sc*sd, cc*sc*sd, cd*sc*sd, cb**2*sd, sb*cb*sd, ca*cb*sd, cc*cb*sd, cd*cb*sd, ca*sb*sd, cc*sb*sd, cd*sb*sd, cc*ca*sd, cd*ca*sd, sc**3, cb*sc**2, sb*sc**2, ca*sc**2, cc*sc**2, cd*sc**2, cb**2*sc, sb*cb*sc, ca*cb*sc, cc*cb*sc, cd*cb*sc, ca*sb*sc, cc*sb*sc, cd*sb*sc, cc*ca*sc, cd*ca*sc, cb**3, sb*cb**2, ca*cb**2, cc*cb**2, cd*cb**2, ca*sb*cb, cc*sb*cb, cd*sb*cb, cc*ca*cb, cd*ca*cb, cc*ca*sb, cd*ca*sb, sa**4, sd*sa**3, sc*sa**3, cb*sa**3, sb*sa**3, ca*sa**3, cc*sa**3, cd*sa**3, sd**2*sa**2, sc*sd*sa**2, cb*sd*sa**2, sb*sd*sa**2, ca*sd*sa**2, cc*sd*sa**2, cd*sd*sa**2, sc**2*sa**2;['cd', 'cc', 'ca', 'sb', 'cb', 'sc', 'sd', 'sa']
719;sc;sc_sd_sb_cc_ca_sa_cb_cd;661.4352902928367;6669;1458.75390625;ca**2, sb**2, sd**2, sc*sd, sc**2, ca*sa*cd, cc*sa*cd, sb*sa*cd, sd*sa*cd, sc*sa*cd, cc*ca*cd, sb*ca*cd, sd*ca*cd, sc*ca*cd, cc**2*cd, sb*cc*cd, sd*cc*cd, sc*cc*cd, sd*sb*cd, sc*sb*cd, cb**3, sa*cb**2, ca*cb**2, cc*cb**2, sb*cb**2, sd*cb**2, sc*cb**2, sa**2*cb, ca*sa*cb, cc*sa*cb, sb*sa*cb, sd*sa*cb, sc*sa*cb, cc*ca*cb, sb*ca*cb, sd*ca*cb, sc*ca*cb, cc**2*cb, sb*cc*cb, sd*cc*cb, sc*cc*cb, sd*sb*cb, sc*sb*cb, sa**3, ca*sa**2, cc*sa**2, sb*sa**2, sd*sa**2, sc*sa**2, cc*ca*sa, sb*ca*sa, sd*ca*sa, sc*ca*sa, cc**2*sa, sb*cc*sa, sd*cc*sa, sc*cc*sa, sd*sb*sa, sc*sb*sa, cc**2*ca, sb*cc*ca, sd*cc*ca, sc*cc*ca, sd*sb*ca, sc*sb*ca, cc**3, sb*cc**2, sd*cc**2, sc*cc**2, sd*sb*cc, sc*sb*cc, cd**4, cb*cd**3, sa*cd**3, ca*cd**3, cc*cd**3, sb*cd**3, sd*cd**3, sc*cd**3, cb**2*cd**2, sa*cb*cd**2, ca*cb*cd**2, cc*cb*cd**2, sb*cb*cd**2, sd*cb*cd**2, sc*cb*cd**2, sa**2*cd**2;['sc', 'sd', 'sb', 'cc', 'ca', 'sa', 'cb', 'cd']
720;cb;cb_sc_sa_ca_cd_sb_sd_cc;603.7511652901303;5328;1458.75390625;sc*sd, cd**2, sa**2, sc**2, cb**2, sd**2*cc, cd*sd*cc, sc*sb*cc, cb*sb*cc, ca*cd*cc, sa*cd*cc, sc*cd*cc, cb*cd*cc, ca**2*cc, sa*ca*cc, sc*ca*cc, cb*ca*cc, sc*sa*cc, cb*sa*cc, cb*sc*cc, sd**3, sb*sd**2, cd*sd**2, ca*sd**2, sa*sd**2, cb*sd**2, sb**2*sd, cd*sb*sd, ca*sb*sd, sa*sb*sd, cb*sb*sd, ca*cd*sd, sa*cd*sd, cb*cd*sd, ca**2*sd, sa*ca*sd, cb*ca*sd, cb*sa*sd, sb**3, cd*sb**2, ca*sb**2, sa*sb**2, sc*sb**2, cb*sb**2, ca*cd*sb, sa*cd*sb, sc*cd*sb, cb*cd*sb, ca**2*sb, sa*ca*sb, sc*ca*sb, cb*ca*sb, sc*sa*sb, cb*sa*sb, cb*sc*sb, ca**2*cd, sa*ca*cd, sc*ca*cd, cb*ca*cd, sc*sa*cd, cb*sa*cd, cb*sc*cd, ca**3, sa*ca**2, sc*ca**2, cb*ca**2, sc*sa*ca, cb*sa*ca, cb*sc*ca, cb*sc*sa, cc**4, sd*cc**3, sb*cc**3, cd*cc**3, ca*cc**3, sa*cc**3, sc*cc**3, cb*cc**3, sb*sd*cc**2, ca*sd*cc**2, sa*sd*cc**2, cb*sd*cc**2, sb**2*cc**2, cd*sb*cc**2, ca*sb*cc**2, sa*sb*cc**2;['cb', 'sc', 'sa', 'ca', 'cd', 'sb', 'sd', 'cc']
721;cd;cd_cc_ca_cb_sd_sb_sa_sc;598.4258359258529;6808;1458.75390625;cb**2, ca**2, cc**2, cd*cc, cd**2, sd*sb*sc, cb*sb*sc, ca*sb*sc, cc*sb*sc, cd*sb*sc, sd**2*sc, cb*sd*sc, ca*sd*sc, cc*sd*sc, cd*sd*sc, ca*cb*sc, cc*cb*sc, cd*cb*sc, cc*ca*sc, cd*ca*sc, sa**3, sb*sa**2, sd*sa**2, cb*sa**2, ca*sa**2, cc*sa**2, cd*sa**2, sb**2*sa, sd*sb*sa, cb*sb*sa, ca*sb*sa, cc*sb*sa, cd*sb*sa, sd**2*sa, cb*sd*sa, ca*sd*sa, cc*sd*sa, cd*sd*sa, ca*cb*sa, cc*cb*sa, cd*cb*sa, cc*ca*sa, cd*ca*sa, sb**3, sd*sb**2, cb*sb**2, ca*sb**2, cc*sb**2, cd*sb**2, sd**2*sb, cb*sd*sb, ca*sd*sb, cc*sd*sb, cd*sd*sb, ca*cb*sb, cc*cb*sb, cd*cb*sb, cc*ca*sb, cd*ca*sb, sd**3, cb*sd**2, ca*sd**2, cc*sd**2, cd*sd**2, ca*cb*sd, cc*cb*sd, cd*cb*sd, cc*ca*sd, cd*ca*sd, cc*ca*cb, cd*ca*cb, sc**4, sa*sc**3, sb*sc**3, sd*sc**3, cb*sc**3, ca*sc**3, cc*sc**3, cd*sc**3, sa**2*sc**2, sb*sa*sc**2, sd*sa*sc**2, cb*sa*sc**2, ca*sa*sc**2, cc*sa*sc**2, cd*sa*sc**2, sb**2*sc**2;['cd', 'cc', 'ca', 'cb', 'sd', 'sb', 'sa', 'sc']
722;cc;cc_sb_cd_sc_cb_ca_sa_sd;938.7198709680233;6957;1458.75390625;ca**2, cd**2, cc*cd, sb**2, cc**2, sc*ca*sd, cd*ca*sd, sb*ca*sd, cc*ca*sd, cb**2*sd, sc*cb*sd, cd*cb*sd, sb*cb*sd, cc*cb*sd, sc**2*sd, cd*sc*sd, sb*sc*sd, cc*sc*sd, sb*cd*sd, cc*sb*sd, sa**3, ca*sa**2, cb*sa**2, sc*sa**2, cd*sa**2, sb*sa**2, cc*sa**2, cb*ca*sa, sc*ca*sa, cd*ca*sa, sb*ca*sa, cc*ca*sa, cb**2*sa, sc*cb*sa, cd*cb*sa, sb*cb*sa, cc*cb*sa, sc**2*sa, cd*sc*sa, sb*sc*sa, cc*sc*sa, sb*cd*sa, cc*sb*sa, cb**2*ca, sc*cb*ca, cd*cb*ca, sb*cb*ca, cc*cb*ca, sc**2*ca, cd*sc*ca, sb*sc*ca, cc*sc*ca, sb*cd*ca, cc*sb*ca, cb**3, sc*cb**2, cd*cb**2, sb*cb**2, cc*cb**2, sc**2*cb, cd*sc*cb, sb*sc*cb, cc*sc*cb, sb*cd*cb, cc*sb*cb, sc**3, cd*sc**2, sb*sc**2, cc*sc**2, sb*cd*sc, cc*sb*sc, sd**4, sa*sd**3, ca*sd**3, cb*sd**3, sc*sd**3, cd*sd**3, sb*sd**3, cc*sd**3, sa**2*sd**2, ca*sa*sd**2, cb*sa*sd**2, sc*sa*sd**2, cd*sa*sd**2, sb*sa*sd**2, cc*sa*sd**2, cb*ca*sd**2;['cc', 'sb', 'cd', 'sc', 'cb', 'ca', 'sa', 'sd']
723;sa;sa_cb_cc_sc_cd_sb_sd_ca;622.5457917868625;6555;1458.75390625;cd**2, cc*cd, cc**2, cb**2, sa**2, cd*sb*ca, sc*sb*ca, cc*sb*ca, cb*sb*ca, sa*sb*ca, sc*cd*ca, cb*cd*ca, sa*cd*ca, sc**2*ca, cc*sc*ca, cb*sc*ca, sa*sc*ca, cb*cc*ca, sa*cc*ca, sa*cb*ca, sd**3, sb*sd**2, cd*sd**2, sc*sd**2, cc*sd**2, cb*sd**2, sa*sd**2, sb**2*sd, cd*sb*sd, sc*sb*sd, cc*sb*sd, cb*sb*sd, sa*sb*sd, sc*cd*sd, cb*cd*sd, sa*cd*sd, sc**2*sd, cc*sc*sd, cb*sc*sd, sa*sc*sd, cb*cc*sd, sa*cc*sd, sa*cb*sd, sb**3, cd*sb**2, sc*sb**2, cc*sb**2, cb*sb**2, sa*sb**2, sc*cd*sb, cb*cd*sb, sa*cd*sb, sc**2*sb, cc*sc*sb, cb*sc*sb, sa*sc*sb, cb*cc*sb, sa*cc*sb, sa*cb*sb, sc**2*cd, cb*sc*cd, sa*sc*cd, sa*cb*cd, sc**3, cc*sc**2, cb*sc**2, sa*sc**2, cb*cc*sc, sa*cc*sc, sa*cb*sc, sa*cb*cc, ca**4, sd*ca**3, sb*ca**3, cd*ca**3, sc*ca**3, cc*ca**3, cb*ca**3, sa*ca**3, sd**2*ca**2, sb*sd*ca**2, cd*sd*ca**2, sc*sd*ca**2, cc*sd*ca**2, cb*sd*ca**2, sa*sd*ca**2, sb**2*ca**2;['sa', 'cb', 'cc', 'sc', 'cd', 'sb', 'sd', 'ca']
724;sc;sc_cb_ca_cd_sb_cc_sa_sd;431.7072234139778;6173;1458.75390625;cd*cc, cd**2, ca**2, cb**2, sc**2, cc**2*sd, ca*cc*sd, cb*cc*sd, sc*cc*sd, sb**2*sd, cd*sb*sd, ca*sb*sd, cb*sb*sd, sc*sb*sd, ca*cd*sd, cb*cd*sd, sc*cd*sd, cb*ca*sd, sc*ca*sd, sc*cb*sd, sa**3, cc*sa**2, sb*sa**2, cd*sa**2, ca*sa**2, cb*sa**2, sc*sa**2, cc**2*sa, sb*cc*sa, ca*cc*sa, cb*cc*sa, sc*cc*sa, sb**2*sa, cd*sb*sa, ca*sb*sa, cb*sb*sa, sc*sb*sa, ca*cd*sa, cb*cd*sa, sc*cd*sa, cb*ca*sa, sc*ca*sa, sc*cb*sa, cc**3, sb*cc**2, ca*cc**2, cb*cc**2, sc*cc**2, sb**2*cc, ca*sb*cc, cb*sb*cc, sc*sb*cc, cb*ca*cc, sc*ca*cc, sc*cb*cc, sb**3, cd*sb**2, ca*sb**2, cb*sb**2, sc*sb**2, ca*cd*sb, cb*cd*sb, sc*cd*sb, cb*ca*sb, sc*ca*sb, sc*cb*sb, cb*ca*cd, sc*ca*cd, sc*cb*cd, sc*cb*ca, sd**4, sa*sd**3, cc*sd**3, sb*sd**3, cd*sd**3, ca*sd**3, cb*sd**3, sc*sd**3, sa**2*sd**2, cc*sa*sd**2, sb*sa*sd**2, cd*sa*sd**2, ca*sa*sd**2, cb*sa*sd**2, sc*sa*sd**2, sb*cc*sd**2;['sc', 'cb', 'ca', 'cd', 'sb', 'cc', 'sa', 'sd']
725;sd;sd_sb_cd_cb_sc_ca_sa_cc;966.7079729340039;6903;1458.75390625;ca**2, sc**2, sd*sc, sb**2, sd**2, cb*ca*cc, cd*ca*cc, sb*ca*cc, sd*ca*cc, cb*sc*cc, cd*sc*cc, sb*sc*cc, cb**2*cc, cd*cb*cc, sb*cb*cc, sd*cb*cc, cd**2*cc, sb*cd*cc, sd*cd*cc, sd*sb*cc, sa**3, ca*sa**2, sc*sa**2, cb*sa**2, cd*sa**2, sb*sa**2, sd*sa**2, sc*ca*sa, cb*ca*sa, cd*ca*sa, sb*ca*sa, sd*ca*sa, cb*sc*sa, cd*sc*sa, sb*sc*sa, cb**2*sa, cd*cb*sa, sb*cb*sa, sd*cb*sa, cd**2*sa, sb*cd*sa, sd*cd*sa, sd*sb*sa, cb*sc*ca, cd*sc*ca, sb*sc*ca, cb**2*ca, cd*cb*ca, sb*cb*ca, sd*cb*ca, cd**2*ca, sb*cd*ca, sd*cd*ca, sd*sb*ca, cb**2*sc, cd*cb*sc, sb*cb*sc, cd**2*sc, sb*cd*sc, cb**3, cd*cb**2, sb*cb**2, sd*cb**2, cd**2*cb, sb*cd*cb, sd*cd*cb, sd*sb*cb, cd**3, sb*cd**2, sd*cd**2, sd*sb*cd, cc**4, sa*cc**3, ca*cc**3, sc*cc**3, cb*cc**3, cd*cc**3, sb*cc**3, sd*cc**3, sa**2*cc**2, ca*sa*cc**2, sc*sa*cc**2, cb*sa*cc**2, cd*sa*cc**2, sb*sa*cc**2, sd*sa*cc**2, sc*ca*cc**2;['sd', 'sb', 'cd', 'cb', 'sc', 'ca', 'sa', 'cc']
726;cc;cc_sb_sa_sc_cd_sd_ca_cb;1164.7154710690957;6149;1458.75390625;cd**2, cc*cd, sa**2, sb**2, cc**2, cd*sd*cb, sc*sd*cb, sa*sd*cb, sb*sd*cb, cc*sd*cb, sc*cd*cb, sa*cd*cb, sb*cd*cb, sc**2*cb, sa*sc*cb, sb*sc*cb, cc*sc*cb, sb*sa*cb, cc*sa*cb, cc*sb*cb, ca**3, sd*ca**2, cd*ca**2, sc*ca**2, sa*ca**2, sb*ca**2, cc*ca**2, sd**2*ca, cd*sd*ca, sc*sd*ca, sa*sd*ca, sb*sd*ca, cc*sd*ca, sc*cd*ca, sa*cd*ca, sb*cd*ca, sc**2*ca, sa*sc*ca, sb*sc*ca, cc*sc*ca, sb*sa*ca, cc*sa*ca, cc*sb*ca, sd**3, cd*sd**2, sc*sd**2, sa*sd**2, sb*sd**2, cc*sd**2, sc*cd*sd, sa*cd*sd, sb*cd*sd, sc**2*sd, sa*sc*sd, sb*sc*sd, cc*sc*sd, sb*sa*sd, cc*sa*sd, cc*sb*sd, sc**2*cd, sa*sc*cd, sb*sc*cd, sb*sa*cd, sc**3, sa*sc**2, sb*sc**2, cc*sc**2, sb*sa*sc, cc*sa*sc, cc*sb*sc, cc*sb*sa, cb**4, ca*cb**3, sd*cb**3, cd*cb**3, sc*cb**3, sa*cb**3, sb*cb**3, cc*cb**3, ca**2*cb**2, sd*ca*cb**2, cd*ca*cb**2, sc*ca*cb**2, sa*ca*cb**2, sb*ca*cb**2, cc*ca*cb**2, sd**2*cb**2;['cc', 'sb', 'sa', 'sc', 'cd', 'sd', 'ca', 'cb']
727;cd;cd_sb_sc_cc_ca_sd_cb_sa;573.9437335007824;5188;1458.75390625;ca**2, cd*cc, sc**2, sb**2, cd**2, ca*sd*sa, cc*sd*sa, sc*sd*sa, sb*sd*sa, cd*sd*sa, cc*ca*sa, sc*ca*sa, sb*ca*sa, cd*ca*sa, cc**2*sa, sc*cc*sa, sb*cc*sa, sb*sc*sa, cd*sc*sa, cd*sb*sa, cb**3, sd*cb**2, ca*cb**2, cc*cb**2, sc*cb**2, sb*cb**2, cd*cb**2, sd**2*cb, ca*sd*cb, cc*sd*cb, sc*sd*cb, sb*sd*cb, cd*sd*cb, cc*ca*cb, sc*ca*cb, sb*ca*cb, cd*ca*cb, cc**2*cb, sc*cc*cb, sb*cc*cb, sb*sc*cb, cd*sc*cb, cd*sb*cb, sd**3, ca*sd**2, cc*sd**2, sc*sd**2, sb*sd**2, cd*sd**2, cc*ca*sd, sc*ca*sd, sb*ca*sd, cd*ca*sd, cc**2*sd, sc*cc*sd, sb*cc*sd, sb*sc*sd, cd*sc*sd, cd*sb*sd, cc**2*ca, sc*cc*ca, sb*cc*ca, sb*sc*ca, cd*sc*ca, cd*sb*ca, cc**3, sc*cc**2, sb*cc**2, sb*sc*cc, cd*sb*sc, sa**4, cb*sa**3, sd*sa**3, ca*sa**3, cc*sa**3, sc*sa**3, sb*sa**3, cd*sa**3, cb**2*sa**2, sd*cb*sa**2, ca*cb*sa**2, cc*cb*sa**2, sc*cb*sa**2, sb*cb*sa**2, cd*cb*sa**2, sd**2*sa**2;['cd', 'sb', 'sc', 'cc', 'ca', 'sd', 'cb', 'sa']
728;ca;ca_sd_sa_sc_cc_cb_cd_sb;2751.8796281069517;6135;1458.75390625;cb**2, sc**2, sd*sc, sd**2, ca**2, sc*cb*sb, sa*cb*sb, sd*cb*sb, ca*cb*sb, cc**2*sb, sc*cc*sb, sa*cc*sb, sd*cc*sb, ca*cc*sb, sa*sc*sb, ca*sc*sb, sa**2*sb, sd*sa*sb, ca*sa*sb, ca*sd*sb, cd**3, cb*cd**2, cc*cd**2, sc*cd**2, sa*cd**2, sd*cd**2, ca*cd**2, cc*cb*cd, sc*cb*cd, sa*cb*cd, sd*cb*cd, ca*cb*cd, cc**2*cd, sc*cc*cd, sa*cc*cd, sd*cc*cd, ca*cc*cd, sa*sc*cd, ca*sc*cd, sa**2*cd, sd*sa*cd, ca*sa*cd, ca*sd*cd, cc**2*cb, sc*cc*cb, sa*cc*cb, sd*cc*cb, ca*cc*cb, sa*sc*cb, ca*sc*cb, sa**2*cb, sd*sa*cb, ca*sa*cb, ca*sd*cb, cc**3, sc*cc**2, sa*cc**2, sd*cc**2, ca*cc**2, sa*sc*cc, ca*sc*cc, sa**2*cc, sd*sa*cc, ca*sa*cc, ca*sd*cc, sa**2*sc, ca*sa*sc, sa**3, sd*sa**2, ca*sa**2, ca*sd*sa, sb**4, cd*sb**3, cb*sb**3, cc*sb**3, sc*sb**3, sa*sb**3, sd*sb**3, ca*sb**3, cd**2*sb**2, cb*cd*sb**2, cc*cd*sb**2, sc*cd*sb**2, sa*cd*sb**2, sd*cd*sb**2, ca*cd*sb**2, cc*cb*sb**2;['ca', 'sd', 'sa', 'sc', 'cc', 'cb', 'cd', 'sb']
729;cb;cb_sa_sd_ca_cd_sc_sb_cc;649.5822613919154;5808;1458.75390625;sc**2, sd*sc, sd**2, sa**2, cb**2, cd*sc*cc, sa*sc*cc, cb*sc*cc, cd**2*cc, ca*cd*cc, sd*cd*cc, sa*cd*cc, cb*cd*cc, ca**2*cc, sd*ca*cc, sa*ca*cc, cb*ca*cc, sa*sd*cc, cb*sd*cc, cb*sa*cc, sb**3, sc*sb**2, cd*sb**2, ca*sb**2, sd*sb**2, sa*sb**2, cb*sb**2, cd*sc*sb, ca*sc*sb, sa*sc*sb, cb*sc*sb, cd**2*sb, ca*cd*sb, sd*cd*sb, sa*cd*sb, cb*cd*sb, ca**2*sb, sd*ca*sb, sa*ca*sb, cb*ca*sb, sa*sd*sb, cb*sd*sb, cb*sa*sb, cd**2*sc, ca*cd*sc, sa*cd*sc, cb*cd*sc, ca**2*sc, sa*ca*sc, cb*ca*sc, cb*sa*sc, cd**3, ca*cd**2, sd*cd**2, sa*cd**2, cb*cd**2, ca**2*cd, sd*ca*cd, sa*ca*cd, cb*ca*cd, sa*sd*cd, cb*sd*cd, cb*sa*cd, ca**3, sd*ca**2, sa*ca**2, cb*ca**2, sa*sd*ca, cb*sd*ca, cb*sa*ca, cb*sa*sd, cc**4, sb*cc**3, sc*cc**3, cd*cc**3, ca*cc**3, sd*cc**3, sa*cc**3, cb*cc**3, sb**2*cc**2, sc*sb*cc**2, cd*sb*cc**2, ca*sb*cc**2, sd*sb*cc**2, sa*sb*cc**2, cb*sb*cc**2, ca*sc*cc**2;['cb', 'sa', 'sd', 'ca', 'cd', 'sc', 'sb', 'cc']
730;sa;sa_cc_ca_cb_cd_sc_sd_sb;1229.5051828930154;6023;1458.75390625;cd**2, cc*cd, cb**2, cc**2, sa**2, cd*sc*sb, cb*sc*sb, ca*sc*sb, cc*sc*sb, sa*sc*sb, cb*cd*sb, ca*cd*sb, sa*cd*sb, ca*cb*sb, cc*cb*sb, sa*cb*sb, ca**2*sb, cc*ca*sb, sa*ca*sb, sa*cc*sb, sd**3, sc*sd**2, cd*sd**2, cb*sd**2, ca*sd**2, cc*sd**2, sa*sd**2, sc**2*sd, cd*sc*sd, cb*sc*sd, ca*sc*sd, cc*sc*sd, sa*sc*sd, cb*cd*sd, ca*cd*sd, sa*cd*sd, ca*cb*sd, cc*cb*sd, sa*cb*sd, ca**2*sd, cc*ca*sd, sa*ca*sd, sa*cc*sd, sc**3, cd*sc**2, cb*sc**2, ca*sc**2, cc*sc**2, sa*sc**2, cb*cd*sc, ca*cd*sc, sa*cd*sc, ca*cb*sc, cc*cb*sc, sa*cb*sc, ca**2*sc, cc*ca*sc, sa*ca*sc, sa*cc*sc, ca*cb*cd, sa*cb*cd, ca**2*cd, sa*ca*cd, ca**2*cb, cc*ca*cb, sa*ca*cb, sa*cc*cb, ca**3, cc*ca**2, sa*ca**2, sa*cc*ca, sb**4, sd*sb**3, sc*sb**3, cd*sb**3, cb*sb**3, ca*sb**3, cc*sb**3, sa*sb**3, sd**2*sb**2, sc*sd*sb**2, cd*sd*sb**2, cb*sd*sb**2, ca*sd*sb**2, cc*sd*sb**2, sa*sd*sb**2, sc**2*sb**2;['sa', 'cc', 'ca', 'cb', 'cd', 'sc', 'sd', 'sb']
731;cd;cd_cc_sd_sa_sb_sc_cb_ca;587.1241312539205;5590;1458.75390625;sb**2, sa**2, cc**2, cd*cc, cd**2, sb*sc*ca, sa*sc*ca, sd*sc*ca, cc*sc*ca, cd*sc*ca, sa*sb*ca, sd*sb*ca, cc*sb*ca, cd*sb*ca, sd*sa*ca, cc*sa*ca, cd*sa*ca, sd**2*ca, cc*sd*ca, cd*sd*ca, cb**3, sc*cb**2, sb*cb**2, sa*cb**2, sd*cb**2, cc*cb**2, cd*cb**2, sc**2*cb, sb*sc*cb, sa*sc*cb, sd*sc*cb, cc*sc*cb, cd*sc*cb, sa*sb*cb, sd*sb*cb, cc*sb*cb, cd*sb*cb, sd*sa*cb, cc*sa*cb, cd*sa*cb, sd**2*cb, cc*sd*cb, cd*sd*cb, sc**3, sb*sc**2, sa*sc**2, sd*sc**2, cc*sc**2, cd*sc**2, sa*sb*sc, sd*sb*sc, cc*sb*sc, cd*sb*sc, sd*sa*sc, cc*sa*sc, cd*sa*sc, sd**2*sc, cc*sd*sc, cd*sd*sc, sd*sa*sb, cc*sa*sb, cd*sa*sb, sd**2*sb, cc*sd*sb, cd*sd*sb, sd**2*sa, cc*sd*sa, cd*sd*sa, sd**3, cc*sd**2, cd*sd**2, ca**4, cb*ca**3, sc*ca**3, sb*ca**3, sa*ca**3, sd*ca**3, cc*ca**3, cd*ca**3, cb**2*ca**2, sc*cb*ca**2, sb*cb*ca**2, sa*cb*ca**2, sd*cb*ca**2, cc*cb*ca**2, cd*cb*ca**2, sc**2*ca**2;['cd', 'cc', 'sd', 'sa', 'sb', 'sc', 'cb', 'ca']
732;cd;cd_ca_cc_cb_sa_sd_sc_sb;1005.4877880299464;6091;1458.75390625;cb**2, cc**2, cd*cc, ca**2, cd**2, sa*sd*sb, cb*sd*sb, cc*sd*sb, ca*sd*sb, cd*sd*sb, sa**2*sb, cb*sa*sb, cc*sa*sb, ca*sa*sb, cd*sa*sb, cc*cb*sb, ca*cb*sb, cd*cb*sb, ca*cc*sb, cd*ca*sb, sc**3, sd*sc**2, sa*sc**2, cb*sc**2, cc*sc**2, ca*sc**2, cd*sc**2, sd**2*sc, sa*sd*sc, cb*sd*sc, cc*sd*sc, ca*sd*sc, cd*sd*sc, sa**2*sc, cb*sa*sc, cc*sa*sc, ca*sa*sc, cd*sa*sc, cc*cb*sc, ca*cb*sc, cd*cb*sc, ca*cc*sc, cd*ca*sc, sd**3, sa*sd**2, cb*sd**2, cc*sd**2, ca*sd**2, cd*sd**2, sa**2*sd, cb*sa*sd, cc*sa*sd, ca*sa*sd, cd*sa*sd, cc*cb*sd, ca*cb*sd, cd*cb*sd, ca*cc*sd, cd*ca*sd, sa**3, cb*sa**2, cc*sa**2, ca*sa**2, cd*sa**2, cc*cb*sa, ca*cb*sa, cd*cb*sa, ca*cc*sa, cd*ca*sa, ca*cc*cb, cd*ca*cb, sb**4, sc*sb**3, sd*sb**3, sa*sb**3, cb*sb**3, cc*sb**3, ca*sb**3, cd*sb**3, sc**2*sb**2, sd*sc*sb**2, sa*sc*sb**2, cb*sc*sb**2, cc*sc*sb**2, ca*sc*sb**2, cd*sc*sb**2, sd**2*sb**2;['cd', 'ca', 'cc', 'cb', 'sa', 'sd', 'sc', 'sb']
733;sd;sd_sa_cb_sc_ca_cc_sb_cd;574.4925736349542;6372;1458.75390625;sc**2, sd*sc, cb**2, sa**2, sd**2, cc**2*cd, sc*cc*cd, cb*cc*cd, sa*cc*cd, sd*cc*cd, ca**2*cd, sc*ca*cd, cb*ca*cd, sa*ca*cd, sd*ca*cd, cb*sc*cd, sa*sc*cd, sa*cb*cd, sd*cb*cd, sd*sa*cd, sb**3, cc*sb**2, ca*sb**2, sc*sb**2, cb*sb**2, sa*sb**2, sd*sb**2, cc**2*sb, ca*cc*sb, sc*cc*sb, cb*cc*sb, sa*cc*sb, sd*cc*sb, ca**2*sb, sc*ca*sb, cb*ca*sb, sa*ca*sb, sd*ca*sb, cb*sc*sb, sa*sc*sb, sa*cb*sb, sd*cb*sb, sd*sa*sb, cc**3, ca*cc**2, sc*cc**2, cb*cc**2, sa*cc**2, sd*cc**2, ca**2*cc, sc*ca*cc, cb*ca*cc, sa*ca*cc, sd*ca*cc, cb*sc*cc, sa*sc*cc, sa*cb*cc, sd*cb*cc, sd*sa*cc, ca**3, sc*ca**2, cb*ca**2, sa*ca**2, sd*ca**2, cb*sc*ca, sa*sc*ca, sa*cb*ca, sd*cb*ca, sd*sa*ca, sa*cb*sc, sd*sa*cb, cd**4, sb*cd**3, cc*cd**3, ca*cd**3, sc*cd**3, cb*cd**3, sa*cd**3, sd*cd**3, sb**2*cd**2, cc*sb*cd**2, ca*sb*cd**2, sc*sb*cd**2, cb*sb*cd**2, sa*sb*cd**2, sd*sb*cd**2, ca*cc*cd**2;['sd', 'sa', 'cb', 'sc', 'ca', 'cc', 'sb', 'cd']
734;sb;sb_sd_cb_ca_sa_sc_cc_cd;796.090414393926;5601;1458.75390625;sc**2, sd*sc, ca**2, sd**2, sb**2, cc**2*cd, sc*cc*cd, sd*cc*cd, sa**2*cd, ca*sa*cd, cb*sa*cd, sd*sa*cd, sb*sa*cd, cb*ca*cd, sd*ca*cd, sb*ca*cd, cb**2*cd, sd*cb*cd, sb*cb*cd, sb*sd*cd, cc**3, sc*cc**2, sa*cc**2, ca*cc**2, cb*cc**2, sd*cc**2, sb*cc**2, sa*sc*cc, ca*sc*cc, cb*sc*cc, sb*sc*cc, sa**2*cc, ca*sa*cc, cb*sa*cc, sd*sa*cc, sb*sa*cc, cb*ca*cc, sd*ca*cc, sb*ca*cc, cb**2*cc, sd*cb*cc, sb*cb*cc, sb*sd*cc, sa**2*sc, ca*sa*sc, cb*sa*sc, sb*sa*sc, cb*ca*sc, sb*ca*sc, cb**2*sc, sb*cb*sc, sa**3, ca*sa**2, cb*sa**2, sd*sa**2, sb*sa**2, cb*ca*sa, sd*ca*sa, sb*ca*sa, cb**2*sa, sd*cb*sa, sb*cb*sa, sb*sd*sa, cb**2*ca, sd*cb*ca, sb*cb*ca, sb*sd*ca, cb**3, sd*cb**2, sb*cb**2, sb*sd*cb, cd**4, cc*cd**3, sc*cd**3, sa*cd**3, ca*cd**3, cb*cd**3, sd*cd**3, sb*cd**3, sa*cc*cd**2, ca*cc*cd**2, cb*cc*cd**2, sb*cc*cd**2, sa*sc*cd**2, ca*sc*cd**2, cb*sc*cd**2, sb*sc*cd**2;['sb', 'sd', 'cb', 'ca', 'sa', 'sc', 'cc', 'cd']
735;cb;cb_sd_sc_cc_sb_cd_ca_sa;3671.8321110592224;6257;1458.75390625;ca**2, sc**2, sd*sc, sd**2, cb**2, cc*cd*sa, sc*cd*sa, sd*cd*sa, cb*cd*sa, sb**2*sa, cc*sb*sa, sc*sb*sa, sd*sb*sa, cb*sb*sa, cc**2*sa, sc*cc*sa, sd*cc*sa, cb*cc*sa, cb*sc*sa, cb*sd*sa, cd**2*ca, sb*cd*ca, cc*cd*ca, sc*cd*ca, sd*cd*ca, cb*cd*ca, sb**2*ca, cc*sb*ca, sc*sb*ca, sd*sb*ca, cb*sb*ca, cc**2*ca, sc*cc*ca, sd*cc*ca, cb*cc*ca, cb*sc*ca, cb*sd*ca, cd**3, sb*cd**2, cc*cd**2, sc*cd**2, sd*cd**2, cb*cd**2, sb**2*cd, cc*sb*cd, sc*sb*cd, sd*sb*cd, cb*sb*cd, cc**2*cd, sc*cc*cd, sd*cc*cd, cb*cc*cd, cb*sc*cd, cb*sd*cd, sb**3, cc*sb**2, sc*sb**2, sd*sb**2, cb*sb**2, cc**2*sb, sc*cc*sb, sd*cc*sb, cb*cc*sb, cb*sc*sb, cb*sd*sb, cc**3, sc*cc**2, sd*cc**2, cb*cc**2, cb*sc*cc, cb*sd*cc, sa**4, ca*sa**3, cd*sa**3, sb*sa**3, cc*sa**3, sc*sa**3, sd*sa**3, cb*sa**3, cd*ca*sa**2, sb*ca*sa**2, cc*ca*sa**2, sc*ca*sa**2, sd*ca*sa**2, cb*ca*sa**2, cd**2*sa**2, sb*cd*sa**2;['cb', 'sd', 'sc', 'cc', 'sb', 'cd', 'ca', 'sa']
736;sb;sb_cc_sc_ca_cb_sa_cd_sd;372.3794908039272;5614;1458.75390625;cd**2, cc*cd, ca**2, cc**2, sb**2, sc*cd*sd, cc*sa*sd, sb*sa*sd, cb**2*sd, ca*cb*sd, sc*cb*sd, cc*cb*sd, sb*cb*sd, sc*ca*sd, cc*ca*sd, sb*ca*sd, sc**2*sd, cc*sc*sd, sb*sc*sd, sb*cc*sd, sa**2*cd, cb*sa*cd, ca*sa*cd, sc*sa*cd, sb*sa*cd, cb**2*cd, ca*cb*cd, sc*cb*cd, sb*cb*cd, sc*ca*cd, sb*ca*cd, sc**2*cd, sb*sc*cd, sa**3, cb*sa**2, ca*sa**2, sc*sa**2, cc*sa**2, sb*sa**2, cb**2*sa, ca*cb*sa, sc*cb*sa, cc*cb*sa, sb*cb*sa, sc*ca*sa, cc*ca*sa, sb*ca*sa, sc**2*sa, cc*sc*sa, sb*sc*sa, sb*cc*sa, cb**3, ca*cb**2, sc*cb**2, cc*cb**2, sb*cb**2, sc*ca*cb, cc*ca*cb, sb*ca*cb, sc**2*cb, cc*sc*cb, sb*sc*cb, sb*cc*cb, sc**2*ca, cc*sc*ca, sb*sc*ca, sb*cc*ca, sc**3, cc*sc**2, sb*sc**2, sb*cc*sc, sd**4, cd*sd**3, sa*sd**3, cb*sd**3, ca*sd**3, sc*sd**3, cc*sd**3, sb*sd**3, sa*cd*sd**2, cb*cd*sd**2, ca*cd*sd**2, sb*cd*sd**2, sa**2*sd**2, cb*sa*sd**2, ca*sa*sd**2, sc*sa*sd**2;['sb', 'cc', 'sc', 'ca', 'cb', 'sa', 'cd', 'sd']
737;sd;sd_cc_cd_sb_ca_cb_sc_sa;502.58650999399833;6391;1458.75390625;ca**2, sb**2, cc*cd, cc**2, sd**2, ca*cb*sa, sb*cb*sa, cd*cb*sa, cc*cb*sa, sd*cb*sa, sb*ca*sa, cd*ca*sa, cc*ca*sa, sd*ca*sa, cd*sb*sa, cc*sb*sa, sd*sb*sa, cd**2*sa, sd*cd*sa, sd*cc*sa, sc**3, cb*sc**2, ca*sc**2, sb*sc**2, cd*sc**2, cc*sc**2, sd*sc**2, cb**2*sc, ca*cb*sc, sb*cb*sc, cd*cb*sc, cc*cb*sc, sd*cb*sc, sb*ca*sc, cd*ca*sc, cc*ca*sc, sd*ca*sc, cd*sb*sc, cc*sb*sc, sd*sb*sc, cd**2*sc, sd*cd*sc, sd*cc*sc, cb**3, ca*cb**2, sb*cb**2, cd*cb**2, cc*cb**2, sd*cb**2, sb*ca*cb, cd*ca*cb, cc*ca*cb, sd*ca*cb, cd*sb*cb, cc*sb*cb, sd*sb*cb, cd**2*cb, sd*cd*cb, sd*cc*cb, cd*sb*ca, cc*sb*ca, sd*sb*ca, cd**2*ca, sd*cd*ca, sd*cc*ca, cd**2*sb, sd*cd*sb, sd*cc*sb, cd**3, sd*cd**2, sa**4, sc*sa**3, cb*sa**3, ca*sa**3, sb*sa**3, cd*sa**3, cc*sa**3, sd*sa**3, sc**2*sa**2, cb*sc*sa**2, ca*sc*sa**2, sb*sc*sa**2, cd*sc*sa**2, cc*sc*sa**2, sd*sc*sa**2, cb**2*sa**2;['sd', 'cc', 'cd', 'sb', 'ca', 'cb', 'sc', 'sa']
738;cd;cd_sa_sd_sc_sb_cc_cb_ca;457.0401550438255;5275;1458.75390625;sb**2, sc**2, sd*sc, sa**2, cd**2, sb*cc*ca, sc*cc*ca, sd*cc*ca, sa*cc*ca, cd*cc*ca, sc*sb*ca, sd*sb*ca, sa*sb*ca, cd*sb*ca, sa*sc*ca, cd*sc*ca, sd**2*ca, sa*sd*ca, cd*sd*ca, cd*sa*ca, cb**3, cc*cb**2, sb*cb**2, sc*cb**2, sd*cb**2, sa*cb**2, cd*cb**2, cc**2*cb, sb*cc*cb, sc*cc*cb, sd*cc*cb, sa*cc*cb, cd*cc*cb, sc*sb*cb, sd*sb*cb, sa*sb*cb, cd*sb*cb, sa*sc*cb, cd*sc*cb, sd**2*cb, sa*sd*cb, cd*sd*cb, cd*sa*cb, cc**3, sb*cc**2, sc*cc**2, sd*cc**2, sa*cc**2, cd*cc**2, sc*sb*cc, sd*sb*cc, sa*sb*cc, cd*sb*cc, sa*sc*cc, cd*sc*cc, sd**2*cc, sa*sd*cc, cd*sd*cc, cd*sa*cc, sa*sc*sb, cd*sc*sb, sd**2*sb, sa*sd*sb, cd*sd*sb, cd*sa*sb, cd*sa*sc, sd**3, sa*sd**2, cd*sd**2, cd*sa*sd, ca**4, cb*ca**3, cc*ca**3, sb*ca**3, sc*ca**3, sd*ca**3, sa*ca**3, cd*ca**3, cb**2*ca**2, cc*cb*ca**2, sb*cb*ca**2, sc*cb*ca**2, sd*cb*ca**2, sa*cb*ca**2, cd*cb*ca**2, cc**2*ca**2;['cd', 'sa', 'sd', 'sc', 'sb', 'cc', 'cb', 'ca']
739;sc;sc_cd_cb_sa_sb_ca_cc_sd;1368.3115290889982;5500;1458.75390625;cd*cc, sa**2, cb**2, cd**2, sc**2, cc**2*sd, sc*cc*sd, cd*ca*sd, sc*ca*sd, sb**2*sd, sa*sb*sd, cb*sb*sd, cd*sb*sd, sc*sb*sd, cb*sa*sd, cd*sa*sd, sc*sa*sd, cd*cb*sd, sc*cb*sd, sc*cd*sd, cc**3, ca*cc**2, sb*cc**2, sa*cc**2, cb*cc**2, sc*cc**2, ca**2*cc, sb*ca*cc, sa*ca*cc, cb*ca*cc, sc*ca*cc, sb**2*cc, sa*sb*cc, cb*sb*cc, sc*sb*cc, cb*sa*cc, sc*sa*cc, sc*cb*cc, ca**3, sb*ca**2, sa*ca**2, cb*ca**2, cd*ca**2, sc*ca**2, sb**2*ca, sa*sb*ca, cb*sb*ca, cd*sb*ca, sc*sb*ca, cb*sa*ca, cd*sa*ca, sc*sa*ca, cd*cb*ca, sc*cb*ca, sc*cd*ca, sb**3, sa*sb**2, cb*sb**2, cd*sb**2, sc*sb**2, cb*sa*sb, cd*sa*sb, sc*sa*sb, cd*cb*sb, sc*cb*sb, sc*cd*sb, cd*cb*sa, sc*cb*sa, sc*cd*sa, sc*cd*cb, sd**4, cc*sd**3, ca*sd**3, sb*sd**3, sa*sd**3, cb*sd**3, cd*sd**3, sc*sd**3, ca*cc*sd**2, sb*cc*sd**2, sa*cc*sd**2, cb*cc*sd**2, ca**2*sd**2, sb*ca*sd**2, sa*ca*sd**2, cb*ca*sd**2;['sc', 'cd', 'cb', 'sa', 'sb', 'ca', 'cc', 'sd']
740;sd;sd_sa_sb_sc_cb_cd_cc_ca;874.3384663269389;6408;1458.75390625;sc**2, sd*sc, sb**2, sa**2, sd**2, cb*cd*ca, sc*cd*ca, sb*cd*ca, sa*cd*ca, sd*cd*ca, cb**2*ca, sc*cb*ca, sb*cb*ca, sa*cb*ca, sd*cb*ca, sb*sc*ca, sa*sc*ca, sa*sb*ca, sd*sb*ca, sd*sa*ca, cc**3, cd*cc**2, cb*cc**2, sc*cc**2, sb*cc**2, sa*cc**2, sd*cc**2, cd**2*cc, cb*cd*cc, sc*cd*cc, sb*cd*cc, sa*cd*cc, sd*cd*cc, cb**2*cc, sc*cb*cc, sb*cb*cc, sa*cb*cc, sd*cb*cc, sb*sc*cc, sa*sc*cc, sa*sb*cc, sd*sb*cc, sd*sa*cc, cd**3, cb*cd**2, sc*cd**2, sb*cd**2, sa*cd**2, sd*cd**2, cb**2*cd, sc*cb*cd, sb*cb*cd, sa*cb*cd, sd*cb*cd, sb*sc*cd, sa*sc*cd, sa*sb*cd, sd*sb*cd, sd*sa*cd, cb**3, sc*cb**2, sb*cb**2, sa*cb**2, sd*cb**2, sb*sc*cb, sa*sc*cb, sa*sb*cb, sd*sb*cb, sd*sa*cb, sa*sb*sc, sd*sa*sb, ca**4, cc*ca**3, cd*ca**3, cb*ca**3, sc*ca**3, sb*ca**3, sa*ca**3, sd*ca**3, cc**2*ca**2, cd*cc*ca**2, cb*cc*ca**2, sc*cc*ca**2, sb*cc*ca**2, sa*cc*ca**2, sd*cc*ca**2, cd**2*ca**2;['sd', 'sa', 'sb', 'sc', 'cb', 'cd', 'cc', 'ca']
741;cd;cd_sd_cb_cc_sa_ca_sc_sb;1399.4778937778901;7206;1458.75390625;sa**2, cc**2, cd*cc, cb**2, cd**2, sa*ca*sb, cc*ca*sb, cb*ca*sb, sd*ca*sb, cd*ca*sb, cc*sa*sb, cb*sa*sb, sd*sa*sb, cd*sa*sb, cb*cc*sb, sd*cc*sb, sd*cb*sb, cd*cb*sb, sd**2*sb, cd*sd*sb, sc**3, ca*sc**2, sa*sc**2, cc*sc**2, cb*sc**2, sd*sc**2, cd*sc**2, ca**2*sc, sa*ca*sc, cc*ca*sc, cb*ca*sc, sd*ca*sc, cd*ca*sc, cc*sa*sc, cb*sa*sc, sd*sa*sc, cd*sa*sc, cb*cc*sc, sd*cc*sc, sd*cb*sc, cd*cb*sc, sd**2*sc, cd*sd*sc, ca**3, sa*ca**2, cc*ca**2, cb*ca**2, sd*ca**2, cd*ca**2, cc*sa*ca, cb*sa*ca, sd*sa*ca, cd*sa*ca, cb*cc*ca, sd*cc*ca, sd*cb*ca, cd*cb*ca, sd**2*ca, cd*sd*ca, cb*cc*sa, sd*cc*sa, sd*cb*sa, cd*cb*sa, sd**2*sa, cd*sd*sa, sd*cb*cc, sd**2*cc, sd**2*cb, cd*sd*cb, sd**3, cd*sd**2, sb**4, sc*sb**3, ca*sb**3, sa*sb**3, cc*sb**3, cb*sb**3, sd*sb**3, cd*sb**3, sc**2*sb**2, ca*sc*sb**2, sa*sc*sb**2, cc*sc*sb**2, cb*sc*sb**2, sd*sc*sb**2, cd*sc*sb**2, ca**2*sb**2;['cd', 'sd', 'cb', 'cc', 'sa', 'ca', 'sc', 'sb']
742;sa;sa_cb_cd_sb_cc_ca_sc_sd;502.7080384918954;5682;1458.75390625;cc**2, cd*cc, cd**2, cb**2, sa**2, sc**2*sd, cc*sc*sd, cd*sc*sd, cb*ca*sd, sa*ca*sd, sb*cc*sd, cb*cc*sd, sa*cc*sd, sb**2*sd, cd*sb*sd, cb*sb*sd, sa*sb*sd, cb*cd*sd, sa*cd*sd, sa*cb*sd, sc**3, ca*sc**2, cc*sc**2, sb*sc**2, cd*sc**2, cb*sc**2, sa*sc**2, ca**2*sc, cc*ca*sc, sb*ca*sc, cd*ca*sc, cb*ca*sc, sa*ca*sc, sb*cc*sc, cb*cc*sc, sa*cc*sc, sb**2*sc, cd*sb*sc, cb*sb*sc, sa*sb*sc, cb*cd*sc, sa*cd*sc, sa*cb*sc, ca**3, cc*ca**2, sb*ca**2, cd*ca**2, cb*ca**2, sa*ca**2, sb*cc*ca, cb*cc*ca, sa*cc*ca, sb**2*ca, cd*sb*ca, cb*sb*ca, sa*sb*ca, cb*cd*ca, sa*cd*ca, sa*cb*ca, sb**2*cc, cb*sb*cc, sa*sb*cc, sa*cb*cc, sb**3, cd*sb**2, cb*sb**2, sa*sb**2, cb*cd*sb, sa*cd*sb, sa*cb*sb, sa*cb*cd, sd**4, sc*sd**3, ca*sd**3, cc*sd**3, sb*sd**3, cd*sd**3, cb*sd**3, sa*sd**3, ca*sc*sd**2, sb*sc*sd**2, cb*sc*sd**2, sa*sc*sd**2, ca**2*sd**2, cc*ca*sd**2, sb*ca*sd**2, cd*ca*sd**2;['sa', 'cb', 'cd', 'sb', 'cc', 'ca', 'sc', 'sd']
743;sa;sa_sb_cb_sd_cc_sc_cd_ca;695.3843918249477;6138;1458.75390625;sd*sc, cc**2, sd**2, sb**2, sa**2, cc*sc*ca, cb*sc*ca, sb*sc*ca, sa*sc*ca, sd*cc*ca, cb*cc*ca, sb*cc*ca, sa*cc*ca, cb*sd*ca, sb*sd*ca, sa*sd*ca, cb**2*ca, sb*cb*ca, sa*cb*ca, sa*sb*ca, cd**3, sc*cd**2, cc*cd**2, sd*cd**2, cb*cd**2, sb*cd**2, sa*cd**2, sc**2*cd, cc*sc*cd, cb*sc*cd, sb*sc*cd, sa*sc*cd, sd*cc*cd, cb*cc*cd, sb*cc*cd, sa*cc*cd, cb*sd*cd, sb*sd*cd, sa*sd*cd, cb**2*cd, sb*cb*cd, sa*cb*cd, sa*sb*cd, sc**3, cc*sc**2, cb*sc**2, sb*sc**2, sa*sc**2, cb*cc*sc, sb*cc*sc, sa*cc*sc, cb**2*sc, sb*cb*sc, sa*cb*sc, sa*sb*sc, cb*sd*cc, sb*sd*cc, sa*sd*cc, cb**2*cc, sb*cb*cc, sa*cb*cc, sa*sb*cc, cb**2*sd, sb*cb*sd, sa*cb*sd, sa*sb*sd, cb**3, sb*cb**2, sa*cb**2, sa*sb*cb, ca**4, cd*ca**3, sc*ca**3, cc*ca**3, sd*ca**3, cb*ca**3, sb*ca**3, sa*ca**3, cd**2*ca**2, sc*cd*ca**2, cc*cd*ca**2, sd*cd*ca**2, cb*cd*ca**2, sb*cd*ca**2, sa*cd*ca**2, sc**2*ca**2;['sa', 'sb', 'cb', 'sd', 'cc', 'sc', 'cd', 'ca']
744;cd;cd_sd_sa_cb_cc_sc_ca_sb;591.9991758088581;5888;1458.75390625;cc**2, cd*cc, cb**2, sa**2, cd**2, cc*sc*sb, cb*sc*sb, sa*sc*sb, sd*sc*sb, cd*sc*sb, cb*cc*sb, sa*cc*sb, sd*cc*sb, sa*cb*sb, sd*cb*sb, cd*cb*sb, sd*sa*sb, cd*sa*sb, sd**2*sb, cd*sd*sb, ca**3, sc*ca**2, cc*ca**2, cb*ca**2, sa*ca**2, sd*ca**2, cd*ca**2, sc**2*ca, cc*sc*ca, cb*sc*ca, sa*sc*ca, sd*sc*ca, cd*sc*ca, cb*cc*ca, sa*cc*ca, sd*cc*ca, sa*cb*ca, sd*cb*ca, cd*cb*ca, sd*sa*ca, cd*sa*ca, sd**2*ca, cd*sd*ca, sc**3, cc*sc**2, cb*sc**2, sa*sc**2, sd*sc**2, cd*sc**2, cb*cc*sc, sa*cc*sc, sd*cc*sc, sa*cb*sc, sd*cb*sc, cd*cb*sc, sd*sa*sc, cd*sa*sc, sd**2*sc, cd*sd*sc, sa*cb*cc, sd*cb*cc, sd*sa*cc, sd**2*cc, sd*sa*cb, cd*sa*cb, sd**2*cb, cd*sd*cb, sd**2*sa, cd*sd*sa, sd**3, cd*sd**2, sb**4, ca*sb**3, sc*sb**3, cc*sb**3, cb*sb**3, sa*sb**3, sd*sb**3, cd*sb**3, ca**2*sb**2, sc*ca*sb**2, cc*ca*sb**2, cb*ca*sb**2, sa*ca*sb**2, sd*ca*sb**2, cd*ca*sb**2, sc**2*sb**2;['cd', 'sd', 'sa', 'cb', 'cc', 'sc', 'ca', 'sb']
745;sd;sd_cc_cb_sc_cd_ca_sa_sb;2130.917039922904;7082;1458.75390625;ca**2, sd*sc, cb**2, cc**2, sd**2, sc*ca*sb, cb*ca*sb, cc*ca*sb, sd*ca*sb, cd**2*sb, sc*cd*sb, cb*cd*sb, cc*cd*sb, sd*cd*sb, sc**2*sb, cb*sc*sb, cc*sc*sb, cc*cb*sb, sd*cb*sb, sd*cc*sb, sa**3, ca*sa**2, cd*sa**2, sc*sa**2, cb*sa**2, cc*sa**2, sd*sa**2, cd*ca*sa, sc*ca*sa, cb*ca*sa, cc*ca*sa, sd*ca*sa, cd**2*sa, sc*cd*sa, cb*cd*sa, cc*cd*sa, sd*cd*sa, sc**2*sa, cb*sc*sa, cc*sc*sa, cc*cb*sa, sd*cb*sa, sd*cc*sa, cd**2*ca, sc*cd*ca, cb*cd*ca, cc*cd*ca, sd*cd*ca, sc**2*ca, cb*sc*ca, cc*sc*ca, cc*cb*ca, sd*cb*ca, sd*cc*ca, cd**3, sc*cd**2, cb*cd**2, cc*cd**2, sd*cd**2, sc**2*cd, cb*sc*cd, cc*sc*cd, cc*cb*cd, sd*cb*cd, sd*cc*cd, sc**3, cb*sc**2, cc*sc**2, cc*cb*sc, sd*cc*cb, sb**4, sa*sb**3, ca*sb**3, cd*sb**3, sc*sb**3, cb*sb**3, cc*sb**3, sd*sb**3, sa**2*sb**2, ca*sa*sb**2, cd*sa*sb**2, sc*sa*sb**2, cb*sa*sb**2, cc*sa*sb**2, sd*sa*sb**2, cd*ca*sb**2;['sd', 'cc', 'cb', 'sc', 'cd', 'ca', 'sa', 'sb']
746;ca;ca_sc_cd_sb_sa_sd_cb_cc;591.722204112215;6679;1458.75390625;sc*sd, sb**2, cd**2, sc**2, ca**2, sd**2*cc, sb*sd*cc, cd*sd*cc, ca*sd*cc, sa**2*cc, sb*sa*cc, cd*sa*cc, sc*sa*cc, ca*sa*cc, cd*sb*cc, sc*sb*cc, ca*sb*cc, sc*cd*cc, ca*cd*cc, ca*sc*cc, cb**3, sd*cb**2, sa*cb**2, sb*cb**2, cd*cb**2, sc*cb**2, ca*cb**2, sd**2*cb, sa*sd*cb, sb*sd*cb, cd*sd*cb, ca*sd*cb, sa**2*cb, sb*sa*cb, cd*sa*cb, sc*sa*cb, ca*sa*cb, cd*sb*cb, sc*sb*cb, ca*sb*cb, sc*cd*cb, ca*cd*cb, ca*sc*cb, sd**3, sa*sd**2, sb*sd**2, cd*sd**2, ca*sd**2, sa**2*sd, sb*sa*sd, cd*sa*sd, ca*sa*sd, cd*sb*sd, ca*sb*sd, ca*cd*sd, sa**3, sb*sa**2, cd*sa**2, sc*sa**2, ca*sa**2, cd*sb*sa, sc*sb*sa, ca*sb*sa, sc*cd*sa, ca*cd*sa, ca*sc*sa, sc*cd*sb, ca*cd*sb, ca*sc*sb, ca*sc*cd, cc**4, cb*cc**3, sd*cc**3, sa*cc**3, sb*cc**3, cd*cc**3, sc*cc**3, ca*cc**3, cb**2*cc**2, sd*cb*cc**2, sa*cb*cc**2, sb*cb*cc**2, cd*cb*cc**2, sc*cb*cc**2, ca*cb*cc**2, sa*sd*cc**2;['ca', 'sc', 'cd', 'sb', 'sa', 'sd', 'cb', 'cc']
747;sc;sc_sd_sb_cb_ca_cd_sa_cc;612.766489847796;6855;1458.75390625;ca**2, sb**2, sd**2, sc*sd, sc**2, cd**2*cc, cb*cd*cc, sb*cd*cc, sd*cd*cc, sc*cd*cc, cb*ca*cc, sb*ca*cc, sd*ca*cc, sc*ca*cc, cb**2*cc, sb*cb*cc, sd*cb*cc, sc*cb*cc, sd*sb*cc, sc*sb*cc, sa**3, cd*sa**2, ca*sa**2, cb*sa**2, sb*sa**2, sd*sa**2, sc*sa**2, cd**2*sa, ca*cd*sa, cb*cd*sa, sb*cd*sa, sd*cd*sa, sc*cd*sa, cb*ca*sa, sb*ca*sa, sd*ca*sa, sc*ca*sa, cb**2*sa, sb*cb*sa, sd*cb*sa, sc*cb*sa, sd*sb*sa, sc*sb*sa, cd**3, ca*cd**2, cb*cd**2, sb*cd**2, sd*cd**2, sc*cd**2, cb*ca*cd, sb*ca*cd, sd*ca*cd, sc*ca*cd, cb**2*cd, sb*cb*cd, sd*cb*cd, sc*cb*cd, sd*sb*cd, sc*sb*cd, cb**2*ca, sb*cb*ca, sd*cb*ca, sc*cb*ca, sd*sb*ca, sc*sb*ca, cb**3, sb*cb**2, sd*cb**2, sc*cb**2, sd*sb*cb, sc*sb*cb, cc**4, sa*cc**3, cd*cc**3, ca*cc**3, cb*cc**3, sb*cc**3, sd*cc**3, sc*cc**3, sa**2*cc**2, cd*sa*cc**2, ca*sa*cc**2, cb*sa*cc**2, sb*sa*cc**2, sd*sa*cc**2, sc*sa*cc**2, ca*cd*cc**2;['sc', 'sd', 'sb', 'cb', 'ca', 'cd', 'sa', 'cc']
748;cc;cc_cb_sc_cd_ca_sb_sa_sd;696.3729208558798;7209;1458.75390625;ca**2, cd**2, cc*cd, cb**2, cc**2, ca*sb*sd, cd*sb*sd, sc*sb*sd, cb*sb*sd, cc*sb*sd, cd*ca*sd, sc*ca*sd, cb*ca*sd, cc*ca*sd, sc*cd*sd, cb*cd*sd, sc**2*sd, cb*sc*sd, cc*sc*sd, cc*cb*sd, sa**3, sb*sa**2, ca*sa**2, cd*sa**2, sc*sa**2, cb*sa**2, cc*sa**2, sb**2*sa, ca*sb*sa, cd*sb*sa, sc*sb*sa, cb*sb*sa, cc*sb*sa, cd*ca*sa, sc*ca*sa, cb*ca*sa, cc*ca*sa, sc*cd*sa, cb*cd*sa, sc**2*sa, cb*sc*sa, cc*sc*sa, cc*cb*sa, sb**3, ca*sb**2, cd*sb**2, sc*sb**2, cb*sb**2, cc*sb**2, cd*ca*sb, sc*ca*sb, cb*ca*sb, cc*ca*sb, sc*cd*sb, cb*cd*sb, sc**2*sb, cb*sc*sb, cc*sc*sb, cc*cb*sb, sc*cd*ca, cb*cd*ca, sc**2*ca, cb*sc*ca, cc*sc*ca, cc*cb*ca, sc**2*cd, cb*sc*cd, sc**3, cb*sc**2, cc*sc**2, cc*cb*sc, sd**4, sa*sd**3, sb*sd**3, ca*sd**3, cd*sd**3, sc*sd**3, cb*sd**3, cc*sd**3, sa**2*sd**2, sb*sa*sd**2, ca*sa*sd**2, cd*sa*sd**2, sc*sa*sd**2, cb*sa*sd**2, cc*sa*sd**2, sb**2*sd**2;['cc', 'cb', 'sc', 'cd', 'ca', 'sb', 'sa', 'sd']
749;cb;cb_sc_ca_sb_cc_sd_cd_sa;2854.602765845135;6582;1458.75390625;sd**2, sc*sd, ca**2, sc**2, cb**2, sb*sd*sa, ca*sd*sa, cb*sd*sa, cc**2*sa, sb*cc*sa, ca*cc*sa, sc*cc*sa, cb*cc*sa, sb**2*sa, ca*sb*sa, sc*sb*sa, cb*sb*sa, sc*ca*sa, cb*ca*sa, cb*sc*sa, cd**3, sd*cd**2, cc*cd**2, sb*cd**2, ca*cd**2, sc*cd**2, cb*cd**2, cc*sd*cd, sb*sd*cd, ca*sd*cd, cb*sd*cd, cc**2*cd, sb*cc*cd, ca*cc*cd, sc*cc*cd, cb*cc*cd, sb**2*cd, ca*sb*cd, sc*sb*cd, cb*sb*cd, sc*ca*cd, cb*ca*cd, cb*sc*cd, cc**2*sd, sb*cc*sd, ca*cc*sd, cb*cc*sd, sb**2*sd, ca*sb*sd, cb*sb*sd, cb*ca*sd, cc**3, sb*cc**2, ca*cc**2, sc*cc**2, cb*cc**2, sb**2*cc, ca*sb*cc, sc*sb*cc, cb*sb*cc, sc*ca*cc, cb*ca*cc, cb*sc*cc, sb**3, ca*sb**2, sc*sb**2, cb*sb**2, sc*ca*sb, cb*ca*sb, cb*sc*sb, cb*sc*ca, sa**4, cd*sa**3, sd*sa**3, cc*sa**3, sb*sa**3, ca*sa**3, sc*sa**3, cb*sa**3, cd**2*sa**2, sd*cd*sa**2, cc*cd*sa**2, sb*cd*sa**2, ca*cd*sa**2, sc*cd*sa**2, cb*cd*sa**2, cc*sd*sa**2;['cb', 'sc', 'ca', 'sb', 'cc', 'sd', 'cd', 'sa']
750;cc;cc_sc_cd_sb_sd_sa_cb_ca;455.26566108013503;5405;1458.75390625;sa**2, sb**2, cd**2, cc*cd, cc**2, sb*sa*ca, cd*sa*ca, sc*sa*ca, cc*sa*ca, sd**2*ca, sb*sd*ca, cd*sd*ca, sc*sd*ca, cc*sd*ca, cd*sb*ca, sc*sb*ca, cc*sb*ca, sc*cd*ca, sc**2*ca, cc*sc*ca, cb**3, sa*cb**2, sd*cb**2, sb*cb**2, cd*cb**2, sc*cb**2, cc*cb**2, sd*sa*cb, sb*sa*cb, cd*sa*cb, sc*sa*cb, cc*sa*cb, sd**2*cb, sb*sd*cb, cd*sd*cb, sc*sd*cb, cc*sd*cb, cd*sb*cb, sc*sb*cb, cc*sb*cb, sc*cd*cb, sc**2*cb, cc*sc*cb, sd**2*sa, sb*sd*sa, cd*sd*sa, sc*sd*sa, cc*sd*sa, cd*sb*sa, sc*sb*sa, cc*sb*sa, sc*cd*sa, sc**2*sa, cc*sc*sa, sd**3, sb*sd**2, cd*sd**2, sc*sd**2, cc*sd**2, cd*sb*sd, sc*sb*sd, cc*sb*sd, sc*cd*sd, sc**2*sd, cc*sc*sd, sc*cd*sb, sc**2*sb, cc*sc*sb, sc**2*cd, sc**3, cc*sc**2, ca**4, cb*ca**3, sa*ca**3, sd*ca**3, sb*ca**3, cd*ca**3, sc*ca**3, cc*ca**3, cb**2*ca**2, sa*cb*ca**2, sd*cb*ca**2, sb*cb*ca**2, cd*cb*ca**2, sc*cb*ca**2, cc*cb*ca**2, sd*sa*ca**2;['cc', 'sc', 'cd', 'sb', 'sd', 'sa', 'cb', 'ca']
